"filename", "language", "Markdown", "JSON with Comments", "JSON", "MS SQL", "YAML", "HTML", "TypeScript", "Python", "Batch", "PowerShell", "Properties", "C++", "Makefile", "JavaScript", "XML", "TypeScript JSX", "Groovy", "Shell Script", "Ini", "PostCSS", "JavaScript JSX", "pip requirements", "Svelte", "toml", "JSON Lines", "WebAssembly Text Format", "Rust", "reStructuredText", "TeX", "C", "TSV", "Ruby", "SCSS", "Java", "CSV", "Docker", "R", "Go", "comment", "blank", "total"
"c:\Users\Marlowe\Desktop\ProjectBible\.devcontainer\devcontainer.json", "JSON with Comments", 0, 18, 0, 0, 0, 0, 0, 0, 0, 0, 0, 0, 0, 0, 0, 0, 0, 0, 0, 0, 0, 0, 0, 0, 0, 0, 0, 0, 0, 0, 0, 0, 0, 0, 0, 0, 0, 0, 0, 1, 19
"c:\Users\Marlowe\Desktop\ProjectBible\.github\workflows\deploy-pwa.yml", "YAML", 0, 0, 0, 0, 39, 0, 0, 0, 0, 0, 0, 0, 0, 0, 0, 0, 0, 0, 0, 0, 0, 0, 0, 0, 0, 0, 0, 0, 0, 0, 0, 0, 0, 0, 0, 0, 0, 0, 0, 10, 49
"c:\Users\Marlowe\Desktop\ProjectBible\.venv\Lib\site-packages\_distutils_hack\__init__.py", "Python", 0, 0, 0, 0, 0, 0, 0, 127, 0, 0, 0, 0, 0, 0, 0, 0, 0, 0, 0, 0, 0, 0, 0, 0, 0, 0, 0, 0, 0, 0, 0, 0, 0, 0, 0, 0, 0, 0, 46, 50, 223
"c:\Users\Marlowe\Desktop\ProjectBible\.venv\Lib\site-packages\_distutils_hack\override.py", "Python", 0, 0, 0, 0, 0, 0, 0, 1, 0, 0, 0, 0, 0, 0, 0, 0, 0, 0, 0, 0, 0, 0, 0, 0, 0, 0, 0, 0, 0, 0, 0, 0, 0, 0, 0, 0, 0, 0, 0, 1, 2
"c:\Users\Marlowe\Desktop\ProjectBible\.venv\Lib\site-packages\pip\__init__.py", "Python", 0, 0, 0, 0, 0, 0, 0, 5, 0, 0, 0, 0, 0, 0, 0, 0, 0, 0, 0, 0, 0, 0, 0, 0, 0, 0, 0, 0, 0, 0, 0, 0, 0, 0, 0, 0, 0, 0, 4, 5, 14
"c:\Users\Marlowe\Desktop\ProjectBible\.venv\Lib\site-packages\pip\__main__.py", "Python", 0, 0, 0, 0, 0, 0, 0, 10, 0, 0, 0, 0, 0, 0, 0, 0, 0, 0, 0, 0, 0, 0, 0, 0, 0, 0, 0, 0, 0, 0, 0, 0, 0, 0, 0, 0, 0, 0, 10, 5, 25
"c:\Users\Marlowe\Desktop\ProjectBible\.venv\Lib\site-packages\pip\__pip-runner__.py", "Python", 0, 0, 0, 0, 0, 0, 0, 25, 0, 0, 0, 0, 0, 0, 0, 0, 0, 0, 0, 0, 0, 0, 0, 0, 0, 0, 0, 0, 0, 0, 0, 0, 0, 0, 0, 0, 0, 0, 9, 17, 51
"c:\Users\Marlowe\Desktop\ProjectBible\.venv\Lib\site-packages\pip\_internal\__init__.py", "Python", 0, 0, 0, 0, 0, 0, 0, 6, 0, 0, 0, 0, 0, 0, 0, 0, 0, 0, 0, 0, 0, 0, 0, 0, 0, 0, 0, 0, 0, 0, 0, 0, 0, 0, 0, 0, 0, 0, 7, 6, 19
"c:\Users\Marlowe\Desktop\ProjectBible\.venv\Lib\site-packages\pip\_internal\build_env.py", "Python", 0, 0, 0, 0, 0, 0, 0, 224, 0, 0, 0, 0, 0, 0, 0, 0, 0, 0, 0, 0, 0, 0, 0, 0, 0, 0, 0, 0, 0, 0, 0, 0, 0, 0, 0, 0, 0, 0, 59, 40, 323
"c:\Users\Marlowe\Desktop\ProjectBible\.venv\Lib\site-packages\pip\_internal\cache.py", "Python", 0, 0, 0, 0, 0, 0, 0, 189, 0, 0, 0, 0, 0, 0, 0, 0, 0, 0, 0, 0, 0, 0, 0, 0, 0, 0, 0, 0, 0, 0, 0, 0, 0, 0, 0, 0, 0, 0, 56, 46, 291
"c:\Users\Marlowe\Desktop\ProjectBible\.venv\Lib\site-packages\pip\_internal\cli\__init__.py", "Python", 0, 0, 0, 0, 0, 0, 0, 0, 0, 0, 0, 0, 0, 0, 0, 0, 0, 0, 0, 0, 0, 0, 0, 0, 0, 0, 0, 0, 0, 0, 0, 0, 0, 0, 0, 0, 0, 0, 3, 2, 5
"c:\Users\Marlowe\Desktop\ProjectBible\.venv\Lib\site-packages\pip\_internal\cli\autocompletion.py", "Python", 0, 0, 0, 0, 0, 0, 0, 121, 0, 0, 0, 0, 0, 0, 0, 0, 0, 0, 0, 0, 0, 0, 0, 0, 0, 0, 0, 0, 0, 0, 0, 0, 0, 0, 0, 0, 0, 0, 39, 17, 177
"c:\Users\Marlowe\Desktop\ProjectBible\.venv\Lib\site-packages\pip\_internal\cli\base_command.py", "Python", 0, 0, 0, 0, 0, 0, 0, 172, 0, 0, 0, 0, 0, 0, 0, 0, 0, 0, 0, 0, 0, 0, 0, 0, 0, 0, 0, 0, 0, 0, 0, 0, 0, 0, 0, 0, 0, 0, 27, 42, 241
"c:\Users\Marlowe\Desktop\ProjectBible\.venv\Lib\site-packages\pip\_internal\cli\cmdoptions.py", "Python", 0, 0, 0, 0, 0, 0, 0, 835, 0, 0, 0, 0, 0, 0, 0, 0, 0, 0, 0, 0, 0, 0, 0, 0, 0, 0, 0, 0, 0, 0, 0, 0, 0, 0, 0, 0, 0, 0, 93, 148, 1076
"c:\Users\Marlowe\Desktop\ProjectBible\.venv\Lib\site-packages\pip\_internal\cli\command_context.py", "Python", 0, 0, 0, 0, 0, 0, 0, 20, 0, 0, 0, 0, 0, 0, 0, 0, 0, 0, 0, 0, 0, 0, 0, 0, 0, 0, 0, 0, 0, 0, 0, 0, 0, 0, 0, 0, 0, 0, 0, 8, 28
"c:\Users\Marlowe\Desktop\ProjectBible\.venv\Lib\site-packages\pip\_internal\cli\index_command.py", "Python", 0, 0, 0, 0, 0, 0, 0, 104, 0, 0, 0, 0, 0, 0, 0, 0, 0, 0, 0, 0, 0, 0, 0, 0, 0, 0, 0, 0, 0, 0, 0, 0, 0, 0, 0, 0, 0, 0, 33, 35, 172
"c:\Users\Marlowe\Desktop\ProjectBible\.venv\Lib\site-packages\pip\_internal\cli\main.py", "Python", 0, 0, 0, 0, 0, 0, 0, 32, 0, 0, 0, 0, 0, 0, 0, 0, 0, 0, 0, 0, 0, 0, 0, 0, 0, 0, 0, 0, 0, 0, 0, 0, 0, 0, 0, 0, 0, 0, 32, 17, 81
"c:\Users\Marlowe\Desktop\ProjectBible\.venv\Lib\site-packages\pip\_internal\cli\main_parser.py", "Python", 0, 0, 0, 0, 0, 0, 0, 79, 0, 0, 0, 0, 0, 0, 0, 0, 0, 0, 0, 0, 0, 0, 0, 0, 0, 0, 0, 0, 0, 0, 0, 0, 0, 0, 0, 0, 0, 0, 27, 29, 135
"c:\Users\Marlowe\Desktop\ProjectBible\.venv\Lib\site-packages\pip\_internal\cli\parser.py", "Python", 0, 0, 0, 0, 0, 0, 0, 196, 0, 0, 0, 0, 0, 0, 0, 0, 0, 0, 0, 0, 0, 0, 0, 0, 0, 0, 0, 0, 0, 0, 0, 0, 0, 0, 0, 0, 0, 0, 49, 50, 295
"c:\Users\Marlowe\Desktop\ProjectBible\.venv\Lib\site-packages\pip\_internal\cli\progress_bars.py", "Python", 0, 0, 0, 0, 0, 0, 0, 77, 0, 0, 0, 0, 0, 0, 0, 0, 0, 0, 0, 0, 0, 0, 0, 0, 0, 0, 0, 0, 0, 0, 0, 0, 0, 0, 0, 0, 0, 0, 4, 14, 95
"c:\Users\Marlowe\Desktop\ProjectBible\.venv\Lib\site-packages\pip\_internal\cli\req_command.py", "Python", 0, 0, 0, 0, 0, 0, 0, 260, 0, 0, 0, 0, 0, 0, 0, 0, 0, 0, 0, 0, 0, 0, 0, 0, 0, 0, 0, 0, 0, 0, 0, 0, 0, 0, 0, 0, 0, 0, 37, 33, 330
"c:\Users\Marlowe\Desktop\ProjectBible\.venv\Lib\site-packages\pip\_internal\cli\spinners.py", "Python", 0, 0, 0, 0, 0, 0, 0, 114, 0, 0, 0, 0, 0, 0, 0, 0, 0, 0, 0, 0, 0, 0, 0, 0, 0, 0, 0, 0, 0, 0, 0, 0, 0, 0, 0, 0, 0, 0, 18, 28, 160
"c:\Users\Marlowe\Desktop\ProjectBible\.venv\Lib\site-packages\pip\_internal\cli\status_codes.py", "Python", 0, 0, 0, 0, 0, 0, 0, 6, 0, 0, 0, 0, 0, 0, 0, 0, 0, 0, 0, 0, 0, 0, 0, 0, 0, 0, 0, 0, 0, 0, 0, 0, 0, 0, 0, 0, 0, 0, 0, 1, 7
"c:\Users\Marlowe\Desktop\ProjectBible\.venv\Lib\site-packages\pip\_internal\commands\__init__.py", "Python", 0, 0, 0, 0, 0, 0, 0, 106, 0, 0, 0, 0, 0, 0, 0, 0, 0, 0, 0, 0, 0, 0, 0, 0, 0, 0, 0, 0, 0, 0, 0, 0, 0, 0, 0, 0, 0, 0, 14, 13, 133
"c:\Users\Marlowe\Desktop\ProjectBible\.venv\Lib\site-packages\pip\_internal\commands\cache.py", "Python", 0, 0, 0, 0, 0, 0, 0, 148, 0, 0, 0, 0, 0, 0, 0, 0, 0, 0, 0, 0, 0, 0, 0, 0, 0, 0, 0, 0, 0, 0, 0, 0, 0, 0, 0, 0, 0, 0, 41, 40, 229
"c:\Users\Marlowe\Desktop\ProjectBible\.venv\Lib\site-packages\pip\_internal\commands\check.py", "Python", 0, 0, 0, 0, 0, 0, 0, 58, 0, 0, 0, 0, 0, 0, 0, 0, 0, 0, 0, 0, 0, 0, 0, 0, 0, 0, 0, 0, 0, 0, 0, 0, 0, 0, 0, 0, 0, 0, 1, 9, 68
"c:\Users\Marlowe\Desktop\ProjectBible\.venv\Lib\site-packages\pip\_internal\commands\completion.py", "Python", 0, 0, 0, 0, 0, 0, 0, 113, 0, 0, 0, 0, 0, 0, 0, 0, 0, 0, 0, 0, 0, 0, 0, 0, 0, 0, 0, 0, 0, 0, 0, 0, 0, 0, 0, 0, 0, 0, 15, 3, 131
"c:\Users\Marlowe\Desktop\ProjectBible\.venv\Lib\site-packages\pip\_internal\commands\configuration.py", "Python", 0, 0, 0, 0, 0, 0, 0, 202, 0, 0, 0, 0, 0, 0, 0, 0, 0, 0, 0, 0, 0, 0, 0, 0, 0, 0, 0, 0, 0, 0, 0, 0, 0, 0, 0, 0, 0, 0, 39, 40, 281
"c:\Users\Marlowe\Desktop\ProjectBible\.venv\Lib\site-packages\pip\_internal\commands\debug.py", "Python", 0, 0, 0, 0, 0, 0, 0, 143, 0, 0, 0, 0, 0, 0, 0, 0, 0, 0, 0, 0, 0, 0, 0, 0, 0, 0, 0, 0, 0, 0, 0, 0, 0, 0, 0, 0, 0, 0, 15, 44, 202
"c:\Users\Marlowe\Desktop\ProjectBible\.venv\Lib\site-packages\pip\_internal\commands\download.py", "Python", 0, 0, 0, 0, 0, 0, 0, 107, 0, 0, 0, 0, 0, 0, 0, 0, 0, 0, 0, 0, 0, 0, 0, 0, 0, 0, 0, 0, 0, 0, 0, 0, 0, 0, 0, 0, 0, 0, 13, 27, 147
"c:\Users\Marlowe\Desktop\ProjectBible\.venv\Lib\site-packages\pip\_internal\commands\freeze.py", "Python", 0, 0, 0, 0, 0, 0, 0, 88, 0, 0, 0, 0, 0, 0, 0, 0, 0, 0, 0, 0, 0, 0, 0, 0, 0, 0, 0, 0, 0, 0, 0, 0, 0, 0, 0, 0, 0, 0, 5, 17, 110
"c:\Users\Marlowe\Desktop\ProjectBible\.venv\Lib\site-packages\pip\_internal\commands\hash.py", "Python", 0, 0, 0, 0, 0, 0, 0, 42, 0, 0, 0, 0, 0, 0, 0, 0, 0, 0, 0, 0, 0, 0, 0, 0, 0, 0, 0, 0, 0, 0, 0, 0, 0, 0, 0, 0, 0, 0, 7, 11, 60
"c:\Users\Marlowe\Desktop\ProjectBible\.venv\Lib\site-packages\pip\_internal\commands\help.py", "Python", 0, 0, 0, 0, 0, 0, 0, 28, 0, 0, 0, 0, 0, 0, 0, 0, 0, 0, 0, 0, 0, 0, 0, 0, 0, 0, 0, 0, 0, 0, 0, 0, 0, 0, 0, 0, 0, 0, 2, 12, 42
"c:\Users\Marlowe\Desktop\ProjectBible\.venv\Lib\site-packages\pip\_internal\commands\index.py", "Python", 0, 0, 0, 0, 0, 0, 0, 102, 0, 0, 0, 0, 0, 0, 0, 0, 0, 0, 0, 0, 0, 0, 0, 0, 0, 0, 0, 0, 0, 0, 0, 0, 0, 0, 0, 0, 0, 0, 10, 28, 140
"c:\Users\Marlowe\Desktop\ProjectBible\.venv\Lib\site-packages\pip\_internal\commands\inspect.py", "Python", 0, 0, 0, 0, 0, 0, 0, 74, 0, 0, 0, 0, 0, 0, 0, 0, 0, 0, 0, 0, 0, 0, 0, 0, 0, 0, 0, 0, 0, 0, 0, 0, 0, 0, 0, 0, 0, 0, 9, 10, 93
"c:\Users\Marlowe\Desktop\ProjectBible\.venv\Lib\site-packages\pip\_internal\commands\install.py", "Python", 0, 0, 0, 0, 0, 0, 0, 631, 0, 0, 0, 0, 0, 0, 0, 0, 0, 0, 0, 0, 0, 0, 0, 0, 0, 0, 0, 0, 0, 0, 0, 0, 0, 0, 0, 0, 0, 0, 65, 89, 785
"c:\Users\Marlowe\Desktop\ProjectBible\.venv\Lib\site-packages\pip\_internal\commands\list.py", "Python", 0, 0, 0, 0, 0, 0, 0, 288, 0, 0, 0, 0, 0, 0, 0, 0, 0, 0, 0, 0, 0, 0, 0, 0, 0, 0, 0, 0, 0, 0, 0, 0, 0, 0, 0, 0, 0, 0, 31, 57, 376
"c:\Users\Marlowe\Desktop\ProjectBible\.venv\Lib\site-packages\pip\_internal\commands\search.py", "Python", 0, 0, 0, 0, 0, 0, 0, 134, 0, 0, 0, 0, 0, 0, 0, 0, 0, 0, 0, 0, 0, 0, 0, 0, 0, 0, 0, 0, 0, 0, 0, 0, 0, 0, 0, 0, 0, 0, 8, 31, 173
"c:\Users\Marlowe\Desktop\ProjectBible\.venv\Lib\site-packages\pip\_internal\commands\show.py", "Python", 0, 0, 0, 0, 0, 0, 0, 176, 0, 0, 0, 0, 0, 0, 0, 0, 0, 0, 0, 0, 0, 0, 0, 0, 0, 0, 0, 0, 0, 0, 0, 0, 0, 0, 0, 0, 0, 0, 19, 30, 225
"c:\Users\Marlowe\Desktop\ProjectBible\.venv\Lib\site-packages\pip\_internal\commands\uninstall.py", "Python", 0, 0, 0, 0, 0, 0, 0, 93, 0, 0, 0, 0, 0, 0, 0, 0, 0, 0, 0, 0, 0, 0, 0, 0, 0, 0, 0, 0, 0, 0, 0, 0, 0, 0, 0, 0, 0, 0, 9, 13, 115
"c:\Users\Marlowe\Desktop\ProjectBible\.venv\Lib\site-packages\pip\_internal\commands\wheel.py", "Python", 0, 0, 0, 0, 0, 0, 0, 142, 0, 0, 0, 0, 0, 0, 0, 0, 0, 0, 0, 0, 0, 0, 0, 0, 0, 0, 0, 0, 0, 0, 0, 0, 0, 0, 0, 0, 0, 0, 13, 28, 183
"c:\Users\Marlowe\Desktop\ProjectBible\.venv\Lib\site-packages\pip\_internal\configuration.py", "Python", 0, 0, 0, 0, 0, 0, 0, 233, 0, 0, 0, 0, 0, 0, 0, 0, 0, 0, 0, 0, 0, 0, 0, 0, 0, 0, 0, 0, 0, 0, 0, 0, 0, 0, 0, 0, 0, 0, 85, 66, 384
"c:\Users\Marlowe\Desktop\ProjectBible\.venv\Lib\site-packages\pip\_internal\distributions\__init__.py", "Python", 0, 0, 0, 0, 0, 0, 0, 12, 0, 0, 0, 0, 0, 0, 0, 0, 0, 0, 0, 0, 0, 0, 0, 0, 0, 0, 0, 0, 0, 0, 0, 0, 0, 0, 0, 0, 0, 0, 5, 5, 22
"c:\Users\Marlowe\Desktop\ProjectBible\.venv\Lib\site-packages\pip\_internal\distributions\base.py", "Python", 0, 0, 0, 0, 0, 0, 0, 24, 0, 0, 0, 0, 0, 0, 0, 0, 0, 0, 0, 0, 0, 0, 0, 0, 0, 0, 0, 0, 0, 0, 0, 0, 0, 0, 0, 0, 0, 0, 21, 9, 54
"c:\Users\Marlowe\Desktop\ProjectBible\.venv\Lib\site-packages\pip\_internal\distributions\installed.py", "Python", 0, 0, 0, 0, 0, 0, 0, 18, 0, 0, 0, 0, 0, 0, 0, 0, 0, 0, 0, 0, 0, 0, 0, 0, 0, 0, 0, 0, 0, 0, 0, 0, 0, 0, 0, 0, 0, 0, 5, 7, 30
"c:\Users\Marlowe\Desktop\ProjectBible\.venv\Lib\site-packages\pip\_internal\distributions\sdist.py", "Python", 0, 0, 0, 0, 0, 0, 0, 118, 0, 0, 0, 0, 0, 0, 0, 0, 0, 0, 0, 0, 0, 0, 0, 0, 0, 0, 0, 0, 0, 0, 0, 0, 0, 0, 0, 0, 0, 0, 24, 17, 159
"c:\Users\Marlowe\Desktop\ProjectBible\.venv\Lib\site-packages\pip\_internal\distributions\wheel.py", "Python", 0, 0, 0, 0, 0, 0, 0, 26, 0, 0, 0, 0, 0, 0, 0, 0, 0, 0, 0, 0, 0, 0, 0, 0, 0, 0, 0, 0, 0, 0, 0, 0, 0, 0, 0, 0, 0, 0, 8, 9, 43
"c:\Users\Marlowe\Desktop\ProjectBible\.venv\Lib\site-packages\pip\_internal\exceptions.py", "Python", 0, 0, 0, 0, 0, 0, 0, 389, 0, 0, 0, 0, 0, 0, 0, 0, 0, 0, 0, 0, 0, 0, 0, 0, 0, 0, 0, 0, 0, 0, 0, 0, 0, 0, 0, 0, 0, 0, 283, 138, 810
"c:\Users\Marlowe\Desktop\ProjectBible\.venv\Lib\site-packages\pip\_internal\index\__init__.py", "Python", 0, 0, 0, 0, 0, 0, 0, 0, 0, 0, 0, 0, 0, 0, 0, 0, 0, 0, 0, 0, 0, 0, 0, 0, 0, 0, 0, 0, 0, 0, 0, 0, 0, 0, 0, 0, 0, 0, 2, 1, 3
"c:\Users\Marlowe\Desktop\ProjectBible\.venv\Lib\site-packages\pip\_internal\index\collector.py", "Python", 0, 0, 0, 0, 0, 0, 0, 321, 0, 0, 0, 0, 0, 0, 0, 0, 0, 0, 0, 0, 0, 0, 0, 0, 0, 0, 0, 0, 0, 0, 0, 0, 0, 0, 0, 0, 0, 0, 96, 78, 495
"c:\Users\Marlowe\Desktop\ProjectBible\.venv\Lib\site-packages\pip\_internal\index\package_finder.py", "Python", 0, 0, 0, 0, 0, 0, 0, 663, 0, 0, 0, 0, 0, 0, 0, 0, 0, 0, 0, 0, 0, 0, 0, 0, 0, 0, 0, 0, 0, 0, 0, 0, 0, 0, 0, 0, 0, 0, 246, 121, 1030
"c:\Users\Marlowe\Desktop\ProjectBible\.venv\Lib\site-packages\pip\_internal\index\sources.py", "Python", 0, 0, 0, 0, 0, 0, 0, 196, 0, 0, 0, 0, 0, 0, 0, 0, 0, 0, 0, 0, 0, 0, 0, 0, 0, 0, 0, 0, 0, 0, 0, 0, 0, 0, 0, 0, 0, 0, 37, 52, 285
"c:\Users\Marlowe\Desktop\ProjectBible\.venv\Lib\site-packages\pip\_internal\locations\__init__.py", "Python", 0, 0, 0, 0, 0, 0, 0, 295, 0, 0, 0, 0, 0, 0, 0, 0, 0, 0, 0, 0, 0, 0, 0, 0, 0, 0, 0, 0, 0, 0, 0, 0, 0, 0, 0, 0, 0, 0, 86, 76, 457
"c:\Users\Marlowe\Desktop\ProjectBible\.venv\Lib\site-packages\pip\_internal\locations\_distutils.py", "Python", 0, 0, 0, 0, 0, 0, 0, 107, 0, 0, 0, 0, 0, 0, 0, 0, 0, 0, 0, 0, 0, 0, 0, 0, 0, 0, 0, 0, 0, 0, 0, 0, 0, 0, 0, 0, 0, 0, 42, 24, 173
"c:\Users\Marlowe\Desktop\ProjectBible\.venv\Lib\site-packages\pip\_internal\locations\_sysconfig.py", "Python", 0, 0, 0, 0, 0, 0, 0, 120, 0, 0, 0, 0, 0, 0, 0, 0, 0, 0, 0, 0, 0, 0, 0, 0, 0, 0, 0, 0, 0, 0, 0, 0, 0, 0, 0, 0, 0, 0, 63, 32, 215
"c:\Users\Marlowe\Desktop\ProjectBible\.venv\Lib\site-packages\pip\_internal\locations\base.py", "Python", 0, 0, 0, 0, 0, 0, 0, 45, 0, 0, 0, 0, 0, 0, 0, 0, 0, 0, 0, 0, 0, 0, 0, 0, 0, 0, 0, 0, 0, 0, 0, 0, 0, 0, 0, 0, 0, 0, 20, 17, 82
"c:\Users\Marlowe\Desktop\ProjectBible\.venv\Lib\site-packages\pip\_internal\main.py", "Python", 0, 0, 0, 0, 0, 0, 0, 4, 0, 0, 0, 0, 0, 0, 0, 0, 0, 0, 0, 0, 0, 0, 0, 0, 0, 0, 0, 0, 0, 0, 0, 0, 0, 0, 0, 0, 0, 0, 5, 4, 13
"c:\Users\Marlowe\Desktop\ProjectBible\.venv\Lib\site-packages\pip\_internal\metadata\__init__.py", "Python", 0, 0, 0, 0, 0, 0, 0, 58, 0, 0, 0, 0, 0, 0, 0, 0, 0, 0, 0, 0, 0, 0, 0, 0, 0, 0, 0, 0, 0, 0, 0, 0, 0, 0, 0, 0, 0, 0, 47, 24, 129
"c:\Users\Marlowe\Desktop\ProjectBible\.venv\Lib\site-packages\pip\_internal\metadata\_json.py", "Python", 0, 0, 0, 0, 0, 0, 0, 69, 0, 0, 0, 0, 0, 0, 0, 0, 0, 0, 0, 0, 0, 0, 0, 0, 0, 0, 0, 0, 0, 0, 0, 0, 0, 0, 0, 0, 0, 0, 7, 11, 87
"c:\Users\Marlowe\Desktop\ProjectBible\.venv\Lib\site-packages\pip\_internal\metadata\base.py", "Python", 0, 0, 0, 0, 0, 0, 0, 373, 0, 0, 0, 0, 0, 0, 0, 0, 0, 0, 0, 0, 0, 0, 0, 0, 0, 0, 0, 0, 0, 0, 0, 0, 0, 0, 0, 0, 0, 0, 240, 76, 689
"c:\Users\Marlowe\Desktop\ProjectBible\.venv\Lib\site-packages\pip\_internal\metadata\importlib\__init__.py", "Python", 0, 0, 0, 0, 0, 0, 0, 4, 0, 0, 0, 0, 0, 0, 0, 0, 0, 0, 0, 0, 0, 0, 0, 0, 0, 0, 0, 0, 0, 0, 0, 0, 0, 0, 0, 0, 0, 0, 0, 3, 7
"c:\Users\Marlowe\Desktop\ProjectBible\.venv\Lib\site-packages\pip\_internal\metadata\importlib\_compat.py", "Python", 0, 0, 0, 0, 0, 0, 0, 41, 0, 0, 0, 0, 0, 0, 0, 0, 0, 0, 0, 0, 0, 0, 0, 0, 0, 0, 0, 0, 0, 0, 0, 0, 0, 0, 0, 0, 0, 0, 26, 19, 86
"c:\Users\Marlowe\Desktop\ProjectBible\.venv\Lib\site-packages\pip\_internal\metadata\importlib\_dists.py", "Python", 0, 0, 0, 0, 0, 0, 0, 175, 0, 0, 0, 0, 0, 0, 0, 0, 0, 0, 0, 0, 0, 0, 0, 0, 0, 0, 0, 0, 0, 0, 0, 0, 0, 0, 0, 0, 0, 0, 25, 29, 229
"c:\Users\Marlowe\Desktop\ProjectBible\.venv\Lib\site-packages\pip\_internal\metadata\importlib\_envs.py", "Python", 0, 0, 0, 0, 0, 0, 0, 123, 0, 0, 0, 0, 0, 0, 0, 0, 0, 0, 0, 0, 0, 0, 0, 0, 0, 0, 0, 0, 0, 0, 0, 0, 0, 0, 0, 0, 0, 0, 38, 29, 190
"c:\Users\Marlowe\Desktop\ProjectBible\.venv\Lib\site-packages\pip\_internal\metadata\pkg_resources.py", "Python", 0, 0, 0, 0, 0, 0, 0, 220, 0, 0, 0, 0, 0, 0, 0, 0, 0, 0, 0, 0, 0, 0, 0, 0, 0, 0, 0, 0, 0, 0, 0, 0, 0, 0, 0, 0, 0, 0, 32, 50, 302
"c:\Users\Marlowe\Desktop\ProjectBible\.venv\Lib\site-packages\pip\_internal\models\__init__.py", "Python", 0, 0, 0, 0, 0, 0, 0, 0, 0, 0, 0, 0, 0, 0, 0, 0, 0, 0, 0, 0, 0, 0, 0, 0, 0, 0, 0, 0, 0, 0, 0, 0, 0, 0, 0, 0, 0, 0, 2, 1, 3
"c:\Users\Marlowe\Desktop\ProjectBible\.venv\Lib\site-packages\pip\_internal\models\candidate.py", "Python", 0, 0, 0, 0, 0, 0, 0, 16, 0, 0, 0, 0, 0, 0, 0, 0, 0, 0, 0, 0, 0, 0, 0, 0, 0, 0, 0, 0, 0, 0, 0, 0, 0, 0, 0, 0, 0, 0, 1, 9, 26
"c:\Users\Marlowe\Desktop\ProjectBible\.venv\Lib\site-packages\pip\_internal\models\direct_url.py", "Python", 0, 0, 0, 0, 0, 0, 0, 171, 0, 0, 0, 0, 0, 0, 0, 0, 0, 0, 0, 0, 0, 0, 0, 0, 0, 0, 0, 0, 0, 0, 0, 0, 0, 0, 0, 0, 0, 0, 10, 44, 225
"c:\Users\Marlowe\Desktop\ProjectBible\.venv\Lib\site-packages\pip\_internal\models\format_control.py", "Python", 0, 0, 0, 0, 0, 0, 0, 62, 0, 0, 0, 0, 0, 0, 0, 0, 0, 0, 0, 0, 0, 0, 0, 0, 0, 0, 0, 0, 0, 0, 0, 0, 0, 0, 0, 0, 0, 0, 2, 15, 79
"c:\Users\Marlowe\Desktop\ProjectBible\.venv\Lib\site-packages\pip\_internal\models\index.py", "Python", 0, 0, 0, 0, 0, 0, 0, 16, 0, 0, 0, 0, 0, 0, 0, 0, 0, 0, 0, 0, 0, 0, 0, 0, 0, 0, 0, 0, 0, 0, 0, 0, 0, 0, 0, 0, 0, 0, 4, 9, 29
"c:\Users\Marlowe\Desktop\ProjectBible\.venv\Lib\site-packages\pip\_internal\models\installation_report.py", "Python", 0, 0, 0, 0, 0, 0, 0, 29, 0, 0, 0, 0, 0, 0, 0, 0, 0, 0, 0, 0, 0, 0, 0, 0, 0, 0, 0, 0, 0, 0, 0, 0, 0, 0, 0, 0, 0, 0, 21, 7, 57
"c:\Users\Marlowe\Desktop\ProjectBible\.venv\Lib\site-packages\pip\_internal\models\link.py", "Python", 0, 0, 0, 0, 0, 0, 0, 357, 0, 0, 0, 0, 0, 0, 0, 0, 0, 0, 0, 0, 0, 0, 0, 0, 0, 0, 0, 0, 0, 0, 0, 0, 0, 0, 0, 0, 0, 0, 150, 98, 605
"c:\Users\Marlowe\Desktop\ProjectBible\.venv\Lib\site-packages\pip\_internal\models\scheme.py", "Python", 0, 0, 0, 0, 0, 0, 0, 10, 0, 0, 0, 0, 0, 0, 0, 0, 0, 0, 0, 0, 0, 0, 0, 0, 0, 0, 0, 0, 0, 0, 0, 0, 0, 0, 0, 0, 0, 0, 9, 7, 26
"c:\Users\Marlowe\Desktop\ProjectBible\.venv\Lib\site-packages\pip\_internal\models\search_scope.py", "Python", 0, 0, 0, 0, 0, 0, 0, 79, 0, 0, 0, 0, 0, 0, 0, 0, 0, 0, 0, 0, 0, 0, 0, 0, 0, 0, 0, 0, 0, 0, 0, 0, 0, 0, 0, 0, 0, 0, 29, 20, 128
"c:\Users\Marlowe\Desktop\ProjectBible\.venv\Lib\site-packages\pip\_internal\models\selection_prefs.py", "Python", 0, 0, 0, 0, 0, 0, 0, 25, 0, 0, 0, 0, 0, 0, 0, 0, 0, 0, 0, 0, 0, 0, 0, 0, 0, 0, 0, 0, 0, 0, 0, 0, 0, 0, 0, 0, 0, 0, 22, 7, 54
"c:\Users\Marlowe\Desktop\ProjectBible\.venv\Lib\site-packages\pip\_internal\models\target_python.py", "Python", 0, 0, 0, 0, 0, 0, 0, 70, 0, 0, 0, 0, 0, 0, 0, 0, 0, 0, 0, 0, 0, 0, 0, 0, 0, 0, 0, 0, 0, 0, 0, 0, 0, 0, 0, 0, 0, 0, 34, 18, 122
"c:\Users\Marlowe\Desktop\ProjectBible\.venv\Lib\site-packages\pip\_internal\models\wheel.py", "Python", 0, 0, 0, 0, 0, 0, 0, 44, 0, 0, 0, 0, 0, 0, 0, 0, 0, 0, 0, 0, 0, 0, 0, 0, 0, 0, 0, 0, 0, 0, 0, 0, 0, 0, 0, 0, 0, 0, 62, 13, 119
"c:\Users\Marlowe\Desktop\ProjectBible\.venv\Lib\site-packages\pip\_internal\network\__init__.py", "Python", 0, 0, 0, 0, 0, 0, 0, 0, 0, 0, 0, 0, 0, 0, 0, 0, 0, 0, 0, 0, 0, 0, 0, 0, 0, 0, 0, 0, 0, 0, 0, 0, 0, 0, 0, 0, 0, 0, 2, 1, 3
"c:\Users\Marlowe\Desktop\ProjectBible\.venv\Lib\site-packages\pip\_internal\network\auth.py", "Python", 0, 0, 0, 0, 0, 0, 0, 353, 0, 0, 0, 0, 0, 0, 0, 0, 0, 0, 0, 0, 0, 0, 0, 0, 0, 0, 0, 0, 0, 0, 0, 0, 0, 0, 0, 0, 0, 0, 116, 98, 567
"c:\Users\Marlowe\Desktop\ProjectBible\.venv\Lib\site-packages\pip\_internal\network\cache.py", "Python", 0, 0, 0, 0, 0, 0, 0, 70, 0, 0, 0, 0, 0, 0, 0, 0, 0, 0, 0, 0, 0, 0, 0, 0, 0, 0, 0, 0, 0, 0, 0, 0, 0, 0, 0, 0, 0, 0, 29, 20, 119
"c:\Users\Marlowe\Desktop\ProjectBible\.venv\Lib\site-packages\pip\_internal\network\download.py", "Python", 0, 0, 0, 0, 0, 0, 0, 136, 0, 0, 0, 0, 0, 0, 0, 0, 0, 0, 0, 0, 0, 0, 0, 0, 0, 0, 0, 0, 0, 0, 0, 0, 0, 0, 0, 0, 0, 0, 17, 35, 188
"c:\Users\Marlowe\Desktop\ProjectBible\.venv\Lib\site-packages\pip\_internal\network\lazy_wheel.py", "Python", 0, 0, 0, 0, 0, 0, 0, 116, 0, 0, 0, 0, 0, 0, 0, 0, 0, 0, 0, 0, 0, 0, 0, 0, 0, 0, 0, 0, 0, 0, 0, 0, 0, 0, 0, 0, 0, 0, 65, 30, 211
"c:\Users\Marlowe\Desktop\ProjectBible\.venv\Lib\site-packages\pip\_internal\network\session.py", "Python", 0, 0, 0, 0, 0, 0, 0, 334, 0, 0, 0, 0, 0, 0, 0, 0, 0, 0, 0, 0, 0, 0, 0, 0, 0, 0, 0, 0, 0, 0, 0, 0, 0, 0, 0, 0, 0, 0, 110, 80, 524
"c:\Users\Marlowe\Desktop\ProjectBible\.venv\Lib\site-packages\pip\_internal\network\utils.py", "Python", 0, 0, 0, 0, 0, 0, 0, 39, 0, 0, 0, 0, 0, 0, 0, 0, 0, 0, 0, 0, 0, 0, 0, 0, 0, 0, 0, 0, 0, 0, 0, 0, 0, 0, 0, 0, 0, 0, 48, 12, 99
"c:\Users\Marlowe\Desktop\ProjectBible\.venv\Lib\site-packages\pip\_internal\network\xmlrpc.py", "Python", 0, 0, 0, 0, 0, 0, 0, 48, 0, 0, 0, 0, 0, 0, 0, 0, 0, 0, 0, 0, 0, 0, 0, 0, 0, 0, 0, 0, 0, 0, 0, 0, 0, 0, 0, 0, 0, 0, 5, 10, 63
"c:\Users\Marlowe\Desktop\ProjectBible\.venv\Lib\site-packages\pip\_internal\operations\__init__.py", "Python", 0, 0, 0, 0, 0, 0, 0, 0, 0, 0, 0, 0, 0, 0, 0, 0, 0, 0, 0, 0, 0, 0, 0, 0, 0, 0, 0, 0, 0, 0, 0, 0, 0, 0, 0, 0, 0, 0, 0, 1, 1
"c:\Users\Marlowe\Desktop\ProjectBible\.venv\Lib\site-packages\pip\_internal\operations\build\__init__.py", "Python", 0, 0, 0, 0, 0, 0, 0, 0, 0, 0, 0, 0, 0, 0, 0, 0, 0, 0, 0, 0, 0, 0, 0, 0, 0, 0, 0, 0, 0, 0, 0, 0, 0, 0, 0, 0, 0, 0, 0, 1, 1
"c:\Users\Marlowe\Desktop\ProjectBible\.venv\Lib\site-packages\pip\_internal\operations\build\build_tracker.py", "Python", 0, 0, 0, 0, 0, 0, 0, 87, 0, 0, 0, 0, 0, 0, 0, 0, 0, 0, 0, 0, 0, 0, 0, 0, 0, 0, 0, 0, 0, 0, 0, 0, 0, 0, 0, 0, 0, 0, 22, 30, 139
"c:\Users\Marlowe\Desktop\ProjectBible\.venv\Lib\site-packages\pip\_internal\operations\build\metadata.py", "Python", 0, 0, 0, 0, 0, 0, 0, 22, 0, 0, 0, 0, 0, 0, 0, 0, 0, 0, 0, 0, 0, 0, 0, 0, 0, 0, 0, 0, 0, 0, 0, 0, 0, 0, 0, 0, 0, 0, 9, 9, 40
"c:\Users\Marlowe\Desktop\ProjectBible\.venv\Lib\site-packages\pip\_internal\operations\build\metadata_editable.py", "Python", 0, 0, 0, 0, 0, 0, 0, 25, 0, 0, 0, 0, 0, 0, 0, 0, 0, 0, 0, 0, 0, 0, 0, 0, 0, 0, 0, 0, 0, 0, 0, 0, 0, 0, 0, 0, 0, 0, 9, 9, 43
"c:\Users\Marlowe\Desktop\ProjectBible\.venv\Lib\site-packages\pip\_internal\operations\build\metadata_legacy.py", "Python", 0, 0, 0, 0, 0, 0, 0, 52, 0, 0, 0, 0, 0, 0, 0, 0, 0, 0, 0, 0, 0, 0, 0, 0, 0, 0, 0, 0, 0, 0, 0, 0, 0, 0, 0, 0, 0, 0, 8, 15, 75
"c:\Users\Marlowe\Desktop\ProjectBible\.venv\Lib\site-packages\pip\_internal\operations\build\wheel.py", "Python", 0, 0, 0, 0, 0, 0, 0, 27, 0, 0, 0, 0, 0, 0, 0, 0, 0, 0, 0, 0, 0, 0, 0, 0, 0, 0, 0, 0, 0, 0, 0, 0, 0, 0, 0, 0, 0, 0, 4, 7, 38
"c:\Users\Marlowe\Desktop\ProjectBible\.venv\Lib\site-packages\pip\_internal\operations\build\wheel_editable.py", "Python", 0, 0, 0, 0, 0, 0, 0, 36, 0, 0, 0, 0, 0, 0, 0, 0, 0, 0, 0, 0, 0, 0, 0, 0, 0, 0, 0, 0, 0, 0, 0, 0, 0, 0, 0, 0, 0, 0, 4, 7, 47
"c:\Users\Marlowe\Desktop\ProjectBible\.venv\Lib\site-packages\pip\_internal\operations\build\wheel_legacy.py", "Python", 0, 0, 0, 0, 0, 0, 0, 80, 0, 0, 0, 0, 0, 0, 0, 0, 0, 0, 0, 0, 0, 0, 0, 0, 0, 0, 0, 0, 0, 0, 0, 0, 0, 0, 0, 0, 0, 0, 7, 16, 103
"c:\Users\Marlowe\Desktop\ProjectBible\.venv\Lib\site-packages\pip\_internal\operations\check.py", "Python", 0, 0, 0, 0, 0, 0, 0, 122, 0, 0, 0, 0, 0, 0, 0, 0, 0, 0, 0, 0, 0, 0, 0, 0, 0, 0, 0, 0, 0, 0, 0, 0, 0, 0, 0, 0, 0, 0, 22, 38, 182
"c:\Users\Marlowe\Desktop\ProjectBible\.venv\Lib\site-packages\pip\_internal\operations\freeze.py", "Python", 0, 0, 0, 0, 0, 0, 0, 209, 0, 0, 0, 0, 0, 0, 0, 0, 0, 0, 0, 0, 0, 0, 0, 0, 0, 0, 0, 0, 0, 0, 0, 0, 0, 0, 0, 0, 0, 0, 17, 31, 257
"c:\Users\Marlowe\Desktop\ProjectBible\.venv\Lib\site-packages\pip\_internal\operations\install\__init__.py", "Python", 0, 0, 0, 0, 0, 0, 0, 0, 0, 0, 0, 0, 0, 0, 0, 0, 0, 0, 0, 0, 0, 0, 0, 0, 0, 0, 0, 0, 0, 0, 0, 0, 0, 0, 0, 0, 0, 0, 2, 1, 3
"c:\Users\Marlowe\Desktop\ProjectBible\.venv\Lib\site-packages\pip\_internal\operations\install\editable_legacy.py", "Python", 0, 0, 0, 0, 0, 0, 0, 35, 0, 0, 0, 0, 0, 0, 0, 0, 0, 0, 0, 0, 0, 0, 0, 0, 0, 0, 0, 0, 0, 0, 0, 0, 0, 0, 0, 0, 0, 0, 5, 8, 48
"c:\Users\Marlowe\Desktop\ProjectBible\.venv\Lib\site-packages\pip\_internal\operations\install\wheel.py", "Python", 0, 0, 0, 0, 0, 0, 0, 486, 0, 0, 0, 0, 0, 0, 0, 0, 0, 0, 0, 0, 0, 0, 0, 0, 0, 0, 0, 0, 0, 0, 0, 0, 0, 0, 0, 0, 0, 0, 142, 114, 742
"c:\Users\Marlowe\Desktop\ProjectBible\.venv\Lib\site-packages\pip\_internal\operations\prepare.py", "Python", 0, 0, 0, 0, 0, 0, 0, 507, 0, 0, 0, 0, 0, 0, 0, 0, 0, 0, 0, 0, 0, 0, 0, 0, 0, 0, 0, 0, 0, 0, 0, 0, 0, 0, 0, 0, 0, 0, 137, 89, 733
"c:\Users\Marlowe\Desktop\ProjectBible\.venv\Lib\site-packages\pip\_internal\pyproject.py", "Python", 0, 0, 0, 0, 0, 0, 0, 92, 0, 0, 0, 0, 0, 0, 0, 0, 0, 0, 0, 0, 0, 0, 0, 0, 0, 0, 0, 0, 0, 0, 0, 0, 0, 0, 0, 0, 0, 0, 66, 28, 186
"c:\Users\Marlowe\Desktop\ProjectBible\.venv\Lib\site-packages\pip\_internal\req\__init__.py", "Python", 0, 0, 0, 0, 0, 0, 0, 68, 0, 0, 0, 0, 0, 0, 0, 0, 0, 0, 0, 0, 0, 0, 0, 0, 0, 0, 0, 0, 0, 0, 0, 0, 0, 0, 0, 0, 0, 0, 6, 17, 91
"c:\Users\Marlowe\Desktop\ProjectBible\.venv\Lib\site-packages\pip\_internal\req\constructors.py", "Python", 0, 0, 0, 0, 0, 0, 0, 403, 0, 0, 0, 0, 0, 0, 0, 0, 0, 0, 0, 0, 0, 0, 0, 0, 0, 0, 0, 0, 0, 0, 0, 0, 0, 0, 0, 0, 0, 0, 88, 70, 561
"c:\Users\Marlowe\Desktop\ProjectBible\.venv\Lib\site-packages\pip\_internal\req\req_file.py", "Python", 0, 0, 0, 0, 0, 0, 0, 419, 0, 0, 0, 0, 0, 0, 0, 0, 0, 0, 0, 0, 0, 0, 0, 0, 0, 0, 0, 0, 0, 0, 0, 0, 0, 0, 0, 0, 0, 0, 112, 93, 624
"c:\Users\Marlowe\Desktop\ProjectBible\.venv\Lib\site-packages\pip\_internal\req\req_install.py", "Python", 0, 0, 0, 0, 0, 0, 0, 686, 0, 0, 0, 0, 0, 0, 0, 0, 0, 0, 0, 0, 0, 0, 0, 0, 0, 0, 0, 0, 0, 0, 0, 0, 0, 0, 0, 0, 0, 0, 155, 94, 935
"c:\Users\Marlowe\Desktop\ProjectBible\.venv\Lib\site-packages\pip\_internal\req\req_set.py", "Python", 0, 0, 0, 0, 0, 0, 0, 56, 0, 0, 0, 0, 0, 0, 0, 0, 0, 0, 0, 0, 0, 0, 0, 0, 0, 0, 0, 0, 0, 0, 0, 0, 0, 0, 0, 0, 0, 0, 6, 21, 83
"c:\Users\Marlowe\Desktop\ProjectBible\.venv\Lib\site-packages\pip\_internal\req\req_uninstall.py", "Python", 0, 0, 0, 0, 0, 0, 0, 421, 0, 0, 0, 0, 0, 0, 0, 0, 0, 0, 0, 0, 0, 0, 0, 0, 0, 0, 0, 0, 0, 0, 0, 0, 0, 0, 0, 0, 0, 0, 119, 94, 634
"c:\Users\Marlowe\Desktop\ProjectBible\.venv\Lib\site-packages\pip\_internal\resolution\__init__.py", "Python", 0, 0, 0, 0, 0, 0, 0, 0, 0, 0, 0, 0, 0, 0, 0, 0, 0, 0, 0, 0, 0, 0, 0, 0, 0, 0, 0, 0, 0, 0, 0, 0, 0, 0, 0, 0, 0, 0, 0, 1, 1
"c:\Users\Marlowe\Desktop\ProjectBible\.venv\Lib\site-packages\pip\_internal\resolution\base.py", "Python", 0, 0, 0, 0, 0, 0, 0, 15, 0, 0, 0, 0, 0, 0, 0, 0, 0, 0, 0, 0, 0, 0, 0, 0, 0, 0, 0, 0, 0, 0, 0, 0, 0, 0, 0, 0, 0, 0, 0, 6, 21
"c:\Users\Marlowe\Desktop\ProjectBible\.venv\Lib\site-packages\pip\_internal\resolution\legacy\__init__.py", "Python", 0, 0, 0, 0, 0, 0, 0, 0, 0, 0, 0, 0, 0, 0, 0, 0, 0, 0, 0, 0, 0, 0, 0, 0, 0, 0, 0, 0, 0, 0, 0, 0, 0, 0, 0, 0, 0, 0, 0, 1, 1
"c:\Users\Marlowe\Desktop\ProjectBible\.venv\Lib\site-packages\pip\_internal\resolution\legacy\resolver.py", "Python", 0, 0, 0, 0, 0, 0, 0, 369, 0, 0, 0, 0, 0, 0, 0, 0, 0, 0, 0, 0, 0, 0, 0, 0, 0, 0, 0, 0, 0, 0, 0, 0, 0, 0, 0, 0, 0, 0, 163, 66, 598
"c:\Users\Marlowe\Desktop\ProjectBible\.venv\Lib\site-packages\pip\_internal\resolution\resolvelib\__init__.py", "Python", 0, 0, 0, 0, 0, 0, 0, 0, 0, 0, 0, 0, 0, 0, 0, 0, 0, 0, 0, 0, 0, 0, 0, 0, 0, 0, 0, 0, 0, 0, 0, 0, 0, 0, 0, 0, 0, 0, 0, 1, 1
"c:\Users\Marlowe\Desktop\ProjectBible\.venv\Lib\site-packages\pip\_internal\resolution\resolvelib\base.py", "Python", 0, 0, 0, 0, 0, 0, 0, 83, 0, 0, 0, 0, 0, 0, 0, 0, 0, 0, 0, 0, 0, 0, 0, 0, 0, 0, 0, 0, 0, 0, 0, 0, 0, 0, 0, 0, 0, 0, 26, 31, 140
"c:\Users\Marlowe\Desktop\ProjectBible\.venv\Lib\site-packages\pip\_internal\resolution\resolvelib\candidates.py", "Python", 0, 0, 0, 0, 0, 0, 0, 409, 0, 0, 0, 0, 0, 0, 0, 0, 0, 0, 0, 0, 0, 0, 0, 0, 0, 0, 0, 0, 0, 0, 0, 0, 0, 0, 0, 0, 0, 0, 74, 92, 575
"c:\Users\Marlowe\Desktop\ProjectBible\.venv\Lib\site-packages\pip\_internal\resolution\resolvelib\factory.py", "Python", 0, 0, 0, 0, 0, 0, 0, 629, 0, 0, 0, 0, 0, 0, 0, 0, 0, 0, 0, 0, 0, 0, 0, 0, 0, 0, 0, 0, 0, 0, 0, 0, 0, 0, 0, 0, 0, 0, 116, 79, 824
"c:\Users\Marlowe\Desktop\ProjectBible\.venv\Lib\site-packages\pip\_internal\resolution\resolvelib\found_candidates.py", "Python", 0, 0, 0, 0, 0, 0, 0, 95, 0, 0, 0, 0, 0, 0, 0, 0, 0, 0, 0, 0, 0, 0, 0, 0, 0, 0, 0, 0, 0, 0, 0, 0, 0, 0, 0, 0, 0, 0, 58, 22, 175
"c:\Users\Marlowe\Desktop\ProjectBible\.venv\Lib\site-packages\pip\_internal\resolution\resolvelib\provider.py", "Python", 0, 0, 0, 0, 0, 0, 0, 155, 0, 0, 0, 0, 0, 0, 0, 0, 0, 0, 0, 0, 0, 0, 0, 0, 0, 0, 0, 0, 0, 0, 0, 0, 0, 0, 0, 0, 0, 0, 75, 29, 259
"c:\Users\Marlowe\Desktop\ProjectBible\.venv\Lib\site-packages\pip\_internal\resolution\resolvelib\reporter.py", "Python", 0, 0, 0, 0, 0, 0, 0, 60, 0, 0, 0, 0, 0, 0, 0, 0, 0, 0, 0, 0, 0, 0, 0, 0, 0, 0, 0, 0, 0, 0, 0, 0, 0, 0, 0, 0, 0, 0, 2, 20, 82
"c:\Users\Marlowe\Desktop\ProjectBible\.venv\Lib\site-packages\pip\_internal\resolution\resolvelib\requirements.py", "Python", 0, 0, 0, 0, 0, 0, 0, 165, 0, 0, 0, 0, 0, 0, 0, 0, 0, 0, 0, 0, 0, 0, 0, 0, 0, 0, 0, 0, 0, 0, 0, 0, 0, 0, 0, 0, 0, 0, 18, 63, 246
"c:\Users\Marlowe\Desktop\ProjectBible\.venv\Lib\site-packages\pip\_internal\resolution\resolvelib\resolver.py", "Python", 0, 0, 0, 0, 0, 0, 0, 204, 0, 0, 0, 0, 0, 0, 0, 0, 0, 0, 0, 0, 0, 0, 0, 0, 0, 0, 0, 0, 0, 0, 0, 0, 0, 0, 0, 0, 0, 0, 77, 37, 318
"c:\Users\Marlowe\Desktop\ProjectBible\.venv\Lib\site-packages\pip\_internal\self_outdated_check.py", "Python", 0, 0, 0, 0, 0, 0, 0, 175, 0, 0, 0, 0, 0, 0, 0, 0, 0, 0, 0, 0, 0, 0, 0, 0, 0, 0, 0, 0, 0, 0, 0, 0, 0, 0, 0, 0, 0, 0, 33, 45, 253
"c:\Users\Marlowe\Desktop\ProjectBible\.venv\Lib\site-packages\pip\_internal\utils\__init__.py", "Python", 0, 0, 0, 0, 0, 0, 0, 0, 0, 0, 0, 0, 0, 0, 0, 0, 0, 0, 0, 0, 0, 0, 0, 0, 0, 0, 0, 0, 0, 0, 0, 0, 0, 0, 0, 0, 0, 0, 0, 1, 1
"c:\Users\Marlowe\Desktop\ProjectBible\.venv\Lib\site-packages\pip\_internal\utils\_jaraco_text.py", "Python", 0, 0, 0, 0, 0, 0, 0, 39, 0, 0, 0, 0, 0, 0, 0, 0, 0, 0, 0, 0, 0, 0, 0, 0, 0, 0, 0, 0, 0, 0, 0, 0, 0, 0, 0, 0, 0, 0, 57, 14, 110
"c:\Users\Marlowe\Desktop\ProjectBible\.venv\Lib\site-packages\pip\_internal\utils\_log.py", "Python", 0, 0, 0, 0, 0, 0, 0, 11, 0, 0, 0, 0, 0, 0, 0, 0, 0, 0, 0, 0, 0, 0, 0, 0, 0, 0, 0, 0, 0, 0, 0, 0, 0, 0, 0, 0, 0, 0, 18, 10, 39
"c:\Users\Marlowe\Desktop\ProjectBible\.venv\Lib\site-packages\pip\_internal\utils\appdirs.py", "Python", 0, 0, 0, 0, 0, 0, 0, 25, 0, 0, 0, 0, 0, 0, 0, 0, 0, 0, 0, 0, 0, 0, 0, 0, 0, 0, 0, 0, 0, 0, 0, 0, 0, 0, 0, 0, 0, 0, 12, 16, 53
"c:\Users\Marlowe\Desktop\ProjectBible\.venv\Lib\site-packages\pip\_internal\utils\compat.py", "Python", 0, 0, 0, 0, 0, 0, 0, 37, 0, 0, 0, 0, 0, 0, 0, 0, 0, 0, 0, 0, 0, 0, 0, 0, 0, 0, 0, 0, 0, 0, 0, 0, 0, 0, 0, 0, 0, 0, 24, 19, 80
"c:\Users\Marlowe\Desktop\ProjectBible\.venv\Lib\site-packages\pip\_internal\utils\compatibility_tags.py", "Python", 0, 0, 0, 0, 0, 0, 0, 123, 0, 0, 0, 0, 0, 0, 0, 0, 0, 0, 0, 0, 0, 0, 0, 0, 0, 0, 0, 0, 0, 0, 0, 0, 0, 0, 0, 0, 0, 0, 36, 30, 189
"c:\Users\Marlowe\Desktop\ProjectBible\.venv\Lib\site-packages\pip\_internal\utils\datetime.py", "Python", 0, 0, 0, 0, 0, 0, 0, 5, 0, 0, 0, 0, 0, 0, 0, 0, 0, 0, 0, 0, 0, 0, 0, 0, 0, 0, 0, 0, 0, 0, 0, 0, 0, 0, 0, 0, 0, 0, 2, 5, 12
"c:\Users\Marlowe\Desktop\ProjectBible\.venv\Lib\site-packages\pip\_internal\utils\deprecation.py", "Python", 0, 0, 0, 0, 0, 0, 0, 75, 0, 0, 0, 0, 0, 0, 0, 0, 0, 0, 0, 0, 0, 0, 0, 0, 0, 0, 0, 0, 0, 0, 0, 0, 0, 0, 0, 0, 0, 0, 28, 22, 125
"c:\Users\Marlowe\Desktop\ProjectBible\.venv\Lib\site-packages\pip\_internal\utils\direct_url_helpers.py", "Python", 0, 0, 0, 0, 0, 0, 0, 70, 0, 0, 0, 0, 0, 0, 0, 0, 0, 0, 0, 0, 0, 0, 0, 0, 0, 0, 0, 0, 0, 0, 0, 0, 0, 0, 0, 0, 0, 0, 10, 8, 88
"c:\Users\Marlowe\Desktop\ProjectBible\.venv\Lib\site-packages\pip\_internal\utils\egg_link.py", "Python", 0, 0, 0, 0, 0, 0, 0, 43, 0, 0, 0, 0, 0, 0, 0, 0, 0, 0, 0, 0, 0, 0, 0, 0, 0, 0, 0, 0, 0, 0, 0, 0, 0, 0, 0, 0, 0, 0, 28, 10, 81
"c:\Users\Marlowe\Desktop\ProjectBible\.venv\Lib\site-packages\pip\_internal\utils\entrypoints.py", "Python", 0, 0, 0, 0, 0, 0, 0, 54, 0, 0, 0, 0, 0, 0, 0, 0, 0, 0, 0, 0, 0, 0, 0, 0, 0, 0, 0, 0, 0, 0, 0, 0, 0, 0, 0, 0, 0, 0, 18, 13, 85
"c:\Users\Marlowe\Desktop\ProjectBible\.venv\Lib\site-packages\pip\_internal\utils\filesystem.py", "Python", 0, 0, 0, 0, 0, 0, 0, 92, 0, 0, 0, 0, 0, 0, 0, 0, 0, 0, 0, 0, 0, 0, 0, 0, 0, 0, 0, 0, 0, 0, 0, 0, 0, 0, 0, 0, 0, 0, 31, 27, 150
"c:\Users\Marlowe\Desktop\ProjectBible\.venv\Lib\site-packages\pip\_internal\utils\filetypes.py", "Python", 0, 0, 0, 0, 0, 0, 0, 19, 0, 0, 0, 0, 0, 0, 0, 0, 0, 0, 0, 0, 0, 0, 0, 0, 0, 0, 0, 0, 0, 0, 0, 0, 0, 0, 0, 0, 0, 0, 3, 6, 28
"c:\Users\Marlowe\Desktop\ProjectBible\.venv\Lib\site-packages\pip\_internal\utils\glibc.py", "Python", 0, 0, 0, 0, 0, 0, 0, 43, 0, 0, 0, 0, 0, 0, 0, 0, 0, 0, 0, 0, 0, 0, 0, 0, 0, 0, 0, 0, 0, 0, 0, 0, 0, 0, 0, 0, 0, 0, 45, 14, 102
"c:\Users\Marlowe\Desktop\ProjectBible\.venv\Lib\site-packages\pip\_internal\utils\hashes.py", "Python", 0, 0, 0, 0, 0, 0, 0, 80, 0, 0, 0, 0, 0, 0, 0, 0, 0, 0, 0, 0, 0, 0, 0, 0, 0, 0, 0, 0, 0, 0, 0, 0, 0, 0, 0, 0, 0, 0, 39, 29, 148
"c:\Users\Marlowe\Desktop\ProjectBible\.venv\Lib\site-packages\pip\_internal\utils\logging.py", "Python", 0, 0, 0, 0, 0, 0, 0, 249, 0, 0, 0, 0, 0, 0, 0, 0, 0, 0, 0, 0, 0, 0, 0, 0, 0, 0, 0, 0, 0, 0, 0, 0, 0, 0, 0, 0, 0, 0, 53, 53, 355
"c:\Users\Marlowe\Desktop\ProjectBible\.venv\Lib\site-packages\pip\_internal\utils\misc.py", "Python", 0, 0, 0, 0, 0, 0, 0, 477, 0, 0, 0, 0, 0, 0, 0, 0, 0, 0, 0, 0, 0, 0, 0, 0, 0, 0, 0, 0, 0, 0, 0, 0, 0, 0, 0, 0, 0, 0, 162, 135, 774
"c:\Users\Marlowe\Desktop\ProjectBible\.venv\Lib\site-packages\pip\_internal\utils\packaging.py", "Python", 0, 0, 0, 0, 0, 0, 0, 22, 0, 0, 0, 0, 0, 0, 0, 0, 0, 0, 0, 0, 0, 0, 0, 0, 0, 0, 0, 0, 0, 0, 0, 0, 0, 0, 0, 0, 0, 0, 26, 11, 59
"c:\Users\Marlowe\Desktop\ProjectBible\.venv\Lib\site-packages\pip\_internal\utils\retry.py", "Python", 0, 0, 0, 0, 0, 0, 0, 22, 0, 0, 0, 0, 0, 0, 0, 0, 0, 0, 0, 0, 0, 0, 0, 0, 0, 0, 0, 0, 0, 0, 0, 0, 0, 0, 0, 0, 0, 0, 12, 9, 43
"c:\Users\Marlowe\Desktop\ProjectBible\.venv\Lib\site-packages\pip\_internal\utils\setuptools_build.py", "Python", 0, 0, 0, 0, 0, 0, 0, 74, 0, 0, 0, 0, 0, 0, 0, 0, 0, 0, 0, 0, 0, 0, 0, 0, 0, 0, 0, 0, 0, 0, 0, 0, 0, 0, 0, 0, 0, 0, 53, 20, 147
"c:\Users\Marlowe\Desktop\ProjectBible\.venv\Lib\site-packages\pip\_internal\utils\subprocess.py", "Python", 0, 0, 0, 0, 0, 0, 0, 160, 0, 0, 0, 0, 0, 0, 0, 0, 0, 0, 0, 0, 0, 0, 0, 0, 0, 0, 0, 0, 0, 0, 0, 0, 0, 0, 0, 0, 0, 0, 63, 23, 246
"c:\Users\Marlowe\Desktop\ProjectBible\.venv\Lib\site-packages\pip\_internal\utils\temp_dir.py", "Python", 0, 0, 0, 0, 0, 0, 0, 175, 0, 0, 0, 0, 0, 0, 0, 0, 0, 0, 0, 0, 0, 0, 0, 0, 0, 0, 0, 0, 0, 0, 0, 0, 0, 0, 0, 0, 0, 0, 74, 48, 297
"c:\Users\Marlowe\Desktop\ProjectBible\.venv\Lib\site-packages\pip\_internal\utils\unpacking.py", "Python", 0, 0, 0, 0, 0, 0, 0, 239, 0, 0, 0, 0, 0, 0, 0, 0, 0, 0, 0, 0, 0, 0, 0, 0, 0, 0, 0, 0, 0, 0, 0, 0, 0, 0, 0, 0, 0, 0, 60, 39, 338
"c:\Users\Marlowe\Desktop\ProjectBible\.venv\Lib\site-packages\pip\_internal\utils\urls.py", "Python", 0, 0, 0, 0, 0, 0, 0, 33, 0, 0, 0, 0, 0, 0, 0, 0, 0, 0, 0, 0, 0, 0, 0, 0, 0, 0, 0, 0, 0, 0, 0, 0, 0, 0, 0, 0, 0, 0, 12, 11, 56
"c:\Users\Marlowe\Desktop\ProjectBible\.venv\Lib\site-packages\pip\_internal\utils\virtualenv.py", "Python", 0, 0, 0, 0, 0, 0, 0, 50, 0, 0, 0, 0, 0, 0, 0, 0, 0, 0, 0, 0, 0, 0, 0, 0, 0, 0, 0, 0, 0, 0, 0, 0, 0, 0, 0, 0, 0, 0, 36, 19, 105
"c:\Users\Marlowe\Desktop\ProjectBible\.venv\Lib\site-packages\pip\_internal\utils\wheel.py", "Python", 0, 0, 0, 0, 0, 0, 0, 68, 0, 0, 0, 0, 0, 0, 0, 0, 0, 0, 0, 0, 0, 0, 0, 0, 0, 0, 0, 0, 0, 0, 0, 0, 0, 0, 0, 0, 0, 0, 36, 31, 135
"c:\Users\Marlowe\Desktop\ProjectBible\.venv\Lib\site-packages\pip\_internal\vcs\__init__.py", "Python", 0, 0, 0, 0, 0, 0, 0, 11, 0, 0, 0, 0, 0, 0, 0, 0, 0, 0, 0, 0, 0, 0, 0, 0, 0, 0, 0, 0, 0, 0, 0, 0, 0, 0, 0, 0, 0, 0, 4, 1, 16
"c:\Users\Marlowe\Desktop\ProjectBible\.venv\Lib\site-packages\pip\_internal\vcs\bazaar.py", "Python", 0, 0, 0, 0, 0, 0, 0, 93, 0, 0, 0, 0, 0, 0, 0, 0, 0, 0, 0, 0, 0, 0, 0, 0, 0, 0, 0, 0, 0, 0, 0, 0, 0, 0, 0, 0, 0, 0, 4, 16, 113
"c:\Users\Marlowe\Desktop\ProjectBible\.venv\Lib\site-packages\pip\_internal\vcs\git.py", "Python", 0, 0, 0, 0, 0, 0, 0, 139, 0, 0, 0, 0, 0, 0, 0, 0, 0, 0, 0, 0, 0, 0, 0, 0, 0, 0, 0, 0, 0, 0, 0, 0, 0, 0, 0, 0, 0, 0, 372, 17, 528
"c:\Users\Marlowe\Desktop\ProjectBible\.venv\Lib\site-packages\pip\_internal\vcs\mercurial.py", "Python", 0, 0, 0, 0, 0, 0, 0, 134, 0, 0, 0, 0, 0, 0, 0, 0, 0, 0, 0, 0, 0, 0, 0, 0, 0, 0, 0, 0, 0, 0, 0, 0, 0, 0, 0, 0, 0, 0, 13, 17, 164
"c:\Users\Marlowe\Desktop\ProjectBible\.venv\Lib\site-packages\pip\_internal\vcs\subversion.py", "Python", 0, 0, 0, 0, 0, 0, 0, 209, 0, 0, 0, 0, 0, 0, 0, 0, 0, 0, 0, 0, 0, 0, 0, 0, 0, 0, 0, 0, 0, 0, 0, 0, 0, 0, 0, 0, 0, 0, 74, 42, 325
"c:\Users\Marlowe\Desktop\ProjectBible\.venv\Lib\site-packages\pip\_internal\vcs\versioncontrol.py", "Python", 0, 0, 0, 0, 0, 0, 0, 385, 0, 0, 0, 0, 0, 0, 0, 0, 0, 0, 0, 0, 0, 0, 0, 0, 0, 0, 0, 0, 0, 0, 0, 0, 0, 0, 0, 0, 0, 0, 218, 86, 689
"c:\Users\Marlowe\Desktop\ProjectBible\.venv\Lib\site-packages\pip\_internal\wheel_builder.py", "Python", 0, 0, 0, 0, 0, 0, 0, 269, 0, 0, 0, 0, 0, 0, 0, 0, 0, 0, 0, 0, 0, 0, 0, 0, 0, 0, 0, 0, 0, 0, 0, 0, 0, 0, 0, 0, 0, 0, 43, 43, 355
"c:\Users\Marlowe\Desktop\ProjectBible\.venv\Lib\site-packages\pip\_vendor\__init__.py", "Python", 0, 0, 0, 0, 0, 0, 0, 74, 0, 0, 0, 0, 0, 0, 0, 0, 0, 0, 0, 0, 0, 0, 0, 0, 0, 0, 0, 0, 0, 0, 0, 0, 0, 0, 0, 0, 0, 0, 33, 10, 117
"c:\Users\Marlowe\Desktop\ProjectBible\.venv\Lib\site-packages\pip\_vendor\cachecontrol\__init__.py", "Python", 0, 0, 0, 0, 0, 0, 0, 16, 0, 0, 0, 0, 0, 0, 0, 0, 0, 0, 0, 0, 0, 0, 0, 0, 0, 0, 0, 0, 0, 0, 0, 0, 0, 0, 0, 0, 0, 0, 7, 7, 30
"c:\Users\Marlowe\Desktop\ProjectBible\.venv\Lib\site-packages\pip\_vendor\cachecontrol\_cmd.py", "Python", 0, 0, 0, 0, 0, 0, 0, 43, 0, 0, 0, 0, 0, 0, 0, 0, 0, 0, 0, 0, 0, 0, 0, 0, 0, 0, 0, 0, 0, 0, 0, 0, 0, 0, 0, 0, 0, 0, 7, 21, 71
"c:\Users\Marlowe\Desktop\ProjectBible\.venv\Lib\site-packages\pip\_vendor\cachecontrol\adapter.py", "Python", 0, 0, 0, 0, 0, 0, 0, 105, 0, 0, 0, 0, 0, 0, 0, 0, 0, 0, 0, 0, 0, 0, 0, 0, 0, 0, 0, 0, 0, 0, 0, 0, 0, 0, 0, 0, 0, 0, 30, 27, 162
"c:\Users\Marlowe\Desktop\ProjectBible\.venv\Lib\site-packages\pip\_vendor\cachecontrol\cache.py", "Python", 0, 0, 0, 0, 0, 0, 0, 36, 0, 0, 0, 0, 0, 0, 0, 0, 0, 0, 0, 0, 0, 0, 0, 0, 0, 0, 0, 0, 0, 0, 0, 0, 0, 0, 0, 0, 0, 0, 21, 19, 76
"c:\Users\Marlowe\Desktop\ProjectBible\.venv\Lib\site-packages\pip\_vendor\cachecontrol\caches\__init__.py", "Python", 0, 0, 0, 0, 0, 0, 0, 3, 0, 0, 0, 0, 0, 0, 0, 0, 0, 0, 0, 0, 0, 0, 0, 0, 0, 0, 0, 0, 0, 0, 0, 0, 0, 0, 0, 0, 0, 0, 3, 3, 9
"c:\Users\Marlowe\Desktop\ProjectBible\.venv\Lib\site-packages\pip\_vendor\cachecontrol\caches\file_cache.py", "Python", 0, 0, 0, 0, 0, 0, 0, 103, 0, 0, 0, 0, 0, 0, 0, 0, 0, 0, 0, 0, 0, 0, 0, 0, 0, 0, 0, 0, 0, 0, 0, 0, 0, 0, 0, 0, 0, 0, 44, 36, 183
"c:\Users\Marlowe\Desktop\ProjectBible\.venv\Lib\site-packages\pip\_vendor\cachecontrol\caches\redis_cache.py", "Python", 0, 0, 0, 0, 0, 0, 0, 31, 0, 0, 0, 0, 0, 0, 0, 0, 0, 0, 0, 0, 0, 0, 0, 0, 0, 0, 0, 0, 0, 0, 0, 0, 0, 0, 0, 0, 0, 0, 6, 12, 49
"c:\Users\Marlowe\Desktop\ProjectBible\.venv\Lib\site-packages\pip\_vendor\cachecontrol\controller.py", "Python", 0, 0, 0, 0, 0, 0, 0, 323, 0, 0, 0, 0, 0, 0, 0, 0, 0, 0, 0, 0, 0, 0, 0, 0, 0, 0, 0, 0, 0, 0, 0, 0, 0, 0, 0, 0, 0, 0, 99, 79, 501
"c:\Users\Marlowe\Desktop\ProjectBible\.venv\Lib\site-packages\pip\_vendor\cachecontrol\filewrapper.py", "Python", 0, 0, 0, 0, 0, 0, 0, 54, 0, 0, 0, 0, 0, 0, 0, 0, 0, 0, 0, 0, 0, 0, 0, 0, 0, 0, 0, 0, 0, 0, 0, 0, 0, 0, 0, 0, 0, 0, 46, 20, 120
"c:\Users\Marlowe\Desktop\ProjectBible\.venv\Lib\site-packages\pip\_vendor\cachecontrol\heuristics.py", "Python", 0, 0, 0, 0, 0, 0, 0, 88, 0, 0, 0, 0, 0, 0, 0, 0, 0, 0, 0, 0, 0, 0, 0, 0, 0, 0, 0, 0, 0, 0, 0, 0, 0, 0, 0, 0, 0, 0, 35, 35, 158
"c:\Users\Marlowe\Desktop\ProjectBible\.venv\Lib\site-packages\pip\_vendor\cachecontrol\serialize.py", "Python", 0, 0, 0, 0, 0, 0, 0, 96, 0, 0, 0, 0, 0, 0, 0, 0, 0, 0, 0, 0, 0, 0, 0, 0, 0, 0, 0, 0, 0, 0, 0, 0, 0, 0, 0, 0, 0, 0, 26, 25, 147
"c:\Users\Marlowe\Desktop\ProjectBible\.venv\Lib\site-packages\pip\_vendor\cachecontrol\wrapper.py", "Python", 0, 0, 0, 0, 0, 0, 0, 33, 0, 0, 0, 0, 0, 0, 0, 0, 0, 0, 0, 0, 0, 0, 0, 0, 0, 0, 0, 0, 0, 0, 0, 0, 0, 0, 0, 0, 0, 0, 3, 8, 44
"c:\Users\Marlowe\Desktop\ProjectBible\.venv\Lib\site-packages\pip\_vendor\certifi\__init__.py", "Python", 0, 0, 0, 0, 0, 0, 0, 3, 0, 0, 0, 0, 0, 0, 0, 0, 0, 0, 0, 0, 0, 0, 0, 0, 0, 0, 0, 0, 0, 0, 0, 0, 0, 0, 0, 0, 0, 0, 0, 2, 5
"c:\Users\Marlowe\Desktop\ProjectBible\.venv\Lib\site-packages\pip\_vendor\certifi\__main__.py", "Python", 0, 0, 0, 0, 0, 0, 0, 9, 0, 0, 0, 0, 0, 0, 0, 0, 0, 0, 0, 0, 0, 0, 0, 0, 0, 0, 0, 0, 0, 0, 0, 0, 0, 0, 0, 0, 0, 0, 0, 4, 13
"c:\Users\Marlowe\Desktop\ProjectBible\.venv\Lib\site-packages\pip\_vendor\certifi\core.py", "Python", 0, 0, 0, 0, 0, 0, 0, 51, 0, 0, 0, 0, 0, 0, 0, 0, 0, 0, 0, 0, 0, 0, 0, 0, 0, 0, 0, 0, 0, 0, 0, 0, 0, 0, 0, 0, 0, 0, 43, 21, 115
"c:\Users\Marlowe\Desktop\ProjectBible\.venv\Lib\site-packages\pip\_vendor\distlib\__init__.py", "Python", 0, 0, 0, 0, 0, 0, 0, 16, 0, 0, 0, 0, 0, 0, 0, 0, 0, 0, 0, 0, 0, 0, 0, 0, 0, 0, 0, 0, 0, 0, 0, 0, 0, 0, 0, 0, 0, 0, 6, 12, 34
"c:\Users\Marlowe\Desktop\ProjectBible\.venv\Lib\site-packages\pip\_vendor\distlib\compat.py", "Python", 0, 0, 0, 0, 0, 0, 0, 807, 0, 0, 0, 0, 0, 0, 0, 0, 0, 0, 0, 0, 0, 0, 0, 0, 0, 0, 0, 0, 0, 0, 0, 0, 0, 0, 0, 0, 0, 0, 161, 170, 1138
"c:\Users\Marlowe\Desktop\ProjectBible\.venv\Lib\site-packages\pip\_vendor\distlib\database.py", "Python", 0, 0, 0, 0, 0, 0, 0, 754, 0, 0, 0, 0, 0, 0, 0, 0, 0, 0, 0, 0, 0, 0, 0, 0, 0, 0, 0, 0, 0, 0, 0, 0, 0, 0, 0, 0, 0, 0, 426, 150, 1330
"c:\Users\Marlowe\Desktop\ProjectBible\.venv\Lib\site-packages\pip\_vendor\distlib\index.py", "Python", 0, 0, 0, 0, 0, 0, 0, 285, 0, 0, 0, 0, 0, 0, 0, 0, 0, 0, 0, 0, 0, 0, 0, 0, 0, 0, 0, 0, 0, 0, 0, 0, 0, 0, 0, 0, 0, 0, 193, 31, 509
"c:\Users\Marlowe\Desktop\ProjectBible\.venv\Lib\site-packages\pip\_vendor\distlib\locators.py", "Python", 0, 0, 0, 0, 0, 0, 0, 802, 0, 0, 0, 0, 0, 0, 0, 0, 0, 0, 0, 0, 0, 0, 0, 0, 0, 0, 0, 0, 0, 0, 0, 0, 0, 0, 0, 0, 0, 0, 385, 109, 1296
"c:\Users\Marlowe\Desktop\ProjectBible\.venv\Lib\site-packages\pip\_vendor\distlib\manifest.py", "Python", 0, 0, 0, 0, 0, 0, 0, 199, 0, 0, 0, 0, 0, 0, 0, 0, 0, 0, 0, 0, 0, 0, 0, 0, 0, 0, 0, 0, 0, 0, 0, 0, 0, 0, 0, 0, 0, 0, 133, 53, 385
"c:\Users\Marlowe\Desktop\ProjectBible\.venv\Lib\site-packages\pip\_vendor\distlib\markers.py", "Python", 0, 0, 0, 0, 0, 0, 0, 107, 0, 0, 0, 0, 0, 0, 0, 0, 0, 0, 0, 0, 0, 0, 0, 0, 0, 0, 0, 0, 0, 0, 0, 0, 0, 0, 0, 0, 0, 0, 27, 29, 163
"c:\Users\Marlowe\Desktop\ProjectBible\.venv\Lib\site-packages\pip\_vendor\distlib\metadata.py", "Python", 0, 0, 0, 0, 0, 0, 0, 742, 0, 0, 0, 0, 0, 0, 0, 0, 0, 0, 0, 0, 0, 0, 0, 0, 0, 0, 0, 0, 0, 0, 0, 0, 0, 0, 0, 0, 0, 0, 138, 152, 1032
"c:\Users\Marlowe\Desktop\ProjectBible\.venv\Lib\site-packages\pip\_vendor\distlib\resources.py", "Python", 0, 0, 0, 0, 0, 0, 0, 243, 0, 0, 0, 0, 0, 0, 0, 0, 0, 0, 0, 0, 0, 0, 0, 0, 0, 0, 0, 0, 0, 0, 0, 0, 0, 0, 0, 0, 0, 0, 56, 60, 359
"c:\Users\Marlowe\Desktop\ProjectBible\.venv\Lib\site-packages\pip\_vendor\distlib\scripts.py", "Python", 0, 0, 0, 0, 0, 0, 0, 309, 0, 0, 0, 0, 0, 0, 0, 0, 0, 0, 0, 0, 0, 0, 0, 0, 0, 0, 0, 0, 0, 0, 0, 0, 0, 0, 0, 0, 0, 0, 92, 47, 448
"c:\Users\Marlowe\Desktop\ProjectBible\.venv\Lib\site-packages\pip\_vendor\distlib\util.py", "Python", 0, 0, 0, 0, 0, 0, 0, 1376, 0, 0, 0, 0, 0, 0, 0, 0, 0, 0, 0, 0, 0, 0, 0, 0, 0, 0, 0, 0, 0, 0, 0, 0, 0, 0, 0, 0, 0, 0, 334, 275, 1985
"c:\Users\Marlowe\Desktop\ProjectBible\.venv\Lib\site-packages\pip\_vendor\distlib\version.py", "Python", 0, 0, 0, 0, 0, 0, 0, 487, 0, 0, 0, 0, 0, 0, 0, 0, 0, 0, 0, 0, 0, 0, 0, 0, 0, 0, 0, 0, 0, 0, 0, 0, 0, 0, 0, 0, 0, 0, 137, 127, 751
"c:\Users\Marlowe\Desktop\ProjectBible\.venv\Lib\site-packages\pip\_vendor\distlib\wheel.py", "Python", 0, 0, 0, 0, 0, 0, 0, 844, 0, 0, 0, 0, 0, 0, 0, 0, 0, 0, 0, 0, 0, 0, 0, 0, 0, 0, 0, 0, 0, 0, 0, 0, 0, 0, 0, 0, 0, 0, 137, 120, 1101
"c:\Users\Marlowe\Desktop\ProjectBible\.venv\Lib\site-packages\pip\_vendor\distro\__init__.py", "Python", 0, 0, 0, 0, 0, 0, 0, 52, 0, 0, 0, 0, 0, 0, 0, 0, 0, 0, 0, 0, 0, 0, 0, 0, 0, 0, 0, 0, 0, 0, 0, 0, 0, 0, 0, 0, 0, 0, 0, 3, 55
"c:\Users\Marlowe\Desktop\ProjectBible\.venv\Lib\site-packages\pip\_vendor\distro\__main__.py", "Python", 0, 0, 0, 0, 0, 0, 0, 3, 0, 0, 0, 0, 0, 0, 0, 0, 0, 0, 0, 0, 0, 0, 0, 0, 0, 0, 0, 0, 0, 0, 0, 0, 0, 0, 0, 0, 0, 0, 0, 2, 5
"c:\Users\Marlowe\Desktop\ProjectBible\.venv\Lib\site-packages\pip\_vendor\distro\distro.py", "Python", 0, 0, 0, 0, 0, 0, 0, 512, 0, 0, 0, 0, 0, 0, 0, 0, 0, 0, 0, 0, 0, 0, 0, 0, 0, 0, 0, 0, 0, 0, 0, 0, 0, 0, 0, 0, 0, 0, 767, 125, 1404
"c:\Users\Marlowe\Desktop\ProjectBible\.venv\Lib\site-packages\pip\_vendor\idna\__init__.py", "Python", 0, 0, 0, 0, 0, 0, 0, 44, 0, 0, 0, 0, 0, 0, 0, 0, 0, 0, 0, 0, 0, 0, 0, 0, 0, 0, 0, 0, 0, 0, 0, 0, 0, 0, 0, 0, 0, 0, 0, 2, 46
"c:\Users\Marlowe\Desktop\ProjectBible\.venv\Lib\site-packages\pip\_vendor\idna\codec.py", "Python", 0, 0, 0, 0, 0, 0, 0, 89, 0, 0, 0, 0, 0, 0, 0, 0, 0, 0, 0, 0, 0, 0, 0, 0, 0, 0, 0, 0, 0, 0, 0, 0, 0, 0, 0, 0, 0, 0, 3, 31, 123
"c:\Users\Marlowe\Desktop\ProjectBible\.venv\Lib\site-packages\pip\_vendor\idna\compat.py", "Python", 0, 0, 0, 0, 0, 0, 0, 8, 0, 0, 0, 0, 0, 0, 0, 0, 0, 0, 0, 0, 0, 0, 0, 0, 0, 0, 0, 0, 0, 0, 0, 0, 0, 0, 0, 0, 0, 0, 0, 8, 16
"c:\Users\Marlowe\Desktop\ProjectBible\.venv\Lib\site-packages\pip\_vendor\idna\core.py", "Python", 0, 0, 0, 0, 0, 0, 0, 345, 0, 0, 0, 0, 0, 0, 0, 0, 0, 0, 0, 0, 0, 0, 0, 0, 0, 0, 0, 0, 0, 0, 0, 0, 0, 0, 0, 0, 0, 0, 13, 80, 438
"c:\Users\Marlowe\Desktop\ProjectBible\.venv\Lib\site-packages\pip\_vendor\idna\idnadata.py", "Python", 0, 0, 0, 0, 0, 0, 0, 4241, 0, 0, 0, 0, 0, 0, 0, 0, 0, 0, 0, 0, 0, 0, 0, 0, 0, 0, 0, 0, 0, 0, 0, 0, 0, 0, 0, 0, 0, 0, 1, 2, 4244
"c:\Users\Marlowe\Desktop\ProjectBible\.venv\Lib\site-packages\pip\_vendor\idna\intranges.py", "Python", 0, 0, 0, 0, 0, 0, 0, 30, 0, 0, 0, 0, 0, 0, 0, 0, 0, 0, 0, 0, 0, 0, 0, 0, 0, 0, 0, 0, 0, 0, 0, 0, 0, 0, 0, 0, 0, 0, 16, 12, 58
"c:\Users\Marlowe\Desktop\ProjectBible\.venv\Lib\site-packages\pip\_vendor\idna\package_data.py", "Python", 0, 0, 0, 0, 0, 0, 0, 1, 0, 0, 0, 0, 0, 0, 0, 0, 0, 0, 0, 0, 0, 0, 0, 0, 0, 0, 0, 0, 0, 0, 0, 0, 0, 0, 0, 0, 0, 0, 0, 1, 2
"c:\Users\Marlowe\Desktop\ProjectBible\.venv\Lib\site-packages\pip\_vendor\idna\uts46data.py", "Python", 0, 0, 0, 0, 0, 0, 0, 8508, 0, 0, 0, 0, 0, 0, 0, 0, 0, 0, 0, 0, 0, 0, 0, 0, 0, 0, 0, 0, 0, 0, 0, 0, 0, 0, 0, 0, 0, 0, 3, 171, 8682
"c:\Users\Marlowe\Desktop\ProjectBible\.venv\Lib\site-packages\pip\_vendor\msgpack\__init__.py", "Python", 0, 0, 0, 0, 0, 0, 0, 24, 0, 0, 0, 0, 0, 0, 0, 0, 0, 0, 0, 0, 0, 0, 0, 0, 0, 0, 0, 0, 0, 0, 0, 0, 0, 0, 0, 0, 0, 0, 18, 14, 56
"c:\Users\Marlowe\Desktop\ProjectBible\.venv\Lib\site-packages\pip\_vendor\msgpack\exceptions.py", "Python", 0, 0, 0, 0, 0, 0, 0, 17, 0, 0, 0, 0, 0, 0, 0, 0, 0, 0, 0, 0, 0, 0, 0, 0, 0, 0, 0, 0, 0, 0, 0, 0, 0, 0, 0, 0, 0, 0, 15, 17, 49
"c:\Users\Marlowe\Desktop\ProjectBible\.venv\Lib\site-packages\pip\_vendor\msgpack\ext.py", "Python", 0, 0, 0, 0, 0, 0, 0, 79, 0, 0, 0, 0, 0, 0, 0, 0, 0, 0, 0, 0, 0, 0, 0, 0, 0, 0, 0, 0, 0, 0, 0, 0, 0, 0, 0, 0, 0, 0, 72, 20, 171
"c:\Users\Marlowe\Desktop\ProjectBible\.venv\Lib\site-packages\pip\_vendor\msgpack\fallback.py", "Python", 0, 0, 0, 0, 0, 0, 0, 673, 0, 0, 0, 0, 0, 0, 0, 0, 0, 0, 0, 0, 0, 0, 0, 0, 0, 0, 0, 0, 0, 0, 0, 0, 0, 0, 0, 0, 0, 0, 179, 78, 930
"c:\Users\Marlowe\Desktop\ProjectBible\.venv\Lib\site-packages\pip\_vendor\packaging\__init__.py", "Python", 0, 0, 0, 0, 0, 0, 0, 8, 0, 0, 0, 0, 0, 0, 0, 0, 0, 0, 0, 0, 0, 0, 0, 0, 0, 0, 0, 0, 0, 0, 0, 0, 0, 0, 0, 0, 0, 0, 3, 5, 16
"c:\Users\Marlowe\Desktop\ProjectBible\.venv\Lib\site-packages\pip\_vendor\packaging\_elffile.py", "Python", 0, 0, 0, 0, 0, 0, 0, 73, 0, 0, 0, 0, 0, 0, 0, 0, 0, 0, 0, 0, 0, 0, 0, 0, 0, 0, 0, 0, 0, 0, 0, 0, 0, 0, 0, 0, 0, 0, 18, 20, 111
"c:\Users\Marlowe\Desktop\ProjectBible\.venv\Lib\site-packages\pip\_vendor\packaging\_manylinux.py", "Python", 0, 0, 0, 0, 0, 0, 0, 156, 0, 0, 0, 0, 0, 0, 0, 0, 0, 0, 0, 0, 0, 0, 0, 0, 0, 0, 0, 0, 0, 0, 0, 0, 0, 0, 0, 0, 0, 0, 72, 36, 264
"c:\Users\Marlowe\Desktop\ProjectBible\.venv\Lib\site-packages\pip\_vendor\packaging\_musllinux.py", "Python", 0, 0, 0, 0, 0, 0, 0, 45, 0, 0, 0, 0, 0, 0, 0, 0, 0, 0, 0, 0, 0, 0, 0, 0, 0, 0, 0, 0, 0, 0, 0, 0, 0, 0, 0, 0, 0, 0, 25, 16, 86
"c:\Users\Marlowe\Desktop\ProjectBible\.venv\Lib\site-packages\pip\_vendor\packaging\_parser.py", "Python", 0, 0, 0, 0, 0, 0, 0, 224, 0, 0, 0, 0, 0, 0, 0, 0, 0, 0, 0, 0, 0, 0, 0, 0, 0, 0, 0, 0, 0, 0, 0, 0, 0, 0, 0, 0, 0, 0, 51, 80, 355
"c:\Users\Marlowe\Desktop\ProjectBible\.venv\Lib\site-packages\pip\_vendor\packaging\_structures.py", "Python", 0, 0, 0, 0, 0, 0, 0, 36, 0, 0, 0, 0, 0, 0, 0, 0, 0, 0, 0, 0, 0, 0, 0, 0, 0, 0, 0, 0, 0, 0, 0, 0, 0, 0, 0, 0, 0, 0, 3, 23, 62
"c:\Users\Marlowe\Desktop\ProjectBible\.venv\Lib\site-packages\pip\_vendor\packaging\_tokenizer.py", "Python", 0, 0, 0, 0, 0, 0, 0, 115, 0, 0, 0, 0, 0, 0, 0, 0, 0, 0, 0, 0, 0, 0, 0, 0, 0, 0, 0, 0, 0, 0, 0, 0, 0, 0, 0, 0, 0, 0, 66, 14, 195
"c:\Users\Marlowe\Desktop\ProjectBible\.venv\Lib\site-packages\pip\_vendor\packaging\licenses\__init__.py", "Python", 0, 0, 0, 0, 0, 0, 0, 78, 0, 0, 0, 0, 0, 0, 0, 0, 0, 0, 0, 0, 0, 0, 0, 0, 0, 0, 0, 0, 0, 0, 0, 0, 0, 0, 0, 0, 0, 0, 46, 22, 146
"c:\Users\Marlowe\Desktop\ProjectBible\.venv\Lib\site-packages\pip\_vendor\packaging\licenses\_spdx.py", "Python", 0, 0, 0, 0, 0, 0, 0, 751, 0, 0, 0, 0, 0, 0, 0, 0, 0, 0, 0, 0, 0, 0, 0, 0, 0, 0, 0, 0, 0, 0, 0, 0, 0, 0, 0, 0, 0, 0, 0, 9, 760
"c:\Users\Marlowe\Desktop\ProjectBible\.venv\Lib\site-packages\pip\_vendor\packaging\markers.py", "Python", 0, 0, 0, 0, 0, 0, 0, 165, 0, 0, 0, 0, 0, 0, 0, 0, 0, 0, 0, 0, 0, 0, 0, 0, 0, 0, 0, 0, 0, 0, 0, 0, 0, 0, 0, 0, 0, 0, 106, 61, 332
"c:\Users\Marlowe\Desktop\ProjectBible\.venv\Lib\site-packages\pip\_vendor\packaging\metadata.py", "Python", 0, 0, 0, 0, 0, 0, 0, 503, 0, 0, 0, 0, 0, 0, 0, 0, 0, 0, 0, 0, 0, 0, 0, 0, 0, 0, 0, 0, 0, 0, 0, 0, 0, 0, 0, 0, 0, 0, 266, 95, 864
"c:\Users\Marlowe\Desktop\ProjectBible\.venv\Lib\site-packages\pip\_vendor\packaging\requirements.py", "Python", 0, 0, 0, 0, 0, 0, 0, 56, 0, 0, 0, 0, 0, 0, 0, 0, 0, 0, 0, 0, 0, 0, 0, 0, 0, 0, 0, 0, 0, 0, 0, 0, 0, 0, 0, 0, 0, 0, 16, 20, 92
"c:\Users\Marlowe\Desktop\ProjectBible\.venv\Lib\site-packages\pip\_vendor\packaging\specifiers.py", "Python", 0, 0, 0, 0, 0, 0, 0, 336, 0, 0, 0, 0, 0, 0, 0, 0, 0, 0, 0, 0, 0, 0, 0, 0, 0, 0, 0, 0, 0, 0, 0, 0, 0, 0, 0, 0, 0, 0, 621, 64, 1021
"c:\Users\Marlowe\Desktop\ProjectBible\.venv\Lib\site-packages\pip\_vendor\packaging\tags.py", "Python", 0, 0, 0, 0, 0, 0, 0, 370, 0, 0, 0, 0, 0, 0, 0, 0, 0, 0, 0, 0, 0, 0, 0, 0, 0, 0, 0, 0, 0, 0, 0, 0, 0, 0, 0, 0, 0, 0, 157, 91, 618
"c:\Users\Marlowe\Desktop\ProjectBible\.venv\Lib\site-packages\pip\_vendor\packaging\utils.py", "Python", 0, 0, 0, 0, 0, 0, 0, 93, 0, 0, 0, 0, 0, 0, 0, 0, 0, 0, 0, 0, 0, 0, 0, 0, 0, 0, 0, 0, 0, 0, 0, 0, 0, 0, 0, 0, 0, 0, 38, 33, 164
"c:\Users\Marlowe\Desktop\ProjectBible\.venv\Lib\site-packages\pip\_vendor\packaging\version.py", "Python", 0, 0, 0, 0, 0, 0, 0, 220, 0, 0, 0, 0, 0, 0, 0, 0, 0, 0, 0, 0, 0, 0, 0, 0, 0, 0, 0, 0, 0, 0, 0, 0, 0, 0, 0, 0, 0, 0, 310, 53, 583
"c:\Users\Marlowe\Desktop\ProjectBible\.venv\Lib\site-packages\pip\_vendor\pkg_resources\__init__.py", "Python", 0, 0, 0, 0, 0, 0, 0, 2097, 0, 0, 0, 0, 0, 0, 0, 0, 0, 0, 0, 0, 0, 0, 0, 0, 0, 0, 0, 0, 0, 0, 0, 0, 0, 0, 0, 0, 0, 0, 1056, 524, 3677
"c:\Users\Marlowe\Desktop\ProjectBible\.venv\Lib\site-packages\pip\_vendor\platformdirs\__init__.py", "Python", 0, 0, 0, 0, 0, 0, 0, 373, 0, 0, 0, 0, 0, 0, 0, 0, 0, 0, 0, 0, 0, 0, 0, 0, 0, 0, 0, 0, 0, 0, 0, 0, 0, 0, 0, 0, 0, 0, 179, 80, 632
"c:\Users\Marlowe\Desktop\ProjectBible\.venv\Lib\site-packages\pip\_vendor\platformdirs\__main__.py", "Python", 0, 0, 0, 0, 0, 0, 0, 41, 0, 0, 0, 0, 0, 0, 0, 0, 0, 0, 0, 0, 0, 0, 0, 0, 0, 0, 0, 0, 0, 0, 0, 0, 0, 0, 0, 0, 0, 0, 2, 13, 56
"c:\Users\Marlowe\Desktop\ProjectBible\.venv\Lib\site-packages\pip\_vendor\platformdirs\android.py", "Python", 0, 0, 0, 0, 0, 0, 0, 149, 0, 0, 0, 0, 0, 0, 0, 0, 0, 0, 0, 0, 0, 0, 0, 0, 0, 0, 0, 0, 0, 0, 0, 0, 0, 0, 0, 0, 0, 0, 53, 48, 250
"c:\Users\Marlowe\Desktop\ProjectBible\.venv\Lib\site-packages\pip\_vendor\platformdirs\api.py", "Python", 0, 0, 0, 0, 0, 0, 0, 161, 0, 0, 0, 0, 0, 0, 0, 0, 0, 0, 0, 0, 0, 0, 0, 0, 0, 0, 0, 0, 0, 0, 0, 0, 0, 0, 0, 0, 0, 0, 88, 50, 299
"c:\Users\Marlowe\Desktop\ProjectBible\.venv\Lib\site-packages\pip\_vendor\platformdirs\macos.py", "Python", 0, 0, 0, 0, 0, 0, 0, 75, 0, 0, 0, 0, 0, 0, 0, 0, 0, 0, 0, 0, 0, 0, 0, 0, 0, 0, 0, 0, 0, 0, 0, 0, 0, 0, 0, 0, 0, 0, 43, 27, 145
"c:\Users\Marlowe\Desktop\ProjectBible\.venv\Lib\site-packages\pip\_vendor\platformdirs\unix.py", "Python", 0, 0, 0, 0, 0, 0, 0, 146, 0, 0, 0, 0, 0, 0, 0, 0, 0, 0, 0, 0, 0, 0, 0, 0, 0, 0, 0, 0, 0, 0, 0, 0, 0, 0, 0, 0, 0, 0, 81, 43, 270
"c:\Users\Marlowe\Desktop\ProjectBible\.venv\Lib\site-packages\pip\_vendor\platformdirs\version.py", "Python", 0, 0, 0, 0, 0, 0, 0, 12, 0, 0, 0, 0, 0, 0, 0, 0, 0, 0, 0, 0, 0, 0, 0, 0, 0, 0, 0, 0, 0, 0, 0, 0, 0, 0, 0, 0, 0, 0, 2, 3, 17
"c:\Users\Marlowe\Desktop\ProjectBible\.venv\Lib\site-packages\pip\_vendor\platformdirs\windows.py", "Python", 0, 0, 0, 0, 0, 0, 0, 174, 0, 0, 0, 0, 0, 0, 0, 0, 0, 0, 0, 0, 0, 0, 0, 0, 0, 0, 0, 0, 0, 0, 0, 0, 0, 0, 0, 0, 0, 0, 50, 49, 273
"c:\Users\Marlowe\Desktop\ProjectBible\.venv\Lib\site-packages\pip\_vendor\pygments\__init__.py", "Python", 0, 0, 0, 0, 0, 0, 0, 29, 0, 0, 0, 0, 0, 0, 0, 0, 0, 0, 0, 0, 0, 0, 0, 0, 0, 0, 0, 0, 0, 0, 0, 0, 0, 0, 0, 0, 0, 0, 45, 9, 83
"c:\Users\Marlowe\Desktop\ProjectBible\.venv\Lib\site-packages\pip\_vendor\pygments\__main__.py", "Python", 0, 0, 0, 0, 0, 0, 0, 6, 0, 0, 0, 0, 0, 0, 0, 0, 0, 0, 0, 0, 0, 0, 0, 0, 0, 0, 0, 0, 0, 0, 0, 0, 0, 0, 0, 0, 0, 0, 9, 3, 18
"c:\Users\Marlowe\Desktop\ProjectBible\.venv\Lib\site-packages\pip\_vendor\pygments\cmdline.py", "Python", 0, 0, 0, 0, 0, 0, 0, 544, 0, 0, 0, 0, 0, 0, 0, 0, 0, 0, 0, 0, 0, 0, 0, 0, 0, 0, 0, 0, 0, 0, 0, 0, 0, 0, 0, 0, 0, 0, 51, 74, 669
"c:\Users\Marlowe\Desktop\ProjectBible\.venv\Lib\site-packages\pip\_vendor\pygments\console.py", "Python", 0, 0, 0, 0, 0, 0, 0, 40, 0, 0, 0, 0, 0, 0, 0, 0, 0, 0, 0, 0, 0, 0, 0, 0, 0, 0, 0, 0, 0, 0, 0, 0, 0, 0, 0, 0, 0, 0, 17, 14, 71
"c:\Users\Marlowe\Desktop\ProjectBible\.venv\Lib\site-packages\pip\_vendor\pygments\filter.py", "Python", 0, 0, 0, 0, 0, 0, 0, 25, 0, 0, 0, 0, 0, 0, 0, 0, 0, 0, 0, 0, 0, 0, 0, 0, 0, 0, 0, 0, 0, 0, 0, 0, 0, 0, 0, 0, 0, 0, 33, 13, 71
"c:\Users\Marlowe\Desktop\ProjectBible\.venv\Lib\site-packages\pip\_vendor\pygments\filters\__init__.py", "Python", 0, 0, 0, 0, 0, 0, 0, 756, 0, 0, 0, 0, 0, 0, 0, 0, 0, 0, 0, 0, 0, 0, 0, 0, 0, 0, 0, 0, 0, 0, 0, 0, 0, 0, 0, 0, 0, 0, 133, 52, 941
"c:\Users\Marlowe\Desktop\ProjectBible\.venv\Lib\site-packages\pip\_vendor\pygments\formatter.py", "Python", 0, 0, 0, 0, 0, 0, 0, 30, 0, 0, 0, 0, 0, 0, 0, 0, 0, 0, 0, 0, 0, 0, 0, 0, 0, 0, 0, 0, 0, 0, 0, 0, 0, 0, 0, 0, 0, 0, 84, 16, 130
"c:\Users\Marlowe\Desktop\ProjectBible\.venv\Lib\site-packages\pip\_vendor\pygments\formatters\__init__.py", "Python", 0, 0, 0, 0, 0, 0, 0, 85, 0, 0, 0, 0, 0, 0, 0, 0, 0, 0, 0, 0, 0, 0, 0, 0, 0, 0, 0, 0, 0, 0, 0, 0, 0, 0, 0, 0, 0, 0, 49, 24, 158
"c:\Users\Marlowe\Desktop\ProjectBible\.venv\Lib\site-packages\pip\_vendor\pygments\formatters\_mapping.py", "Python", 0, 0, 0, 0, 0, 0, 0, 20, 0, 0, 0, 0, 0, 0, 0, 0, 0, 0, 0, 0, 0, 0, 0, 0, 0, 0, 0, 0, 0, 0, 0, 0, 0, 0, 0, 0, 0, 0, 2, 2, 24
"c:\Users\Marlowe\Desktop\ProjectBible\.venv\Lib\site-packages\pip\_vendor\pygments\formatters\bbcode.py", "Python", 0, 0, 0, 0, 0, 0, 0, 56, 0, 0, 0, 0, 0, 0, 0, 0, 0, 0, 0, 0, 0, 0, 0, 0, 0, 0, 0, 0, 0, 0, 0, 0, 0, 0, 0, 0, 0, 0, 38, 15, 109
"c:\Users\Marlowe\Desktop\ProjectBible\.venv\Lib\site-packages\pip\_vendor\pygments\formatters\groff.py", "Python", 0, 0, 0, 0, 0, 0, 0, 106, 0, 0, 0, 0, 0, 0, 0, 0, 0, 0, 0, 0, 0, 0, 0, 0, 0, 0, 0, 0, 0, 0, 0, 0, 0, 0, 0, 0, 0, 0, 30, 35, 171
"c:\Users\Marlowe\Desktop\ProjectBible\.venv\Lib\site-packages\pip\_vendor\pygments\formatters\html.py", "Python", 0, 0, 0, 0, 0, 0, 0, 370, 0, 0, 0, 0, 0, 0, 0, 0, 0, 0, 0, 0, 0, 0, 0, 0, 0, 0, 0, 0, 0, 0, 0, 0, 0, 0, 0, 0, 0, 0, 520, 98, 988
"c:\Users\Marlowe\Desktop\ProjectBible\.venv\Lib\site-packages\pip\_vendor\pygments\formatters\img.py", "Python", 0, 0, 0, 0, 0, 0, 0, 387, 0, 0, 0, 0, 0, 0, 0, 0, 0, 0, 0, 0, 0, 0, 0, 0, 0, 0, 0, 0, 0, 0, 0, 0, 0, 0, 0, 0, 0, 0, 232, 67, 686
"c:\Users\Marlowe\Desktop\ProjectBible\.venv\Lib\site-packages\pip\_vendor\pygments\formatters\irc.py", "Python", 0, 0, 0, 0, 0, 0, 0, 85, 0, 0, 0, 0, 0, 0, 0, 0, 0, 0, 0, 0, 0, 0, 0, 0, 0, 0, 0, 0, 0, 0, 0, 0, 0, 0, 0, 0, 0, 0, 52, 18, 155
"c:\Users\Marlowe\Desktop\ProjectBible\.venv\Lib\site-packages\pip\_vendor\pygments\formatters\latex.py", "Python", 0, 0, 0, 0, 0, 0, 0, 208, 0, 0, 0, 0, 0, 0, 0, 0, 0, 0, 0, 0, 0, 0, 0, 0, 0, 0, 0, 0, 0, 0, 0, 0, 0, 0, 0, 0, 0, 0, 260, 51, 519
"c:\Users\Marlowe\Desktop\ProjectBible\.venv\Lib\site-packages\pip\_vendor\pygments\formatters\other.py", "Python", 0, 0, 0, 0, 0, 0, 0, 32, 0, 0, 0, 0, 0, 0, 0, 0, 0, 0, 0, 0, 0, 0, 0, 0, 0, 0, 0, 0, 0, 0, 0, 0, 0, 0, 0, 0, 0, 0, 116, 13, 161
"c:\Users\Marlowe\Desktop\ProjectBible\.venv\Lib\site-packages\pip\_vendor\pygments\formatters\pangomarkup.py", "Python", 0, 0, 0, 0, 0, 0, 0, 50, 0, 0, 0, 0, 0, 0, 0, 0, 0, 0, 0, 0, 0, 0, 0, 0, 0, 0, 0, 0, 0, 0, 0, 0, 0, 0, 0, 0, 0, 0, 15, 19, 84
"c:\Users\Marlowe\Desktop\ProjectBible\.venv\Lib\site-packages\pip\_vendor\pygments\formatters\rtf.py", "Python", 0, 0, 0, 0, 0, 0, 0, 23, 0, 0, 0, 0, 0, 0, 0, 0, 0, 0, 0, 0, 0, 0, 0, 0, 0, 0, 0, 0, 0, 0, 0, 0, 0, 0, 0, 0, 0, 0, 319, 8, 350
"c:\Users\Marlowe\Desktop\ProjectBible\.venv\Lib\site-packages\pip\_vendor\pygments\formatters\svg.py", "Python", 0, 0, 0, 0, 0, 0, 0, 95, 0, 0, 0, 0, 0, 0, 0, 0, 0, 0, 0, 0, 0, 0, 0, 0, 0, 0, 0, 0, 0, 0, 0, 0, 0, 0, 0, 0, 0, 0, 75, 16, 186
"c:\Users\Marlowe\Desktop\ProjectBible\.venv\Lib\site-packages\pip\_vendor\pygments\formatters\terminal.py", "Python", 0, 0, 0, 0, 0, 0, 0, 51, 0, 0, 0, 0, 0, 0, 0, 0, 0, 0, 0, 0, 0, 0, 0, 0, 0, 0, 0, 0, 0, 0, 0, 0, 0, 0, 0, 0, 0, 0, 62, 15, 128
"c:\Users\Marlowe\Desktop\ProjectBible\.venv\Lib\site-packages\pip\_vendor\pygments\formatters\terminal256.py", "Python", 0, 0, 0, 0, 0, 0, 0, 190, 0, 0, 0, 0, 0, 0, 0, 0, 0, 0, 0, 0, 0, 0, 0, 0, 0, 0, 0, 0, 0, 0, 0, 0, 0, 0, 0, 0, 0, 0, 102, 47, 339
"c:\Users\Marlowe\Desktop\ProjectBible\.venv\Lib\site-packages\pip\_vendor\pygments\lexer.py", "Python", 0, 0, 0, 0, 0, 0, 0, 524, 0, 0, 0, 0, 0, 0, 0, 0, 0, 0, 0, 0, 0, 0, 0, 0, 0, 0, 0, 0, 0, 0, 0, 0, 0, 0, 0, 0, 0, 0, 326, 114, 964
"c:\Users\Marlowe\Desktop\ProjectBible\.venv\Lib\site-packages\pip\_vendor\pygments\lexers\__init__.py", "Python", 0, 0, 0, 0, 0, 0, 0, 196, 0, 0, 0, 0, 0, 0, 0, 0, 0, 0, 0, 0, 0, 0, 0, 0, 0, 0, 0, 0, 0, 0, 0, 0, 0, 0, 0, 0, 0, 0, 120, 47, 363
"c:\Users\Marlowe\Desktop\ProjectBible\.venv\Lib\site-packages\pip\_vendor\pygments\lexers\_mapping.py", "Python", 0, 0, 0, 0, 0, 0, 0, 586, 0, 0, 0, 0, 0, 0, 0, 0, 0, 0, 0, 0, 0, 0, 0, 0, 0, 0, 0, 0, 0, 0, 0, 0, 0, 0, 0, 0, 0, 0, 2, 2, 590
"c:\Users\Marlowe\Desktop\ProjectBible\.venv\Lib\site-packages\pip\_vendor\pygments\lexers\python.py", "Python", 0, 0, 0, 0, 0, 0, 0, 997, 0, 0, 0, 0, 0, 0, 0, 0, 0, 0, 0, 0, 0, 0, 0, 0, 0, 0, 0, 0, 0, 0, 0, 0, 0, 0, 0, 0, 0, 0, 144, 58, 1199
"c:\Users\Marlowe\Desktop\ProjectBible\.venv\Lib\site-packages\pip\_vendor\pygments\modeline.py", "Python", 0, 0, 0, 0, 0, 0, 0, 22, 0, 0, 0, 0, 0, 0, 0, 0, 0, 0, 0, 0, 0, 0, 0, 0, 0, 0, 0, 0, 0, 0, 0, 0, 0, 0, 0, 0, 0, 0, 12, 10, 44
"c:\Users\Marlowe\Desktop\ProjectBible\.venv\Lib\site-packages\pip\_vendor\pygments\plugin.py", "Python", 0, 0, 0, 0, 0, 0, 0, 23, 0, 0, 0, 0, 0, 0, 0, 0, 0, 0, 0, 0, 0, 0, 0, 0, 0, 0, 0, 0, 0, 0, 0, 0, 0, 0, 0, 0, 0, 0, 38, 12, 73
"c:\Users\Marlowe\Desktop\ProjectBible\.venv\Lib\site-packages\pip\_vendor\pygments\regexopt.py", "Python", 0, 0, 0, 0, 0, 0, 0, 52, 0, 0, 0, 0, 0, 0, 0, 0, 0, 0, 0, 0, 0, 0, 0, 0, 0, 0, 0, 0, 0, 0, 0, 0, 0, 0, 0, 0, 0, 0, 31, 9, 92
"c:\Users\Marlowe\Desktop\ProjectBible\.venv\Lib\site-packages\pip\_vendor\pygments\scanner.py", "Python", 0, 0, 0, 0, 0, 0, 0, 44, 0, 0, 0, 0, 0, 0, 0, 0, 0, 0, 0, 0, 0, 0, 0, 0, 0, 0, 0, 0, 0, 0, 0, 0, 0, 0, 0, 0, 0, 0, 49, 12, 105
"c:\Users\Marlowe\Desktop\ProjectBible\.venv\Lib\site-packages\pip\_vendor\pygments\sphinxext.py", "Python", 0, 0, 0, 0, 0, 0, 0, 181, 0, 0, 0, 0, 0, 0, 0, 0, 0, 0, 0, 0, 0, 0, 0, 0, 0, 0, 0, 0, 0, 0, 0, 0, 0, 0, 0, 0, 0, 0, 20, 47, 248
"c:\Users\Marlowe\Desktop\ProjectBible\.venv\Lib\site-packages\pip\_vendor\pygments\style.py", "Python", 0, 0, 0, 0, 0, 0, 0, 148, 0, 0, 0, 0, 0, 0, 0, 0, 0, 0, 0, 0, 0, 0, 0, 0, 0, 0, 0, 0, 0, 0, 0, 0, 0, 0, 0, 0, 0, 0, 28, 28, 204
"c:\Users\Marlowe\Desktop\ProjectBible\.venv\Lib\site-packages\pip\_vendor\pygments\styles\__init__.py", "Python", 0, 0, 0, 0, 0, 0, 0, 31, 0, 0, 0, 0, 0, 0, 0, 0, 0, 0, 0, 0, 0, 0, 0, 0, 0, 0, 0, 0, 0, 0, 0, 0, 0, 0, 0, 0, 0, 0, 22, 9, 62
"c:\Users\Marlowe\Desktop\ProjectBible\.venv\Lib\site-packages\pip\_vendor\pygments\styles\_mapping.py", "Python", 0, 0, 0, 0, 0, 0, 0, 51, 0, 0, 0, 0, 0, 0, 0, 0, 0, 0, 0, 0, 0, 0, 0, 0, 0, 0, 0, 0, 0, 0, 0, 0, 0, 0, 0, 0, 0, 0, 2, 2, 55
"c:\Users\Marlowe\Desktop\ProjectBible\.venv\Lib\site-packages\pip\_vendor\pygments\token.py", "Python", 0, 0, 0, 0, 0, 0, 0, 142, 0, 0, 0, 0, 0, 0, 0, 0, 0, 0, 0, 0, 0, 0, 0, 0, 0, 0, 0, 0, 0, 0, 0, 0, 0, 0, 0, 0, 0, 0, 41, 32, 215
"c:\Users\Marlowe\Desktop\ProjectBible\.venv\Lib\site-packages\pip\_vendor\pygments\unistring.py", "Python", 0, 0, 0, 0, 0, 0, 0, 85, 0, 0, 0, 0, 0, 0, 0, 0, 0, 0, 0, 0, 0, 0, 0, 0, 0, 0, 0, 0, 0, 0, 0, 0, 0, 0, 0, 0, 0, 0, 18, 51, 154
"c:\Users\Marlowe\Desktop\ProjectBible\.venv\Lib\site-packages\pip\_vendor\pygments\util.py", "Python", 0, 0, 0, 0, 0, 0, 0, 179, 0, 0, 0, 0, 0, 0, 0, 0, 0, 0, 0, 0, 0, 0, 0, 0, 0, 0, 0, 0, 0, 0, 0, 0, 0, 0, 0, 0, 0, 0, 117, 29, 325
"c:\Users\Marlowe\Desktop\ProjectBible\.venv\Lib\site-packages\pip\_vendor\pyproject_hooks\__init__.py", "Python", 0, 0, 0, 0, 0, 0, 0, 23, 0, 0, 0, 0, 0, 0, 0, 0, 0, 0, 0, 0, 0, 0, 0, 0, 0, 0, 0, 0, 0, 0, 0, 0, 0, 0, 0, 0, 0, 0, 2, 7, 32
"c:\Users\Marlowe\Desktop\ProjectBible\.venv\Lib\site-packages\pip\_vendor\pyproject_hooks\_impl.py", "Python", 0, 0, 0, 0, 0, 0, 0, 224, 0, 0, 0, 0, 0, 0, 0, 0, 0, 0, 0, 0, 0, 0, 0, 0, 0, 0, 0, 0, 0, 0, 0, 0, 0, 0, 0, 0, 0, 0, 140, 47, 411
"c:\Users\Marlowe\Desktop\ProjectBible\.venv\Lib\site-packages\pip\_vendor\pyproject_hooks\_in_process\__init__.py", "Python", 0, 0, 0, 0, 0, 0, 0, 11, 0, 0, 0, 0, 0, 0, 0, 0, 0, 0, 0, 0, 0, 0, 0, 0, 0, 0, 0, 0, 0, 0, 0, 0, 0, 0, 0, 0, 0, 0, 6, 5, 22
"c:\Users\Marlowe\Desktop\ProjectBible\.venv\Lib\site-packages\pip\_vendor\pyproject_hooks\_in_process\_in_process.py", "Python", 0, 0, 0, 0, 0, 0, 0, 230, 0, 0, 0, 0, 0, 0, 0, 0, 0, 0, 0, 0, 0, 0, 0, 0, 0, 0, 0, 0, 0, 0, 0, 0, 0, 0, 0, 0, 0, 0, 86, 74, 390
"c:\Users\Marlowe\Desktop\ProjectBible\.venv\Lib\site-packages\pip\_vendor\requests\__init__.py", "Python", 0, 0, 0, 0, 0, 0, 0, 97, 0, 0, 0, 0, 0, 0, 0, 0, 0, 0, 0, 0, 0, 0, 0, 0, 0, 0, 0, 0, 0, 0, 0, 0, 0, 0, 0, 0, 0, 0, 56, 27, 180
"c:\Users\Marlowe\Desktop\ProjectBible\.venv\Lib\site-packages\pip\_vendor\requests\__version__.py", "Python", 0, 0, 0, 0, 0, 0, 0, 10, 0, 0, 0, 0, 0, 0, 0, 0, 0, 0, 0, 0, 0, 0, 0, 0, 0, 0, 0, 0, 0, 0, 0, 0, 0, 0, 0, 0, 0, 0, 3, 2, 15
"c:\Users\Marlowe\Desktop\ProjectBible\.venv\Lib\site-packages\pip\_vendor\requests\_internal_utils.py", "Python", 0, 0, 0, 0, 0, 0, 0, 25, 0, 0, 0, 0, 0, 0, 0, 0, 0, 0, 0, 0, 0, 0, 0, 0, 0, 0, 0, 0, 0, 0, 0, 0, 0, 0, 0, 0, 0, 0, 17, 9, 51
"c:\Users\Marlowe\Desktop\ProjectBible\.venv\Lib\site-packages\pip\_vendor\requests\adapters.py", "Python", 0, 0, 0, 0, 0, 0, 0, 391, 0, 0, 0, 0, 0, 0, 0, 0, 0, 0, 0, 0, 0, 0, 0, 0, 0, 0, 0, 0, 0, 0, 0, 0, 0, 0, 0, 0, 0, 0, 247, 82, 720
"c:\Users\Marlowe\Desktop\ProjectBible\.venv\Lib\site-packages\pip\_vendor\requests\api.py", "Python", 0, 0, 0, 0, 0, 0, 0, 53, 0, 0, 0, 0, 0, 0, 0, 0, 0, 0, 0, 0, 0, 0, 0, 0, 0, 0, 0, 0, 0, 0, 0, 0, 0, 0, 0, 0, 0, 0, 92, 13, 158
"c:\Users\Marlowe\Desktop\ProjectBible\.venv\Lib\site-packages\pip\_vendor\requests\auth.py", "Python", 0, 0, 0, 0, 0, 0, 0, 205, 0, 0, 0, 0, 0, 0, 0, 0, 0, 0, 0, 0, 0, 0, 0, 0, 0, 0, 0, 0, 0, 0, 0, 0, 0, 0, 0, 0, 0, 0, 47, 63, 315
"c:\Users\Marlowe\Desktop\ProjectBible\.venv\Lib\site-packages\pip\_vendor\requests\certs.py", "Python", 0, 0, 0, 0, 0, 0, 0, 3, 0, 0, 0, 0, 0, 0, 0, 0, 0, 0, 0, 0, 0, 0, 0, 0, 0, 0, 0, 0, 0, 0, 0, 0, 0, 0, 0, 0, 0, 0, 12, 3, 18
"c:\Users\Marlowe\Desktop\ProjectBible\.venv\Lib\site-packages\pip\_vendor\requests\compat.py", "Python", 0, 0, 0, 0, 0, 0, 0, 40, 0, 0, 0, 0, 0, 0, 0, 0, 0, 0, 0, 0, 0, 0, 0, 0, 0, 0, 0, 0, 0, 0, 0, 0, 0, 0, 0, 0, 0, 0, 24, 15, 79
"c:\Users\Marlowe\Desktop\ProjectBible\.venv\Lib\site-packages\pip\_vendor\requests\cookies.py", "Python", 0, 0, 0, 0, 0, 0, 0, 292, 0, 0, 0, 0, 0, 0, 0, 0, 0, 0, 0, 0, 0, 0, 0, 0, 0, 0, 0, 0, 0, 0, 0, 0, 0, 0, 0, 0, 0, 0, 188, 82, 562
"c:\Users\Marlowe\Desktop\ProjectBible\.venv\Lib\site-packages\pip\_vendor\requests\exceptions.py", "Python", 0, 0, 0, 0, 0, 0, 0, 39, 0, 0, 0, 0, 0, 0, 0, 0, 0, 0, 0, 0, 0, 0, 0, 0, 0, 0, 0, 0, 0, 0, 0, 0, 0, 0, 0, 0, 0, 0, 56, 57, 152
"c:\Users\Marlowe\Desktop\ProjectBible\.venv\Lib\site-packages\pip\_vendor\requests\help.py", "Python", 0, 0, 0, 0, 0, 0, 0, 95, 0, 0, 0, 0, 0, 0, 0, 0, 0, 0, 0, 0, 0, 0, 0, 0, 0, 0, 0, 0, 0, 0, 0, 0, 0, 0, 0, 0, 0, 0, 13, 20, 128
"c:\Users\Marlowe\Desktop\ProjectBible\.venv\Lib\site-packages\pip\_vendor\requests\hooks.py", "Python", 0, 0, 0, 0, 0, 0, 0, 14, 0, 0, 0, 0, 0, 0, 0, 0, 0, 0, 0, 0, 0, 0, 0, 0, 0, 0, 0, 0, 0, 0, 0, 0, 0, 0, 0, 0, 0, 0, 13, 7, 34
"c:\Users\Marlowe\Desktop\ProjectBible\.venv\Lib\site-packages\pip\_vendor\requests\models.py", "Python", 0, 0, 0, 0, 0, 0, 0, 594, 0, 0, 0, 0, 0, 0, 0, 0, 0, 0, 0, 0, 0, 0, 0, 0, 0, 0, 0, 0, 0, 0, 0, 0, 0, 0, 0, 0, 0, 0, 292, 152, 1038
"c:\Users\Marlowe\Desktop\ProjectBible\.venv\Lib\site-packages\pip\_vendor\requests\packages.py", "Python", 0, 0, 0, 0, 0, 0, 0, 17, 0, 0, 0, 0, 0, 0, 0, 0, 0, 0, 0, 0, 0, 0, 0, 0, 0, 0, 0, 0, 0, 0, 0, 0, 0, 0, 0, 0, 0, 0, 4, 5, 26
"c:\Users\Marlowe\Desktop\ProjectBible\.venv\Lib\site-packages\pip\_vendor\requests\sessions.py", "Python", 0, 0, 0, 0, 0, 0, 0, 366, 0, 0, 0, 0, 0, 0, 0, 0, 0, 0, 0, 0, 0, 0, 0, 0, 0, 0, 0, 0, 0, 0, 0, 0, 0, 0, 0, 0, 0, 0, 369, 97, 832
"c:\Users\Marlowe\Desktop\ProjectBible\.venv\Lib\site-packages\pip\_vendor\requests\status_codes.py", "Python", 0, 0, 0, 0, 0, 0, 0, 15, 0, 0, 0, 0, 0, 0, 0, 0, 0, 0, 0, 0, 0, 0, 0, 0, 0, 0, 0, 0, 0, 0, 0, 0, 0, 0, 0, 0, 0, 0, 111, 3, 129
"c:\Users\Marlowe\Desktop\ProjectBible\.venv\Lib\site-packages\pip\_vendor\requests\structures.py", "Python", 0, 0, 0, 0, 0, 0, 0, 40, 0, 0, 0, 0, 0, 0, 0, 0, 0, 0, 0, 0, 0, 0, 0, 0, 0, 0, 0, 0, 0, 0, 0, 0, 0, 0, 0, 0, 0, 0, 38, 22, 100
"c:\Users\Marlowe\Desktop\ProjectBible\.venv\Lib\site-packages\pip\_vendor\requests\utils.py", "Python", 0, 0, 0, 0, 0, 0, 0, 506, 0, 0, 0, 0, 0, 0, 0, 0, 0, 0, 0, 0, 0, 0, 0, 0, 0, 0, 0, 0, 0, 0, 0, 0, 0, 0, 0, 0, 0, 0, 442, 149, 1097
"c:\Users\Marlowe\Desktop\ProjectBible\.venv\Lib\site-packages\pip\_vendor\resolvelib\__init__.py", "Python", 0, 0, 0, 0, 0, 0, 0, 23, 0, 0, 0, 0, 0, 0, 0, 0, 0, 0, 0, 0, 0, 0, 0, 0, 0, 0, 0, 0, 0, 0, 0, 0, 0, 0, 0, 0, 0, 0, 0, 4, 27
"c:\Users\Marlowe\Desktop\ProjectBible\.venv\Lib\site-packages\pip\_vendor\resolvelib\compat\__init__.py", "Python", 0, 0, 0, 0, 0, 0, 0, 0, 0, 0, 0, 0, 0, 0, 0, 0, 0, 0, 0, 0, 0, 0, 0, 0, 0, 0, 0, 0, 0, 0, 0, 0, 0, 0, 0, 0, 0, 0, 0, 1, 1
"c:\Users\Marlowe\Desktop\ProjectBible\.venv\Lib\site-packages\pip\_vendor\resolvelib\compat\collections_abc.py", "Python", 0, 0, 0, 0, 0, 0, 0, 5, 0, 0, 0, 0, 0, 0, 0, 0, 0, 0, 0, 0, 0, 0, 0, 0, 0, 0, 0, 0, 0, 0, 0, 0, 0, 0, 0, 0, 0, 0, 0, 2, 7
"c:\Users\Marlowe\Desktop\ProjectBible\.venv\Lib\site-packages\pip\_vendor\resolvelib\providers.py", "Python", 0, 0, 0, 0, 0, 0, 0, 25, 0, 0, 0, 0, 0, 0, 0, 0, 0, 0, 0, 0, 0, 0, 0, 0, 0, 0, 0, 0, 0, 0, 0, 0, 0, 0, 0, 0, 0, 0, 98, 11, 134
"c:\Users\Marlowe\Desktop\ProjectBible\.venv\Lib\site-packages\pip\_vendor\resolvelib\reporters.py", "Python", 0, 0, 0, 0, 0, 0, 0, 9, 0, 0, 0, 0, 0, 0, 0, 0, 0, 0, 0, 0, 0, 0, 0, 0, 0, 0, 0, 0, 0, 0, 0, 0, 0, 0, 0, 0, 0, 0, 26, 9, 44
"c:\Users\Marlowe\Desktop\ProjectBible\.venv\Lib\site-packages\pip\_vendor\resolvelib\resolvers.py", "Python", 0, 0, 0, 0, 0, 0, 0, 335, 0, 0, 0, 0, 0, 0, 0, 0, 0, 0, 0, 0, 0, 0, 0, 0, 0, 0, 0, 0, 0, 0, 0, 0, 0, 0, 0, 0, 0, 0, 132, 81, 548
"c:\Users\Marlowe\Desktop\ProjectBible\.venv\Lib\site-packages\pip\_vendor\resolvelib\structs.py", "Python", 0, 0, 0, 0, 0, 0, 0, 109, 0, 0, 0, 0, 0, 0, 0, 0, 0, 0, 0, 0, 0, 0, 0, 0, 0, 0, 0, 0, 0, 0, 0, 0, 0, 0, 0, 0, 0, 0, 21, 41, 171
"c:\Users\Marlowe\Desktop\ProjectBible\.venv\Lib\site-packages\pip\_vendor\rich\__init__.py", "Python", 0, 0, 0, 0, 0, 0, 0, 68, 0, 0, 0, 0, 0, 0, 0, 0, 0, 0, 0, 0, 0, 0, 0, 0, 0, 0, 0, 0, 0, 0, 0, 0, 0, 0, 0, 0, 0, 0, 90, 20, 178
"c:\Users\Marlowe\Desktop\ProjectBible\.venv\Lib\site-packages\pip\_vendor\rich\__main__.py", "Python", 0, 0, 0, 0, 0, 0, 0, 230, 0, 0, 0, 0, 0, 0, 0, 0, 0, 0, 0, 0, 0, 0, 0, 0, 0, 0, 0, 0, 0, 0, 0, 0, 0, 0, 0, 0, 0, 0, 10, 34, 274
"c:\Users\Marlowe\Desktop\ProjectBible\.venv\Lib\site-packages\pip\_vendor\rich\_cell_widths.py", "Python", 0, 0, 0, 0, 0, 0, 0, 452, 0, 0, 0, 0, 0, 0, 0, 0, 0, 0, 0, 0, 0, 0, 0, 0, 0, 0, 0, 0, 0, 0, 0, 0, 0, 0, 0, 0, 0, 0, 1, 2, 455
"c:\Users\Marlowe\Desktop\ProjectBible\.venv\Lib\site-packages\pip\_vendor\rich\_emoji_codes.py", "Python", 0, 0, 0, 0, 0, 0, 0, 3610, 0, 0, 0, 0, 0, 0, 0, 0, 0, 0, 0, 0, 0, 0, 0, 0, 0, 0, 0, 0, 0, 0, 0, 0, 0, 0, 0, 0, 0, 0, 0, 1, 3611
"c:\Users\Marlowe\Desktop\ProjectBible\.venv\Lib\site-packages\pip\_vendor\rich\_emoji_replace.py", "Python", 0, 0, 0, 0, 0, 0, 0, 24, 0, 0, 0, 0, 0, 0, 0, 0, 0, 0, 0, 0, 0, 0, 0, 0, 0, 0, 0, 0, 0, 0, 0, 0, 0, 0, 0, 0, 0, 0, 1, 8, 33
"c:\Users\Marlowe\Desktop\ProjectBible\.venv\Lib\site-packages\pip\_vendor\rich\_export_format.py", "Python", 0, 0, 0, 0, 0, 0, 0, 74, 0, 0, 0, 0, 0, 0, 0, 0, 0, 0, 0, 0, 0, 0, 0, 0, 0, 0, 0, 0, 0, 0, 0, 0, 0, 0, 0, 0, 0, 0, 0, 3, 77
"c:\Users\Marlowe\Desktop\ProjectBible\.venv\Lib\site-packages\pip\_vendor\rich\_extension.py", "Python", 0, 0, 0, 0, 0, 0, 0, 6, 0, 0, 0, 0, 0, 0, 0, 0, 0, 0, 0, 0, 0, 0, 0, 0, 0, 0, 0, 0, 0, 0, 0, 0, 0, 0, 0, 0, 0, 0, 1, 4, 11
"c:\Users\Marlowe\Desktop\ProjectBible\.venv\Lib\site-packages\pip\_vendor\rich\_fileno.py", "Python", 0, 0, 0, 0, 0, 0, 0, 10, 0, 0, 0, 0, 0, 0, 0, 0, 0, 0, 0, 0, 0, 0, 0, 0, 0, 0, 0, 0, 0, 0, 0, 0, 0, 0, 0, 0, 0, 0, 11, 4, 25
"c:\Users\Marlowe\Desktop\ProjectBible\.venv\Lib\site-packages\pip\_vendor\rich\_inspect.py", "Python", 0, 0, 0, 0, 0, 0, 0, 188, 0, 0, 0, 0, 0, 0, 0, 0, 0, 0, 0, 0, 0, 0, 0, 0, 0, 0, 0, 0, 0, 0, 0, 0, 0, 0, 0, 0, 0, 0, 46, 35, 269
"c:\Users\Marlowe\Desktop\ProjectBible\.venv\Lib\site-packages\pip\_vendor\rich\_log_render.py", "Python", 0, 0, 0, 0, 0, 0, 0, 81, 0, 0, 0, 0, 0, 0, 0, 0, 0, 0, 0, 0, 0, 0, 0, 0, 0, 0, 0, 0, 0, 0, 0, 0, 0, 0, 0, 0, 0, 0, 0, 14, 95
"c:\Users\Marlowe\Desktop\ProjectBible\.venv\Lib\site-packages\pip\_vendor\rich\_loop.py", "Python", 0, 0, 0, 0, 0, 0, 0, 33, 0, 0, 0, 0, 0, 0, 0, 0, 0, 0, 0, 0, 0, 0, 0, 0, 0, 0, 0, 0, 0, 0, 0, 0, 0, 0, 0, 0, 0, 0, 3, 8, 44
"c:\Users\Marlowe\Desktop\ProjectBible\.venv\Lib\site-packages\pip\_vendor\rich\_null_file.py", "Python", 0, 0, 0, 0, 0, 0, 0, 47, 0, 0, 0, 0, 0, 0, 0, 0, 0, 0, 0, 0, 0, 0, 0, 0, 0, 0, 0, 0, 0, 0, 0, 0, 0, 0, 0, 0, 0, 0, 0, 23, 70
"c:\Users\Marlowe\Desktop\ProjectBible\.venv\Lib\site-packages\pip\_vendor\rich\_palettes.py", "Python", 0, 0, 0, 0, 0, 0, 0, 301, 0, 0, 0, 0, 0, 0, 0, 0, 0, 0, 0, 0, 0, 0, 0, 0, 0, 0, 0, 0, 0, 0, 0, 0, 0, 0, 0, 0, 0, 0, 3, 6, 310
"c:\Users\Marlowe\Desktop\ProjectBible\.venv\Lib\site-packages\pip\_vendor\rich\_pick.py", "Python", 0, 0, 0, 0, 0, 0, 0, 7, 0, 0, 0, 0, 0, 0, 0, 0, 0, 0, 0, 0, 0, 0, 0, 0, 0, 0, 0, 0, 0, 0, 0, 0, 0, 0, 0, 0, 0, 0, 8, 3, 18
"c:\Users\Marlowe\Desktop\ProjectBible\.venv\Lib\site-packages\pip\_vendor\rich\_ratio.py", "Python", 0, 0, 0, 0, 0, 0, 0, 92, 0, 0, 0, 0, 0, 0, 0, 0, 0, 0, 0, 0, 0, 0, 0, 0, 0, 0, 0, 0, 0, 0, 0, 0, 0, 0, 0, 0, 0, 0, 49, 19, 160
"c:\Users\Marlowe\Desktop\ProjectBible\.venv\Lib\site-packages\pip\_vendor\rich\_spinners.py", "Python", 0, 0, 0, 0, 0, 0, 0, 461, 0, 0, 0, 0, 0, 0, 0, 0, 0, 0, 0, 0, 0, 0, 0, 0, 0, 0, 0, 0, 0, 0, 0, 0, 0, 0, 0, 0, 0, 0, 20, 2, 483
"c:\Users\Marlowe\Desktop\ProjectBible\.venv\Lib\site-packages\pip\_vendor\rich\_stack.py", "Python", 0, 0, 0, 0, 0, 0, 0, 8, 0, 0, 0, 0, 0, 0, 0, 0, 0, 0, 0, 0, 0, 0, 0, 0, 0, 0, 0, 0, 0, 0, 0, 0, 0, 0, 0, 0, 0, 0, 3, 6, 17
"c:\Users\Marlowe\Desktop\ProjectBible\.venv\Lib\site-packages\pip\_vendor\rich\_timer.py", "Python", 0, 0, 0, 0, 0, 0, 0, 10, 0, 0, 0, 0, 0, 0, 0, 0, 0, 0, 0, 0, 0, 0, 0, 0, 0, 0, 0, 0, 0, 0, 0, 0, 0, 0, 0, 0, 0, 0, 5, 5, 20
"c:\Users\Marlowe\Desktop\ProjectBible\.venv\Lib\site-packages\pip\_vendor\rich\_win32_console.py", "Python", 0, 0, 0, 0, 0, 0, 0, 389, 0, 0, 0, 0, 0, 0, 0, 0, 0, 0, 0, 0, 0, 0, 0, 0, 0, 0, 0, 0, 0, 0, 0, 0, 0, 0, 0, 0, 0, 0, 173, 100, 662
"c:\Users\Marlowe\Desktop\ProjectBible\.venv\Lib\site-packages\pip\_vendor\rich\_windows.py", "Python", 0, 0, 0, 0, 0, 0, 0, 48, 0, 0, 0, 0, 0, 0, 0, 0, 0, 0, 0, 0, 0, 0, 0, 0, 0, 0, 0, 0, 0, 0, 0, 0, 0, 0, 0, 0, 0, 0, 9, 15, 72
"c:\Users\Marlowe\Desktop\ProjectBible\.venv\Lib\site-packages\pip\_vendor\rich\_windows_renderer.py", "Python", 0, 0, 0, 0, 0, 0, 0, 47, 0, 0, 0, 0, 0, 0, 0, 0, 0, 0, 0, 0, 0, 0, 0, 0, 0, 0, 0, 0, 0, 0, 0, 0, 0, 0, 0, 0, 0, 0, 6, 4, 57
"c:\Users\Marlowe\Desktop\ProjectBible\.venv\Lib\site-packages\pip\_vendor\rich\_wrap.py", "Python", 0, 0, 0, 0, 0, 0, 0, 54, 0, 0, 0, 0, 0, 0, 0, 0, 0, 0, 0, 0, 0, 0, 0, 0, 0, 0, 0, 0, 0, 0, 0, 0, 0, 0, 0, 0, 0, 0, 24, 16, 94
"c:\Users\Marlowe\Desktop\ProjectBible\.venv\Lib\site-packages\pip\_vendor\rich\abc.py", "Python", 0, 0, 0, 0, 0, 0, 0, 15, 0, 0, 0, 0, 0, 0, 0, 0, 0, 0, 0, 0, 0, 0, 0, 0, 0, 0, 0, 0, 0, 0, 0, 0, 0, 0, 0, 0, 0, 0, 10, 9, 34
"c:\Users\Marlowe\Desktop\ProjectBible\.venv\Lib\site-packages\pip\_vendor\rich\align.py", "Python", 0, 0, 0, 0, 0, 0, 0, 248, 0, 0, 0, 0, 0, 0, 0, 0, 0, 0, 0, 0, 0, 0, 0, 0, 0, 0, 0, 0, 0, 0, 0, 0, 0, 0, 0, 0, 0, 0, 31, 34, 313
"c:\Users\Marlowe\Desktop\ProjectBible\.venv\Lib\site-packages\pip\_vendor\rich\ansi.py", "Python", 0, 0, 0, 0, 0, 0, 0, 41, 0, 0, 0, 0, 0, 0, 0, 0, 0, 0, 0, 0, 0, 0, 0, 0, 0, 0, 0, 0, 0, 0, 0, 0, 0, 0, 0, 0, 0, 0, 193, 8, 242
"c:\Users\Marlowe\Desktop\ProjectBible\.venv\Lib\site-packages\pip\_vendor\rich\bar.py", "Python", 0, 0, 0, 0, 0, 0, 0, 62, 0, 0, 0, 0, 0, 0, 0, 0, 0, 0, 0, 0, 0, 0, 0, 0, 0, 0, 0, 0, 0, 0, 0, 0, 0, 0, 0, 0, 0, 0, 15, 17, 94
"c:\Users\Marlowe\Desktop\ProjectBible\.venv\Lib\site-packages\pip\_vendor\rich\box.py", "Python", 0, 0, 0, 0, 0, 0, 0, 359, 0, 0, 0, 0, 0, 0, 0, 0, 0, 0, 0, 0, 0, 0, 0, 0, 0, 0, 0, 0, 0, 0, 0, 0, 0, 0, 0, 0, 0, 0, 69, 53, 481
"c:\Users\Marlowe\Desktop\ProjectBible\.venv\Lib\site-packages\pip\_vendor\rich\cells.py", "Python", 0, 0, 0, 0, 0, 0, 0, 104, 0, 0, 0, 0, 0, 0, 0, 0, 0, 0, 0, 0, 0, 0, 0, 0, 0, 0, 0, 0, 0, 0, 0, 0, 0, 0, 0, 0, 0, 0, 44, 27, 175
"c:\Users\Marlowe\Desktop\ProjectBible\.venv\Lib\site-packages\pip\_vendor\rich\color.py", "Python", 0, 0, 0, 0, 0, 0, 0, 537, 0, 0, 0, 0, 0, 0, 0, 0, 0, 0, 0, 0, 0, 0, 0, 0, 0, 0, 0, 0, 0, 0, 0, 0, 0, 0, 0, 0, 0, 0, 57, 28, 622
"c:\Users\Marlowe\Desktop\ProjectBible\.venv\Lib\site-packages\pip\_vendor\rich\color_triplet.py", "Python", 0, 0, 0, 0, 0, 0, 0, 17, 0, 0, 0, 0, 0, 0, 0, 0, 0, 0, 0, 0, 0, 0, 0, 0, 0, 0, 0, 0, 0, 0, 0, 0, 0, 0, 0, 0, 0, 0, 15, 7, 39
"c:\Users\Marlowe\Desktop\ProjectBible\.venv\Lib\site-packages\pip\_vendor\rich\columns.py", "Python", 0, 0, 0, 0, 0, 0, 0, 150, 0, 0, 0, 0, 0, 0, 0, 0, 0, 0, 0, 0, 0, 0, 0, 0, 0, 0, 0, 0, 0, 0, 0, 0, 0, 0, 0, 0, 0, 0, 19, 19, 188
"c:\Users\Marlowe\Desktop\ProjectBible\.venv\Lib\site-packages\pip\_vendor\rich\console.py", "Python", 0, 0, 0, 0, 0, 0, 0, 1631, 0, 0, 0, 0, 0, 0, 0, 0, 0, 0, 0, 0, 0, 0, 0, 0, 0, 0, 0, 0, 0, 0, 0, 0, 0, 0, 0, 0, 0, 0, 770, 261, 2662
"c:\Users\Marlowe\Desktop\ProjectBible\.venv\Lib\site-packages\pip\_vendor\rich\constrain.py", "Python", 0, 0, 0, 0, 0, 0, 0, 24, 0, 0, 0, 0, 0, 0, 0, 0, 0, 0, 0, 0, 0, 0, 0, 0, 0, 0, 0, 0, 0, 0, 0, 0, 0, 0, 0, 0, 0, 0, 6, 8, 38
"c:\Users\Marlowe\Desktop\ProjectBible\.venv\Lib\site-packages\pip\_vendor\rich\containers.py", "Python", 0, 0, 0, 0, 0, 0, 0, 128, 0, 0, 0, 0, 0, 0, 0, 0, 0, 0, 0, 0, 0, 0, 0, 0, 0, 0, 0, 0, 0, 0, 0, 0, 0, 0, 0, 0, 0, 0, 13, 27, 168
"c:\Users\Marlowe\Desktop\ProjectBible\.venv\Lib\site-packages\pip\_vendor\rich\control.py", "Python", 0, 0, 0, 0, 0, 0, 0, 132, 0, 0, 0, 0, 0, 0, 0, 0, 0, 0, 0, 0, 0, 0, 0, 0, 0, 0, 0, 0, 0, 0, 0, 0, 0, 0, 0, 0, 0, 0, 62, 32, 226
"c:\Users\Marlowe\Desktop\ProjectBible\.venv\Lib\site-packages\pip\_vendor\rich\default_styles.py", "Python", 0, 0, 0, 0, 0, 0, 0, 182, 0, 0, 0, 0, 0, 0, 0, 0, 0, 0, 0, 0, 0, 0, 0, 0, 0, 0, 0, 0, 0, 0, 0, 0, 0, 0, 0, 0, 0, 0, 0, 10, 192
"c:\Users\Marlowe\Desktop\ProjectBible\.venv\Lib\site-packages\pip\_vendor\rich\diagnose.py", "Python", 0, 0, 0, 0, 0, 0, 0, 29, 0, 0, 0, 0, 0, 0, 0, 0, 0, 0, 0, 0, 0, 0, 0, 0, 0, 0, 0, 0, 0, 0, 0, 0, 0, 0, 0, 0, 0, 0, 1, 8, 38
"c:\Users\Marlowe\Desktop\ProjectBible\.venv\Lib\site-packages\pip\_vendor\rich\emoji.py", "Python", 0, 0, 0, 0, 0, 0, 0, 56, 0, 0, 0, 0, 0, 0, 0, 0, 0, 0, 0, 0, 0, 0, 0, 0, 0, 0, 0, 0, 0, 0, 0, 0, 0, 0, 0, 0, 0, 0, 18, 23, 97
"c:\Users\Marlowe\Desktop\ProjectBible\.venv\Lib\site-packages\pip\_vendor\rich\errors.py", "Python", 0, 0, 0, 0, 0, 0, 0, 9, 0, 0, 0, 0, 0, 0, 0, 0, 0, 0, 0, 0, 0, 0, 0, 0, 0, 0, 0, 0, 0, 0, 0, 0, 0, 0, 0, 0, 0, 0, 9, 17, 35
"c:\Users\Marlowe\Desktop\ProjectBible\.venv\Lib\site-packages\pip\_vendor\rich\file_proxy.py", "Python", 0, 0, 0, 0, 0, 0, 0, 45, 0, 0, 0, 0, 0, 0, 0, 0, 0, 0, 0, 0, 0, 0, 0, 0, 0, 0, 0, 0, 0, 0, 0, 0, 0, 0, 0, 0, 0, 0, 2, 11, 58
"c:\Users\Marlowe\Desktop\ProjectBible\.venv\Lib\site-packages\pip\_vendor\rich\filesize.py", "Python", 0, 0, 0, 0, 0, 0, 0, 43, 0, 0, 0, 0, 0, 0, 0, 0, 0, 0, 0, 0, 0, 0, 0, 0, 0, 0, 0, 0, 0, 0, 0, 0, 0, 0, 0, 0, 0, 0, 36, 10, 89
"c:\Users\Marlowe\Desktop\ProjectBible\.venv\Lib\site-packages\pip\_vendor\rich\highlighter.py", "Python", 0, 0, 0, 0, 0, 0, 0, 120, 0, 0, 0, 0, 0, 0, 0, 0, 0, 0, 0, 0, 0, 0, 0, 0, 0, 0, 0, 0, 0, 0, 0, 0, 0, 0, 0, 0, 0, 0, 77, 36, 233
"c:\Users\Marlowe\Desktop\ProjectBible\.venv\Lib\site-packages\pip\_vendor\rich\json.py", "Python", 0, 0, 0, 0, 0, 0, 0, 94, 0, 0, 0, 0, 0, 0, 0, 0, 0, 0, 0, 0, 0, 0, 0, 0, 0, 0, 0, 0, 0, 0, 0, 0, 0, 0, 0, 0, 0, 0, 32, 14, 140
"c:\Users\Marlowe\Desktop\ProjectBible\.venv\Lib\site-packages\pip\_vendor\rich\jupyter.py", "Python", 0, 0, 0, 0, 0, 0, 0, 72, 0, 0, 0, 0, 0, 0, 0, 0, 0, 0, 0, 0, 0, 0, 0, 0, 0, 0, 0, 0, 0, 0, 0, 0, 0, 0, 0, 0, 0, 0, 7, 23, 102
"c:\Users\Marlowe\Desktop\ProjectBible\.venv\Lib\site-packages\pip\_vendor\rich\layout.py", "Python", 0, 0, 0, 0, 0, 0, 0, 291, 0, 0, 0, 0, 0, 0, 0, 0, 0, 0, 0, 0, 0, 0, 0, 0, 0, 0, 0, 0, 0, 0, 0, 0, 0, 0, 0, 0, 0, 0, 80, 72, 443
"c:\Users\Marlowe\Desktop\ProjectBible\.venv\Lib\site-packages\pip\_vendor\rich\live.py", "Python", 0, 0, 0, 0, 0, 0, 0, 287, 0, 0, 0, 0, 0, 0, 0, 0, 0, 0, 0, 0, 0, 0, 0, 0, 0, 0, 0, 0, 0, 0, 0, 0, 0, 0, 0, 0, 0, 0, 44, 45, 376
"c:\Users\Marlowe\Desktop\ProjectBible\.venv\Lib\site-packages\pip\_vendor\rich\live_render.py", "Python", 0, 0, 0, 0, 0, 0, 0, 78, 0, 0, 0, 0, 0, 0, 0, 0, 0, 0, 0, 0, 0, 0, 0, 0, 0, 0, 0, 0, 0, 0, 0, 0, 0, 0, 0, 0, 0, 0, 21, 14, 113
"c:\Users\Marlowe\Desktop\ProjectBible\.venv\Lib\site-packages\pip\_vendor\rich\logging.py", "Python", 0, 0, 0, 0, 0, 0, 0, 208, 0, 0, 0, 0, 0, 0, 0, 0, 0, 0, 0, 0, 0, 0, 0, 0, 0, 0, 0, 0, 0, 0, 0, 0, 0, 0, 0, 0, 0, 0, 65, 25, 298
"c:\Users\Marlowe\Desktop\ProjectBible\.venv\Lib\site-packages\pip\_vendor\rich\markup.py", "Python", 0, 0, 0, 0, 0, 0, 0, 174, 0, 0, 0, 0, 0, 0, 0, 0, 0, 0, 0, 0, 0, 0, 0, 0, 0, 0, 0, 0, 0, 0, 0, 0, 0, 0, 0, 0, 0, 0, 38, 40, 252
"c:\Users\Marlowe\Desktop\ProjectBible\.venv\Lib\site-packages\pip\_vendor\rich\measure.py", "Python", 0, 0, 0, 0, 0, 0, 0, 80, 0, 0, 0, 0, 0, 0, 0, 0, 0, 0, 0, 0, 0, 0, 0, 0, 0, 0, 0, 0, 0, 0, 0, 0, 0, 0, 0, 0, 0, 0, 58, 14, 152
"c:\Users\Marlowe\Desktop\ProjectBible\.venv\Lib\site-packages\pip\_vendor\rich\padding.py", "Python", 0, 0, 0, 0, 0, 0, 0, 103, 0, 0, 0, 0, 0, 0, 0, 0, 0, 0, 0, 0, 0, 0, 0, 0, 0, 0, 0, 0, 0, 0, 0, 0, 0, 0, 0, 0, 0, 0, 22, 17, 142
"c:\Users\Marlowe\Desktop\ProjectBible\.venv\Lib\site-packages\pip\_vendor\rich\pager.py", "Python", 0, 0, 0, 0, 0, 0, 0, 16, 0, 0, 0, 0, 0, 0, 0, 0, 0, 0, 0, 0, 0, 0, 0, 0, 0, 0, 0, 0, 0, 0, 0, 0, 0, 0, 0, 0, 0, 0, 8, 11, 35
"c:\Users\Marlowe\Desktop\ProjectBible\.venv\Lib\site-packages\pip\_vendor\rich\palette.py", "Python", 0, 0, 0, 0, 0, 0, 0, 74, 0, 0, 0, 0, 0, 0, 0, 0, 0, 0, 0, 0, 0, 0, 0, 0, 0, 0, 0, 0, 0, 0, 0, 0, 0, 0, 0, 0, 0, 0, 11, 16, 101
"c:\Users\Marlowe\Desktop\ProjectBible\.venv\Lib\site-packages\pip\_vendor\rich\panel.py", "Python", 0, 0, 0, 0, 0, 0, 0, 256, 0, 0, 0, 0, 0, 0, 0, 0, 0, 0, 0, 0, 0, 0, 0, 0, 0, 0, 0, 0, 0, 0, 0, 0, 0, 0, 0, 0, 0, 0, 34, 29, 319
"c:\Users\Marlowe\Desktop\ProjectBible\.venv\Lib\site-packages\pip\_vendor\rich\pretty.py", "Python", 0, 0, 0, 0, 0, 0, 0, 766, 0, 0, 0, 0, 0, 0, 0, 0, 0, 0, 0, 0, 0, 0, 0, 0, 0, 0, 0, 0, 0, 0, 0, 0, 0, 0, 0, 0, 0, 0, 148, 103, 1017
"c:\Users\Marlowe\Desktop\ProjectBible\.venv\Lib\site-packages\pip\_vendor\rich\progress.py", "Python", 0, 0, 0, 0, 0, 0, 0, 1138, 0, 0, 0, 0, 0, 0, 0, 0, 0, 0, 0, 0, 0, 0, 0, 0, 0, 0, 0, 0, 0, 0, 0, 0, 0, 0, 0, 0, 0, 0, 368, 210, 1716
"c:\Users\Marlowe\Desktop\ProjectBible\.venv\Lib\site-packages\pip\_vendor\rich\progress_bar.py", "Python", 0, 0, 0, 0, 0, 0, 0, 162, 0, 0, 0, 0, 0, 0, 0, 0, 0, 0, 0, 0, 0, 0, 0, 0, 0, 0, 0, 0, 0, 0, 0, 0, 0, 0, 0, 0, 0, 0, 38, 24, 224
"c:\Users\Marlowe\Desktop\ProjectBible\.venv\Lib\site-packages\pip\_vendor\rich\prompt.py", "Python", 0, 0, 0, 0, 0, 0, 0, 223, 0, 0, 0, 0, 0, 0, 0, 0, 0, 0, 0, 0, 0, 0, 0, 0, 0, 0, 0, 0, 0, 0, 0, 0, 0, 0, 0, 0, 0, 0, 123, 55, 401
"c:\Users\Marlowe\Desktop\ProjectBible\.venv\Lib\site-packages\pip\_vendor\rich\protocol.py", "Python", 0, 0, 0, 0, 0, 0, 0, 24, 0, 0, 0, 0, 0, 0, 0, 0, 0, 0, 0, 0, 0, 0, 0, 0, 0, 0, 0, 0, 0, 0, 0, 0, 0, 0, 0, 0, 0, 0, 10, 9, 43
"c:\Users\Marlowe\Desktop\ProjectBible\.venv\Lib\site-packages\pip\_vendor\rich\region.py", "Python", 0, 0, 0, 0, 0, 0, 0, 6, 0, 0, 0, 0, 0, 0, 0, 0, 0, 0, 0, 0, 0, 0, 0, 0, 0, 0, 0, 0, 0, 0, 0, 0, 0, 0, 0, 0, 0, 0, 1, 4, 11
"c:\Users\Marlowe\Desktop\ProjectBible\.venv\Lib\site-packages\pip\_vendor\rich\repr.py", "Python", 0, 0, 0, 0, 0, 0, 0, 112, 0, 0, 0, 0, 0, 0, 0, 0, 0, 0, 0, 0, 0, 0, 0, 0, 0, 0, 0, 0, 0, 0, 0, 0, 0, 0, 0, 0, 0, 0, 4, 34, 150
"c:\Users\Marlowe\Desktop\ProjectBible\.venv\Lib\site-packages\pip\_vendor\rich\rule.py", "Python", 0, 0, 0, 0, 0, 0, 0, 101, 0, 0, 0, 0, 0, 0, 0, 0, 0, 0, 0, 0, 0, 0, 0, 0, 0, 0, 0, 0, 0, 0, 0, 0, 0, 0, 0, 0, 0, 0, 9, 21, 131
"c:\Users\Marlowe\Desktop\ProjectBible\.venv\Lib\site-packages\pip\_vendor\rich\scope.py", "Python", 0, 0, 0, 0, 0, 0, 0, 60, 0, 0, 0, 0, 0, 0, 0, 0, 0, 0, 0, 0, 0, 0, 0, 0, 0, 0, 0, 0, 0, 0, 0, 0, 0, 0, 0, 0, 0, 0, 15, 12, 87
"c:\Users\Marlowe\Desktop\ProjectBible\.venv\Lib\site-packages\pip\_vendor\rich\screen.py", "Python", 0, 0, 0, 0, 0, 0, 0, 39, 0, 0, 0, 0, 0, 0, 0, 0, 0, 0, 0, 0, 0, 0, 0, 0, 0, 0, 0, 0, 0, 0, 0, 0, 0, 0, 0, 0, 0, 0, 6, 10, 55
"c:\Users\Marlowe\Desktop\ProjectBible\.venv\Lib\site-packages\pip\_vendor\rich\segment.py", "Python", 0, 0, 0, 0, 0, 0, 0, 467, 0, 0, 0, 0, 0, 0, 0, 0, 0, 0, 0, 0, 0, 0, 0, 0, 0, 0, 0, 0, 0, 0, 0, 0, 0, 0, 0, 0, 0, 0, 215, 71, 753
"c:\Users\Marlowe\Desktop\ProjectBible\.venv\Lib\site-packages\pip\_vendor\rich\spinner.py", "Python", 0, 0, 0, 0, 0, 0, 0, 95, 0, 0, 0, 0, 0, 0, 0, 0, 0, 0, 0, 0, 0, 0, 0, 0, 0, 0, 0, 0, 0, 0, 0, 0, 0, 0, 0, 0, 0, 0, 26, 18, 139
"c:\Users\Marlowe\Desktop\ProjectBible\.venv\Lib\site-packages\pip\_vendor\rich\status.py", "Python", 0, 0, 0, 0, 0, 0, 0, 94, 0, 0, 0, 0, 0, 0, 0, 0, 0, 0, 0, 0, 0, 0, 0, 0, 0, 0, 0, 0, 0, 0, 0, 0, 0, 0, 0, 0, 0, 0, 21, 17, 132
"c:\Users\Marlowe\Desktop\ProjectBible\.venv\Lib\site-packages\pip\_vendor\rich\style.py", "Python", 0, 0, 0, 0, 0, 0, 0, 573, 0, 0, 0, 0, 0, 0, 0, 0, 0, 0, 0, 0, 0, 0, 0, 0, 0, 0, 0, 0, 0, 0, 0, 0, 0, 0, 0, 0, 0, 0, 155, 69, 797
"c:\Users\Marlowe\Desktop\ProjectBible\.venv\Lib\site-packages\pip\_vendor\rich\styled.py", "Python", 0, 0, 0, 0, 0, 0, 0, 26, 0, 0, 0, 0, 0, 0, 0, 0, 0, 0, 0, 0, 0, 0, 0, 0, 0, 0, 0, 0, 0, 0, 0, 0, 0, 0, 0, 0, 0, 0, 6, 11, 43
"c:\Users\Marlowe\Desktop\ProjectBible\.venv\Lib\site-packages\pip\_vendor\rich\syntax.py", "Python", 0, 0, 0, 0, 0, 0, 0, 725, 0, 0, 0, 0, 0, 0, 0, 0, 0, 0, 0, 0, 0, 0, 0, 0, 0, 0, 0, 0, 0, 0, 0, 0, 0, 0, 0, 0, 0, 0, 152, 90, 967
"c:\Users\Marlowe\Desktop\ProjectBible\.venv\Lib\site-packages\pip\_vendor\rich\table.py", "Python", 0, 0, 0, 0, 0, 0, 0, 744, 0, 0, 0, 0, 0, 0, 0, 0, 0, 0, 0, 0, 0, 0, 0, 0, 0, 0, 0, 0, 0, 0, 0, 0, 0, 0, 0, 0, 0, 0, 153, 111, 1008
"c:\Users\Marlowe\Desktop\ProjectBible\.venv\Lib\site-packages\pip\_vendor\rich\terminal_theme.py", "Python", 0, 0, 0, 0, 0, 0, 0, 135, 0, 0, 0, 0, 0, 0, 0, 0, 0, 0, 0, 0, 0, 0, 0, 0, 0, 0, 0, 0, 0, 0, 0, 0, 0, 0, 0, 0, 0, 0, 9, 10, 154
"c:\Users\Marlowe\Desktop\ProjectBible\.venv\Lib\site-packages\pip\_vendor\rich\text.py", "Python", 0, 0, 0, 0, 0, 0, 0, 889, 0, 0, 0, 0, 0, 0, 0, 0, 0, 0, 0, 0, 0, 0, 0, 0, 0, 0, 0, 0, 0, 0, 0, 0, 0, 0, 0, 0, 0, 0, 339, 134, 1362
"c:\Users\Marlowe\Desktop\ProjectBible\.venv\Lib\site-packages\pip\_vendor\rich\theme.py", "Python", 0, 0, 0, 0, 0, 0, 0, 58, 0, 0, 0, 0, 0, 0, 0, 0, 0, 0, 0, 0, 0, 0, 0, 0, 0, 0, 0, 0, 0, 0, 0, 0, 0, 0, 0, 0, 0, 0, 40, 18, 116
"c:\Users\Marlowe\Desktop\ProjectBible\.venv\Lib\site-packages\pip\_vendor\rich\themes.py", "Python", 0, 0, 0, 0, 0, 0, 0, 3, 0, 0, 0, 0, 0, 0, 0, 0, 0, 0, 0, 0, 0, 0, 0, 0, 0, 0, 0, 0, 0, 0, 0, 0, 0, 0, 0, 0, 0, 0, 0, 3, 6
"c:\Users\Marlowe\Desktop\ProjectBible\.venv\Lib\site-packages\pip\_vendor\rich\traceback.py", "Python", 0, 0, 0, 0, 0, 0, 0, 614, 0, 0, 0, 0, 0, 0, 0, 0, 0, 0, 0, 0, 0, 0, 0, 0, 0, 0, 0, 0, 0, 0, 0, 0, 0, 0, 0, 0, 0, 0, 115, 69, 798
"c:\Users\Marlowe\Desktop\ProjectBible\.venv\Lib\site-packages\pip\_vendor\rich\tree.py", "Python", 0, 0, 0, 0, 0, 0, 0, 192, 0, 0, 0, 0, 0, 0, 0, 0, 0, 0, 0, 0, 0, 0, 0, 0, 0, 0, 0, 0, 0, 0, 0, 0, 0, 0, 0, 0, 0, 0, 33, 33, 258
"c:\Users\Marlowe\Desktop\ProjectBible\.venv\Lib\site-packages\pip\_vendor\tomli\__init__.py", "Python", 0, 0, 0, 0, 0, 0, 0, 3, 0, 0, 0, 0, 0, 0, 0, 0, 0, 0, 0, 0, 0, 0, 0, 0, 0, 0, 0, 0, 0, 0, 0, 0, 0, 0, 0, 0, 0, 0, 3, 3, 9
"c:\Users\Marlowe\Desktop\ProjectBible\.venv\Lib\site-packages\pip\_vendor\tomli\_parser.py", "Python", 0, 0, 0, 0, 0, 0, 0, 578, 0, 0, 0, 0, 0, 0, 0, 0, 0, 0, 0, 0, 0, 0, 0, 0, 0, 0, 0, 0, 0, 0, 0, 0, 0, 0, 0, 0, 0, 0, 78, 115, 771
"c:\Users\Marlowe\Desktop\ProjectBible\.venv\Lib\site-packages\pip\_vendor\tomli\_re.py", "Python", 0, 0, 0, 0, 0, 0, 0, 34, 0, 0, 0, 0, 0, 0, 0, 0, 0, 0, 0, 0, 0, 0, 0, 0, 0, 0, 0, 0, 0, 0, 0, 0, 0, 0, 0, 0, 0, 0, 73, 6, 113
"c:\Users\Marlowe\Desktop\ProjectBible\.venv\Lib\site-packages\pip\_vendor\tomli\_types.py", "Python", 0, 0, 0, 0, 0, 0, 0, 4, 0, 0, 0, 0, 0, 0, 0, 0, 0, 0, 0, 0, 0, 0, 0, 0, 0, 0, 0, 0, 0, 0, 0, 0, 0, 0, 0, 0, 0, 0, 4, 3, 11
"c:\Users\Marlowe\Desktop\ProjectBible\.venv\Lib\site-packages\pip\_vendor\truststore\__init__.py", "Python", 0, 0, 0, 0, 0, 0, 0, 26, 0, 0, 0, 0, 0, 0, 0, 0, 0, 0, 0, 0, 0, 0, 0, 0, 0, 0, 0, 0, 0, 0, 0, 0, 0, 0, 0, 0, 0, 0, 3, 8, 37
"c:\Users\Marlowe\Desktop\ProjectBible\.venv\Lib\site-packages\pip\_vendor\truststore\_api.py", "Python", 0, 0, 0, 0, 0, 0, 0, 230, 0, 0, 0, 0, 0, 0, 0, 0, 0, 0, 0, 0, 0, 0, 0, 0, 0, 0, 0, 0, 0, 0, 0, 0, 0, 0, 0, 0, 0, 0, 24, 63, 317
"c:\Users\Marlowe\Desktop\ProjectBible\.venv\Lib\site-packages\pip\_vendor\truststore\_macos.py", "Python", 0, 0, 0, 0, 0, 0, 0, 413, 0, 0, 0, 0, 0, 0, 0, 0, 0, 0, 0, 0, 0, 0, 0, 0, 0, 0, 0, 0, 0, 0, 0, 0, 0, 0, 0, 0, 0, 0, 67, 92, 572
"c:\Users\Marlowe\Desktop\ProjectBible\.venv\Lib\site-packages\pip\_vendor\truststore\_openssl.py", "Python", 0, 0, 0, 0, 0, 0, 0, 36, 0, 0, 0, 0, 0, 0, 0, 0, 0, 0, 0, 0, 0, 0, 0, 0, 0, 0, 0, 0, 0, 0, 0, 0, 0, 0, 0, 0, 0, 0, 21, 10, 67
"c:\Users\Marlowe\Desktop\ProjectBible\.venv\Lib\site-packages\pip\_vendor\truststore\_ssl_constants.py", "Python", 0, 0, 0, 0, 0, 0, 0, 17, 0, 0, 0, 0, 0, 0, 0, 0, 0, 0, 0, 0, 0, 0, 0, 0, 0, 0, 0, 0, 0, 0, 0, 0, 0, 0, 0, 0, 0, 0, 7, 8, 32
"c:\Users\Marlowe\Desktop\ProjectBible\.venv\Lib\site-packages\pip\_vendor\truststore\_windows.py", "Python", 0, 0, 0, 0, 0, 0, 0, 458, 0, 0, 0, 0, 0, 0, 0, 0, 0, 0, 0, 0, 0, 0, 0, 0, 0, 0, 0, 0, 0, 0, 0, 0, 0, 0, 0, 0, 0, 0, 26, 84, 568
"c:\Users\Marlowe\Desktop\ProjectBible\.venv\Lib\site-packages\pip\_vendor\typing_extensions.py", "Python", 0, 0, 0, 0, 0, 0, 0, 2111, 0, 0, 0, 0, 0, 0, 0, 0, 0, 0, 0, 0, 0, 0, 0, 0, 0, 0, 0, 0, 0, 0, 0, 0, 0, 0, 0, 0, 0, 0, 1112, 419, 3642
"c:\Users\Marlowe\Desktop\ProjectBible\.venv\Lib\site-packages\pip\_vendor\urllib3\__init__.py", "Python", 0, 0, 0, 0, 0, 0, 0, 61, 0, 0, 0, 0, 0, 0, 0, 0, 0, 0, 0, 0, 0, 0, 0, 0, 0, 0, 0, 0, 0, 0, 0, 0, 0, 0, 0, 0, 0, 0, 27, 15, 103
"c:\Users\Marlowe\Desktop\ProjectBible\.venv\Lib\site-packages\pip\_vendor\urllib3\_collections.py", "Python", 0, 0, 0, 0, 0, 0, 0, 210, 0, 0, 0, 0, 0, 0, 0, 0, 0, 0, 0, 0, 0, 0, 0, 0, 0, 0, 0, 0, 0, 0, 0, 0, 0, 0, 0, 0, 0, 0, 87, 59, 356
"c:\Users\Marlowe\Desktop\ProjectBible\.venv\Lib\site-packages\pip\_vendor\urllib3\_version.py", "Python", 0, 0, 0, 0, 0, 0, 0, 1, 0, 0, 0, 0, 0, 0, 0, 0, 0, 0, 0, 0, 0, 0, 0, 0, 0, 0, 0, 0, 0, 0, 0, 0, 0, 0, 0, 0, 0, 0, 1, 1, 3
"c:\Users\Marlowe\Desktop\ProjectBible\.venv\Lib\site-packages\pip\_vendor\urllib3\connection.py", "Python", 0, 0, 0, 0, 0, 0, 0, 366, 0, 0, 0, 0, 0, 0, 0, 0, 0, 0, 0, 0, 0, 0, 0, 0, 0, 0, 0, 0, 0, 0, 0, 0, 0, 0, 0, 0, 0, 0, 120, 87, 573
"c:\Users\Marlowe\Desktop\ProjectBible\.venv\Lib\site-packages\pip\_vendor\urllib3\connectionpool.py", "Python", 0, 0, 0, 0, 0, 0, 0, 623, 0, 0, 0, 0, 0, 0, 0, 0, 0, 0, 0, 0, 0, 0, 0, 0, 0, 0, 0, 0, 0, 0, 0, 0, 0, 0, 0, 0, 0, 0, 383, 135, 1141
"c:\Users\Marlowe\Desktop\ProjectBible\.venv\Lib\site-packages\pip\_vendor\urllib3\contrib\__init__.py", "Python", 0, 0, 0, 0, 0, 0, 0, 0, 0, 0, 0, 0, 0, 0, 0, 0, 0, 0, 0, 0, 0, 0, 0, 0, 0, 0, 0, 0, 0, 0, 0, 0, 0, 0, 0, 0, 0, 0, 0, 1, 1
"c:\Users\Marlowe\Desktop\ProjectBible\.venv\Lib\site-packages\pip\_vendor\urllib3\contrib\_appengine_environ.py", "Python", 0, 0, 0, 0, 0, 0, 0, 15, 0, 0, 0, 0, 0, 0, 0, 0, 0, 0, 0, 0, 0, 0, 0, 0, 0, 0, 0, 0, 0, 0, 0, 0, 0, 0, 0, 0, 0, 0, 10, 12, 37
"c:\Users\Marlowe\Desktop\ProjectBible\.venv\Lib\site-packages\pip\_vendor\urllib3\contrib\_securetransport\__init__.py", "Python", 0, 0, 0, 0, 0, 0, 0, 0, 0, 0, 0, 0, 0, 0, 0, 0, 0, 0, 0, 0, 0, 0, 0, 0, 0, 0, 0, 0, 0, 0, 0, 0, 0, 0, 0, 0, 0, 0, 0, 1, 1
"c:\Users\Marlowe\Desktop\ProjectBible\.venv\Lib\site-packages\pip\_vendor\urllib3\contrib\_securetransport\bindings.py", "Python", 0, 0, 0, 0, 0, 0, 0, 380, 0, 0, 0, 0, 0, 0, 0, 0, 0, 0, 0, 0, 0, 0, 0, 0, 0, 0, 0, 0, 0, 0, 0, 0, 0, 0, 0, 0, 0, 0, 48, 92, 520
"c:\Users\Marlowe\Desktop\ProjectBible\.venv\Lib\site-packages\pip\_vendor\urllib3\contrib\_securetransport\low_level.py", "Python", 0, 0, 0, 0, 0, 0, 0, 218, 0, 0, 0, 0, 0, 0, 0, 0, 0, 0, 0, 0, 0, 0, 0, 0, 0, 0, 0, 0, 0, 0, 0, 0, 0, 0, 0, 0, 0, 0, 122, 58, 398
"c:\Users\Marlowe\Desktop\ProjectBible\.venv\Lib\site-packages\pip\_vendor\urllib3\contrib\appengine.py", "Python", 0, 0, 0, 0, 0, 0, 0, 201, 0, 0, 0, 0, 0, 0, 0, 0, 0, 0, 0, 0, 0, 0, 0, 0, 0, 0, 0, 0, 0, 0, 0, 0, 0, 0, 0, 0, 0, 0, 68, 46, 315
"c:\Users\Marlowe\Desktop\ProjectBible\.venv\Lib\site-packages\pip\_vendor\urllib3\contrib\ntlmpool.py", "Python", 0, 0, 0, 0, 0, 0, 0, 92, 0, 0, 0, 0, 0, 0, 0, 0, 0, 0, 0, 0, 0, 0, 0, 0, 0, 0, 0, 0, 0, 0, 0, 0, 0, 0, 0, 0, 0, 0, 20, 19, 131
"c:\Users\Marlowe\Desktop\ProjectBible\.venv\Lib\site-packages\pip\_vendor\urllib3\contrib\pyopenssl.py", "Python", 0, 0, 0, 0, 0, 0, 0, 323, 0, 0, 0, 0, 0, 0, 0, 0, 0, 0, 0, 0, 0, 0, 0, 0, 0, 0, 0, 0, 0, 0, 0, 0, 0, 0, 0, 0, 0, 0, 106, 90, 519
"c:\Users\Marlowe\Desktop\ProjectBible\.venv\Lib\site-packages\pip\_vendor\urllib3\contrib\securetransport.py", "Python", 0, 0, 0, 0, 0, 0, 0, 543, 0, 0, 0, 0, 0, 0, 0, 0, 0, 0, 0, 0, 0, 0, 0, 0, 0, 0, 0, 0, 0, 0, 0, 0, 0, 0, 0, 0, 0, 0, 252, 126, 921
"c:\Users\Marlowe\Desktop\ProjectBible\.venv\Lib\site-packages\pip\_vendor\urllib3\contrib\socks.py", "Python", 0, 0, 0, 0, 0, 0, 0, 129, 0, 0, 0, 0, 0, 0, 0, 0, 0, 0, 0, 0, 0, 0, 0, 0, 0, 0, 0, 0, 0, 0, 0, 0, 0, 0, 0, 0, 0, 0, 56, 32, 217
"c:\Users\Marlowe\Desktop\ProjectBible\.venv\Lib\site-packages\pip\_vendor\urllib3\exceptions.py", "Python", 0, 0, 0, 0, 0, 0, 0, 128, 0, 0, 0, 0, 0, 0, 0, 0, 0, 0, 0, 0, 0, 0, 0, 0, 0, 0, 0, 0, 0, 0, 0, 0, 0, 0, 0, 0, 0, 0, 69, 127, 324
"c:\Users\Marlowe\Desktop\ProjectBible\.venv\Lib\site-packages\pip\_vendor\urllib3\fields.py", "Python", 0, 0, 0, 0, 0, 0, 0, 122, 0, 0, 0, 0, 0, 0, 0, 0, 0, 0, 0, 0, 0, 0, 0, 0, 0, 0, 0, 0, 0, 0, 0, 0, 0, 0, 0, 0, 0, 0, 111, 42, 275
"c:\Users\Marlowe\Desktop\ProjectBible\.venv\Lib\site-packages\pip\_vendor\urllib3\filepost.py", "Python", 0, 0, 0, 0, 0, 0, 0, 46, 0, 0, 0, 0, 0, 0, 0, 0, 0, 0, 0, 0, 0, 0, 0, 0, 0, 0, 0, 0, 0, 0, 0, 0, 0, 0, 0, 0, 0, 0, 31, 22, 99
"c:\Users\Marlowe\Desktop\ProjectBible\.venv\Lib\site-packages\pip\_vendor\urllib3\packages\__init__.py", "Python", 0, 0, 0, 0, 0, 0, 0, 0, 0, 0, 0, 0, 0, 0, 0, 0, 0, 0, 0, 0, 0, 0, 0, 0, 0, 0, 0, 0, 0, 0, 0, 0, 0, 0, 0, 0, 0, 0, 0, 1, 1
"c:\Users\Marlowe\Desktop\ProjectBible\.venv\Lib\site-packages\pip\_vendor\urllib3\packages\backports\__init__.py", "Python", 0, 0, 0, 0, 0, 0, 0, 0, 0, 0, 0, 0, 0, 0, 0, 0, 0, 0, 0, 0, 0, 0, 0, 0, 0, 0, 0, 0, 0, 0, 0, 0, 0, 0, 0, 0, 0, 0, 0, 1, 1
"c:\Users\Marlowe\Desktop\ProjectBible\.venv\Lib\site-packages\pip\_vendor\urllib3\packages\backports\makefile.py", "Python", 0, 0, 0, 0, 0, 0, 0, 38, 0, 0, 0, 0, 0, 0, 0, 0, 0, 0, 0, 0, 0, 0, 0, 0, 0, 0, 0, 0, 0, 0, 0, 0, 0, 0, 0, 0, 0, 0, 11, 3, 52
"c:\Users\Marlowe\Desktop\ProjectBible\.venv\Lib\site-packages\pip\_vendor\urllib3\packages\backports\weakref_finalize.py", "Python", 0, 0, 0, 0, 0, 0, 0, 97, 0, 0, 0, 0, 0, 0, 0, 0, 0, 0, 0, 0, 0, 0, 0, 0, 0, 0, 0, 0, 0, 0, 0, 0, 0, 0, 0, 0, 0, 0, 39, 20, 156
"c:\Users\Marlowe\Desktop\ProjectBible\.venv\Lib\site-packages\pip\_vendor\urllib3\packages\six.py", "Python", 0, 0, 0, 0, 0, 0, 0, 735, 0, 0, 0, 0, 0, 0, 0, 0, 0, 0, 0, 0, 0, 0, 0, 0, 0, 0, 0, 0, 0, 0, 0, 0, 0, 0, 0, 0, 0, 0, 133, 209, 1077
"c:\Users\Marlowe\Desktop\ProjectBible\.venv\Lib\site-packages\pip\_vendor\urllib3\poolmanager.py", "Python", 0, 0, 0, 0, 0, 0, 0, 269, 0, 0, 0, 0, 0, 0, 0, 0, 0, 0, 0, 0, 0, 0, 0, 0, 0, 0, 0, 0, 0, 0, 0, 0, 0, 0, 0, 0, 0, 0, 192, 80, 541
"c:\Users\Marlowe\Desktop\ProjectBible\.venv\Lib\site-packages\pip\_vendor\urllib3\request.py", "Python", 0, 0, 0, 0, 0, 0, 0, 85, 0, 0, 0, 0, 0, 0, 0, 0, 0, 0, 0, 0, 0, 0, 0, 0, 0, 0, 0, 0, 0, 0, 0, 0, 0, 0, 0, 0, 0, 0, 80, 27, 192
"c:\Users\Marlowe\Desktop\ProjectBible\.venv\Lib\site-packages\pip\_vendor\urllib3\response.py", "Python", 0, 0, 0, 0, 0, 0, 0, 534, 0, 0, 0, 0, 0, 0, 0, 0, 0, 0, 0, 0, 0, 0, 0, 0, 0, 0, 0, 0, 0, 0, 0, 0, 0, 0, 0, 0, 0, 0, 233, 113, 880
"c:\Users\Marlowe\Desktop\ProjectBible\.venv\Lib\site-packages\pip\_vendor\urllib3\util\__init__.py", "Python", 0, 0, 0, 0, 0, 0, 0, 46, 0, 0, 0, 0, 0, 0, 0, 0, 0, 0, 0, 0, 0, 0, 0, 0, 0, 0, 0, 0, 0, 0, 0, 0, 0, 0, 0, 0, 0, 0, 1, 3, 50
"c:\Users\Marlowe\Desktop\ProjectBible\.venv\Lib\site-packages\pip\_vendor\urllib3\util\connection.py", "Python", 0, 0, 0, 0, 0, 0, 0, 79, 0, 0, 0, 0, 0, 0, 0, 0, 0, 0, 0, 0, 0, 0, 0, 0, 0, 0, 0, 0, 0, 0, 0, 0, 0, 0, 0, 0, 0, 0, 42, 29, 150
"c:\Users\Marlowe\Desktop\ProjectBible\.venv\Lib\site-packages\pip\_vendor\urllib3\util\proxy.py", "Python", 0, 0, 0, 0, 0, 0, 0, 30, 0, 0, 0, 0, 0, 0, 0, 0, 0, 0, 0, 0, 0, 0, 0, 0, 0, 0, 0, 0, 0, 0, 0, 0, 0, 0, 0, 0, 0, 0, 18, 10, 58
"c:\Users\Marlowe\Desktop\ProjectBible\.venv\Lib\site-packages\pip\_vendor\urllib3\util\queue.py", "Python", 0, 0, 0, 0, 0, 0, 0, 14, 0, 0, 0, 0, 0, 0, 0, 0, 0, 0, 0, 0, 0, 0, 0, 0, 0, 0, 0, 0, 0, 0, 0, 0, 0, 0, 0, 0, 0, 0, 1, 8, 23
"c:\Users\Marlowe\Desktop\ProjectBible\.venv\Lib\site-packages\pip\_vendor\urllib3\util\request.py", "Python", 0, 0, 0, 0, 0, 0, 0, 65, 0, 0, 0, 0, 0, 0, 0, 0, 0, 0, 0, 0, 0, 0, 0, 0, 0, 0, 0, 0, 0, 0, 0, 0, 0, 0, 0, 0, 0, 0, 54, 19, 138
"c:\Users\Marlowe\Desktop\ProjectBible\.venv\Lib\site-packages\pip\_vendor\urllib3\util\response.py", "Python", 0, 0, 0, 0, 0, 0, 0, 44, 0, 0, 0, 0, 0, 0, 0, 0, 0, 0, 0, 0, 0, 0, 0, 0, 0, 0, 0, 0, 0, 0, 0, 0, 0, 0, 0, 0, 0, 0, 45, 19, 108
"c:\Users\Marlowe\Desktop\ProjectBible\.venv\Lib\site-packages\pip\_vendor\urllib3\util\retry.py", "Python", 0, 0, 0, 0, 0, 0, 0, 346, 0, 0, 0, 0, 0, 0, 0, 0, 0, 0, 0, 0, 0, 0, 0, 0, 0, 0, 0, 0, 0, 0, 0, 0, 0, 0, 0, 0, 0, 0, 203, 74, 623
"c:\Users\Marlowe\Desktop\ProjectBible\.venv\Lib\site-packages\pip\_vendor\urllib3\util\ssl_.py", "Python", 0, 0, 0, 0, 0, 0, 0, 281, 0, 0, 0, 0, 0, 0, 0, 0, 0, 0, 0, 0, 0, 0, 0, 0, 0, 0, 0, 0, 0, 0, 0, 0, 0, 0, 0, 0, 0, 0, 149, 75, 505
"c:\Users\Marlowe\Desktop\ProjectBible\.venv\Lib\site-packages\pip\_vendor\urllib3\util\ssl_match_hostname.py", "Python", 0, 0, 0, 0, 0, 0, 0, 85, 0, 0, 0, 0, 0, 0, 0, 0, 0, 0, 0, 0, 0, 0, 0, 0, 0, 0, 0, 0, 0, 0, 0, 0, 0, 0, 0, 0, 0, 0, 54, 21, 160
"c:\Users\Marlowe\Desktop\ProjectBible\.venv\Lib\site-packages\pip\_vendor\urllib3\util\ssltransport.py", "Python", 0, 0, 0, 0, 0, 0, 0, 155, 0, 0, 0, 0, 0, 0, 0, 0, 0, 0, 0, 0, 0, 0, 0, 0, 0, 0, 0, 0, 0, 0, 0, 0, 0, 0, 0, 0, 0, 0, 29, 38, 222
"c:\Users\Marlowe\Desktop\ProjectBible\.venv\Lib\site-packages\pip\_vendor\urllib3\util\timeout.py", "Python", 0, 0, 0, 0, 0, 0, 0, 93, 0, 0, 0, 0, 0, 0, 0, 0, 0, 0, 0, 0, 0, 0, 0, 0, 0, 0, 0, 0, 0, 0, 0, 0, 0, 0, 0, 0, 0, 0, 152, 27, 272
"c:\Users\Marlowe\Desktop\ProjectBible\.venv\Lib\site-packages\pip\_vendor\urllib3\util\url.py", "Python", 0, 0, 0, 0, 0, 0, 0, 263, 0, 0, 0, 0, 0, 0, 0, 0, 0, 0, 0, 0, 0, 0, 0, 0, 0, 0, 0, 0, 0, 0, 0, 0, 0, 0, 0, 0, 0, 0, 107, 66, 436
"c:\Users\Marlowe\Desktop\ProjectBible\.venv\Lib\site-packages\pip\_vendor\urllib3\util\wait.py", "Python", 0, 0, 0, 0, 0, 0, 0, 83, 0, 0, 0, 0, 0, 0, 0, 0, 0, 0, 0, 0, 0, 0, 0, 0, 0, 0, 0, 0, 0, 0, 0, 0, 0, 0, 0, 0, 0, 0, 44, 26, 153
"c:\Users\Marlowe\Desktop\ProjectBible\.venv\Lib\site-packages\pkg_resources\__init__.py", "Python", 0, 0, 0, 0, 0, 0, 0, 1813, 0, 0, 0, 0, 0, 0, 0, 0, 0, 0, 0, 0, 0, 0, 0, 0, 0, 0, 0, 0, 0, 0, 0, 0, 0, 0, 0, 0, 0, 0, 962, 522, 3297
"c:\Users\Marlowe\Desktop\ProjectBible\.venv\Lib\site-packages\pkg_resources\_vendor\__init__.py", "Python", 0, 0, 0, 0, 0, 0, 0, 0, 0, 0, 0, 0, 0, 0, 0, 0, 0, 0, 0, 0, 0, 0, 0, 0, 0, 0, 0, 0, 0, 0, 0, 0, 0, 0, 0, 0, 0, 0, 0, 1, 1
"c:\Users\Marlowe\Desktop\ProjectBible\.venv\Lib\site-packages\pkg_resources\_vendor\appdirs.py", "Python", 0, 0, 0, 0, 0, 0, 0, 249, 0, 0, 0, 0, 0, 0, 0, 0, 0, 0, 0, 0, 0, 0, 0, 0, 0, 0, 0, 0, 0, 0, 0, 0, 0, 0, 0, 0, 0, 0, 325, 35, 609
"c:\Users\Marlowe\Desktop\ProjectBible\.venv\Lib\site-packages\pkg_resources\_vendor\importlib_resources\__init__.py", "Python", 0, 0, 0, 0, 0, 0, 0, 30, 0, 0, 0, 0, 0, 0, 0, 0, 0, 0, 0, 0, 0, 0, 0, 0, 0, 0, 0, 0, 0, 0, 0, 0, 0, 0, 0, 0, 0, 0, 1, 6, 37
"c:\Users\Marlowe\Desktop\ProjectBible\.venv\Lib\site-packages\pkg_resources\_vendor\importlib_resources\_adapters.py", "Python", 0, 0, 0, 0, 0, 0, 0, 97, 0, 0, 0, 0, 0, 0, 0, 0, 0, 0, 0, 0, 0, 0, 0, 0, 0, 0, 0, 0, 0, 0, 0, 0, 0, 0, 0, 0, 0, 0, 29, 45, 171
"c:\Users\Marlowe\Desktop\ProjectBible\.venv\Lib\site-packages\pkg_resources\_vendor\importlib_resources\_common.py", "Python", 0, 0, 0, 0, 0, 0, 0, 52, 0, 0, 0, 0, 0, 0, 0, 0, 0, 0, 0, 0, 0, 0, 0, 0, 0, 0, 0, 0, 0, 0, 0, 0, 0, 0, 0, 0, 0, 0, 33, 20, 105
"c:\Users\Marlowe\Desktop\ProjectBible\.venv\Lib\site-packages\pkg_resources\_vendor\importlib_resources\_compat.py", "Python", 0, 0, 0, 0, 0, 0, 0, 57, 0, 0, 0, 0, 0, 0, 0, 0, 0, 0, 0, 0, 0, 0, 0, 0, 0, 0, 0, 0, 0, 0, 0, 0, 0, 0, 0, 0, 0, 0, 20, 22, 99
"c:\Users\Marlowe\Desktop\ProjectBible\.venv\Lib\site-packages\pkg_resources\_vendor\importlib_resources\_itertools.py", "Python", 0, 0, 0, 0, 0, 0, 0, 28, 0, 0, 0, 0, 0, 0, 0, 0, 0, 0, 0, 0, 0, 0, 0, 0, 0, 0, 0, 0, 0, 0, 0, 0, 0, 0, 0, 0, 0, 0, 3, 5, 36
"c:\Users\Marlowe\Desktop\ProjectBible\.venv\Lib\site-packages\pkg_resources\_vendor\importlib_resources\_legacy.py", "Python", 0, 0, 0, 0, 0, 0, 0, 68, 0, 0, 0, 0, 0, 0, 0, 0, 0, 0, 0, 0, 0, 0, 0, 0, 0, 0, 0, 0, 0, 0, 0, 0, 0, 0, 0, 0, 0, 0, 31, 23, 122
"c:\Users\Marlowe\Desktop\ProjectBible\.venv\Lib\site-packages\pkg_resources\_vendor\importlib_resources\abc.py", "Python", 0, 0, 0, 0, 0, 0, 0, 49, 0, 0, 0, 0, 0, 0, 0, 0, 0, 0, 0, 0, 0, 0, 0, 0, 0, 0, 0, 0, 0, 0, 0, 0, 0, 0, 0, 0, 0, 0, 63, 26, 138
"c:\Users\Marlowe\Desktop\ProjectBible\.venv\Lib\site-packages\pkg_resources\_vendor\importlib_resources\readers.py", "Python", 0, 0, 0, 0, 0, 0, 0, 72, 0, 0, 0, 0, 0, 0, 0, 0, 0, 0, 0, 0, 0, 0, 0, 0, 0, 0, 0, 0, 0, 0, 0, 0, 0, 0, 0, 0, 0, 0, 20, 31, 123
"c:\Users\Marlowe\Desktop\ProjectBible\.venv\Lib\site-packages\pkg_resources\_vendor\importlib_resources\simple.py", "Python", 0, 0, 0, 0, 0, 0, 0, 52, 0, 0, 0, 0, 0, 0, 0, 0, 0, 0, 0, 0, 0, 0, 0, 0, 0, 0, 0, 0, 0, 0, 0, 0, 0, 0, 0, 0, 0, 0, 37, 28, 117
"c:\Users\Marlowe\Desktop\ProjectBible\.venv\Lib\site-packages\pkg_resources\_vendor\jaraco\__init__.py", "Python", 0, 0, 0, 0, 0, 0, 0, 0, 0, 0, 0, 0, 0, 0, 0, 0, 0, 0, 0, 0, 0, 0, 0, 0, 0, 0, 0, 0, 0, 0, 0, 0, 0, 0, 0, 0, 0, 0, 0, 1, 1
"c:\Users\Marlowe\Desktop\ProjectBible\.venv\Lib\site-packages\pkg_resources\_vendor\jaraco\context.py", "Python", 0, 0, 0, 0, 0, 0, 0, 89, 0, 0, 0, 0, 0, 0, 0, 0, 0, 0, 0, 0, 0, 0, 0, 0, 0, 0, 0, 0, 0, 0, 0, 0, 0, 0, 0, 0, 0, 0, 96, 29, 214
"c:\Users\Marlowe\Desktop\ProjectBible\.venv\Lib\site-packages\pkg_resources\_vendor\jaraco\functools.py", "Python", 0, 0, 0, 0, 0, 0, 0, 174, 0, 0, 0, 0, 0, 0, 0, 0, 0, 0, 0, 0, 0, 0, 0, 0, 0, 0, 0, 0, 0, 0, 0, 0, 0, 0, 0, 0, 0, 0, 298, 54, 526
"c:\Users\Marlowe\Desktop\ProjectBible\.venv\Lib\site-packages\pkg_resources\_vendor\jaraco\text\__init__.py", "Python", 0, 0, 0, 0, 0, 0, 0, 236, 0, 0, 0, 0, 0, 0, 0, 0, 0, 0, 0, 0, 0, 0, 0, 0, 0, 0, 0, 0, 0, 0, 0, 0, 0, 0, 0, 0, 0, 0, 292, 72, 600
"c:\Users\Marlowe\Desktop\ProjectBible\.venv\Lib\site-packages\pkg_resources\_vendor\more_itertools\__init__.py", "Python", 0, 0, 0, 0, 0, 0, 0, 3, 0, 0, 0, 0, 0, 0, 0, 0, 0, 0, 0, 0, 0, 0, 0, 0, 0, 0, 0, 0, 0, 0, 0, 0, 0, 0, 0, 0, 0, 0, 0, 2, 5
"c:\Users\Marlowe\Desktop\ProjectBible\.venv\Lib\site-packages\pkg_resources\_vendor\more_itertools\more.py", "Python", 0, 0, 0, 0, 0, 0, 0, 1634, 0, 0, 0, 0, 0, 0, 0, 0, 0, 0, 0, 0, 0, 0, 0, 0, 0, 0, 0, 0, 0, 0, 0, 0, 0, 0, 0, 0, 0, 0, 2221, 462, 4317
"c:\Users\Marlowe\Desktop\ProjectBible\.venv\Lib\site-packages\pkg_resources\_vendor\more_itertools\recipes.py", "Python", 0, 0, 0, 0, 0, 0, 0, 223, 0, 0, 0, 0, 0, 0, 0, 0, 0, 0, 0, 0, 0, 0, 0, 0, 0, 0, 0, 0, 0, 0, 0, 0, 0, 0, 0, 0, 0, 0, 396, 80, 699
"c:\Users\Marlowe\Desktop\ProjectBible\.venv\Lib\site-packages\pkg_resources\_vendor\packaging\__about__.py", "Python", 0, 0, 0, 0, 0, 0, 0, 18, 0, 0, 0, 0, 0, 0, 0, 0, 0, 0, 0, 0, 0, 0, 0, 0, 0, 0, 0, 0, 0, 0, 0, 0, 0, 0, 0, 0, 0, 0, 3, 6, 27
"c:\Users\Marlowe\Desktop\ProjectBible\.venv\Lib\site-packages\pkg_resources\_vendor\packaging\__init__.py", "Python", 0, 0, 0, 0, 0, 0, 0, 20, 0, 0, 0, 0, 0, 0, 0, 0, 0, 0, 0, 0, 0, 0, 0, 0, 0, 0, 0, 0, 0, 0, 0, 0, 0, 0, 0, 0, 0, 0, 3, 3, 26
"c:\Users\Marlowe\Desktop\ProjectBible\.venv\Lib\site-packages\pkg_resources\_vendor\packaging\_manylinux.py", "Python", 0, 0, 0, 0, 0, 0, 0, 196, 0, 0, 0, 0, 0, 0, 0, 0, 0, 0, 0, 0, 0, 0, 0, 0, 0, 0, 0, 0, 0, 0, 0, 0, 0, 0, 0, 0, 0, 0, 68, 38, 302
"c:\Users\Marlowe\Desktop\ProjectBible\.venv\Lib\site-packages\pkg_resources\_vendor\packaging\_musllinux.py", "Python", 0, 0, 0, 0, 0, 0, 0, 85, 0, 0, 0, 0, 0, 0, 0, 0, 0, 0, 0, 0, 0, 0, 0, 0, 0, 0, 0, 0, 0, 0, 0, 0, 0, 0, 0, 0, 0, 0, 32, 20, 137
"c:\Users\Marlowe\Desktop\ProjectBible\.venv\Lib\site-packages\pkg_resources\_vendor\packaging\_structures.py", "Python", 0, 0, 0, 0, 0, 0, 0, 36, 0, 0, 0, 0, 0, 0, 0, 0, 0, 0, 0, 0, 0, 0, 0, 0, 0, 0, 0, 0, 0, 0, 0, 0, 0, 0, 0, 0, 0, 0, 3, 23, 62
"c:\Users\Marlowe\Desktop\ProjectBible\.venv\Lib\site-packages\pkg_resources\_vendor\packaging\markers.py", "Python", 0, 0, 0, 0, 0, 0, 0, 208, 0, 0, 0, 0, 0, 0, 0, 0, 0, 0, 0, 0, 0, 0, 0, 0, 0, 0, 0, 0, 0, 0, 0, 0, 0, 0, 0, 0, 0, 0, 25, 72, 305
"c:\Users\Marlowe\Desktop\ProjectBible\.venv\Lib\site-packages\pkg_resources\_vendor\packaging\requirements.py", "Python", 0, 0, 0, 0, 0, 0, 0, 97, 0, 0, 0, 0, 0, 0, 0, 0, 0, 0, 0, 0, 0, 0, 0, 0, 0, 0, 0, 0, 0, 0, 0, 0, 0, 0, 0, 0, 0, 0, 18, 32, 147
"c:\Users\Marlowe\Desktop\ProjectBible\.venv\Lib\site-packages\pkg_resources\_vendor\packaging\specifiers.py", "Python", 0, 0, 0, 0, 0, 0, 0, 203, 0, 0, 0, 0, 0, 0, 0, 0, 0, 0, 0, 0, 0, 0, 0, 0, 0, 0, 0, 0, 0, 0, 0, 0, 0, 0, 0, 0, 0, 0, 549, 51, 803
"c:\Users\Marlowe\Desktop\ProjectBible\.venv\Lib\site-packages\pkg_resources\_vendor\packaging\tags.py", "Python", 0, 0, 0, 0, 0, 0, 0, 308, 0, 0, 0, 0, 0, 0, 0, 0, 0, 0, 0, 0, 0, 0, 0, 0, 0, 0, 0, 0, 0, 0, 0, 0, 0, 0, 0, 0, 0, 0, 103, 77, 488
"c:\Users\Marlowe\Desktop\ProjectBible\.venv\Lib\site-packages\pkg_resources\_vendor\packaging\utils.py", "Python", 0, 0, 0, 0, 0, 0, 0, 81, 0, 0, 0, 0, 0, 0, 0, 0, 0, 0, 0, 0, 0, 0, 0, 0, 0, 0, 0, 0, 0, 0, 0, 0, 0, 0, 0, 0, 0, 0, 26, 30, 137
"c:\Users\Marlowe\Desktop\ProjectBible\.venv\Lib\site-packages\pkg_resources\_vendor\packaging\version.py", "Python", 0, 0, 0, 0, 0, 0, 0, 171, 0, 0, 0, 0, 0, 0, 0, 0, 0, 0, 0, 0, 0, 0, 0, 0, 0, 0, 0, 0, 0, 0, 0, 0, 0, 0, 0, 0, 0, 0, 277, 57, 505
"c:\Users\Marlowe\Desktop\ProjectBible\.venv\Lib\site-packages\pkg_resources\_vendor\pyparsing\__init__.py", "Python", 0, 0, 0, 0, 0, 0, 0, 292, 0, 0, 0, 0, 0, 0, 0, 0, 0, 0, 0, 0, 0, 0, 0, 0, 0, 0, 0, 0, 0, 0, 0, 0, 0, 0, 0, 0, 0, 0, 25, 15, 332
"c:\Users\Marlowe\Desktop\ProjectBible\.venv\Lib\site-packages\pkg_resources\_vendor\pyparsing\actions.py", "Python", 0, 0, 0, 0, 0, 0, 0, 52, 0, 0, 0, 0, 0, 0, 0, 0, 0, 0, 0, 0, 0, 0, 0, 0, 0, 0, 0, 0, 0, 0, 0, 0, 0, 0, 0, 0, 0, 0, 129, 27, 208
"c:\Users\Marlowe\Desktop\ProjectBible\.venv\Lib\site-packages\pkg_resources\_vendor\pyparsing\common.py", "Python", 0, 0, 0, 0, 0, 0, 0, 153, 0, 0, 0, 0, 0, 0, 0, 0, 0, 0, 0, 0, 0, 0, 0, 0, 0, 0, 0, 0, 0, 0, 0, 0, 0, 0, 0, 0, 0, 0, 236, 36, 425
"c:\Users\Marlowe\Desktop\ProjectBible\.venv\Lib\site-packages\pkg_resources\_vendor\pyparsing\core.py", "Python", 0, 0, 0, 0, 0, 0, 0, 1556, 0, 0, 0, 0, 0, 0, 0, 0, 0, 0, 0, 0, 0, 0, 0, 0, 0, 0, 0, 0, 0, 0, 0, 0, 0, 0, 0, 0, 0, 0, 3855, 404, 5815
"c:\Users\Marlowe\Desktop\ProjectBible\.venv\Lib\site-packages\pkg_resources\_vendor\pyparsing\diagram\__init__.py", "Python", 0, 0, 0, 0, 0, 0, 0, 410, 0, 0, 0, 0, 0, 0, 0, 0, 0, 0, 0, 0, 0, 0, 0, 0, 0, 0, 0, 0, 0, 0, 0, 0, 0, 0, 0, 0, 0, 0, 151, 82, 643
"c:\Users\Marlowe\Desktop\ProjectBible\.venv\Lib\site-packages\pkg_resources\_vendor\pyparsing\exceptions.py", "Python", 0, 0, 0, 0, 0, 0, 0, 120, 0, 0, 0, 0, 0, 0, 0, 0, 0, 0, 0, 0, 0, 0, 0, 0, 0, 0, 0, 0, 0, 0, 0, 0, 0, 0, 0, 0, 0, 0, 108, 40, 268
"c:\Users\Marlowe\Desktop\ProjectBible\.venv\Lib\site-packages\pkg_resources\_vendor\pyparsing\helpers.py", "Python", 0, 0, 0, 0, 0, 0, 0, 511, 0, 0, 0, 0, 0, 0, 0, 0, 0, 0, 0, 0, 0, 0, 0, 0, 0, 0, 0, 0, 0, 0, 0, 0, 0, 0, 0, 0, 0, 0, 483, 95, 1089
"c:\Users\Marlowe\Desktop\ProjectBible\.venv\Lib\site-packages\pkg_resources\_vendor\pyparsing\results.py", "Python", 0, 0, 0, 0, 0, 0, 0, 313, 0, 0, 0, 0, 0, 0, 0, 0, 0, 0, 0, 0, 0, 0, 0, 0, 0, 0, 0, 0, 0, 0, 0, 0, 0, 0, 0, 0, 0, 0, 383, 65, 761
"c:\Users\Marlowe\Desktop\ProjectBible\.venv\Lib\site-packages\pkg_resources\_vendor\pyparsing\testing.py", "Python", 0, 0, 0, 0, 0, 0, 0, 222, 0, 0, 0, 0, 0, 0, 0, 0, 0, 0, 0, 0, 0, 0, 0, 0, 0, 0, 0, 0, 0, 0, 0, 0, 0, 0, 0, 0, 0, 0, 75, 35, 332
"c:\Users\Marlowe\Desktop\ProjectBible\.venv\Lib\site-packages\pkg_resources\_vendor\pyparsing\unicode.py", "Python", 0, 0, 0, 0, 0, 0, 0, 277, 0, 0, 0, 0, 0, 0, 0, 0, 0, 0, 0, 0, 0, 0, 0, 0, 0, 0, 0, 0, 0, 0, 0, 0, 0, 0, 0, 0, 0, 0, 32, 44, 353
"c:\Users\Marlowe\Desktop\ProjectBible\.venv\Lib\site-packages\pkg_resources\_vendor\pyparsing\util.py", "Python", 0, 0, 0, 0, 0, 0, 0, 154, 0, 0, 0, 0, 0, 0, 0, 0, 0, 0, 0, 0, 0, 0, 0, 0, 0, 0, 0, 0, 0, 0, 0, 0, 0, 0, 0, 0, 0, 0, 35, 47, 236
"c:\Users\Marlowe\Desktop\ProjectBible\.venv\Lib\site-packages\pkg_resources\_vendor\zipp.py", "Python", 0, 0, 0, 0, 0, 0, 0, 133, 0, 0, 0, 0, 0, 0, 0, 0, 0, 0, 0, 0, 0, 0, 0, 0, 0, 0, 0, 0, 0, 0, 0, 0, 0, 0, 0, 0, 0, 0, 146, 51, 330
"c:\Users\Marlowe\Desktop\ProjectBible\.venv\Lib\site-packages\pkg_resources\extern\__init__.py", "Python", 0, 0, 0, 0, 0, 0, 0, 49, 0, 0, 0, 0, 0, 0, 0, 0, 0, 0, 0, 0, 0, 0, 0, 0, 0, 0, 0, 0, 0, 0, 0, 0, 0, 0, 0, 0, 0, 0, 15, 13, 77
"c:\Users\Marlowe\Desktop\ProjectBible\.venv\Lib\site-packages\pysword\__init__.py", "Python", 0, 0, 0, 0, 0, 0, 0, 2, 0, 0, 0, 0, 0, 0, 0, 0, 0, 0, 0, 0, 0, 0, 0, 0, 0, 0, 0, 0, 0, 0, 0, 0, 0, 0, 0, 0, 0, 0, 26, 3, 31
"c:\Users\Marlowe\Desktop\ProjectBible\.venv\Lib\site-packages\pysword\bible.py", "Python", 0, 0, 0, 0, 0, 0, 0, 227, 0, 0, 0, 0, 0, 0, 0, 0, 0, 0, 0, 0, 0, 0, 0, 0, 0, 0, 0, 0, 0, 0, 0, 0, 0, 0, 0, 0, 0, 0, 209, 62, 498
"c:\Users\Marlowe\Desktop\ProjectBible\.venv\Lib\site-packages\pysword\books.py", "Python", 0, 0, 0, 0, 0, 0, 0, 90, 0, 0, 0, 0, 0, 0, 0, 0, 0, 0, 0, 0, 0, 0, 0, 0, 0, 0, 0, 0, 0, 0, 0, 0, 0, 0, 0, 0, 0, 0, 99, 23, 212
"c:\Users\Marlowe\Desktop\ProjectBible\.venv\Lib\site-packages\pysword\canon-parser.py", "Python", 0, 0, 0, 0, 0, 0, 0, 73, 0, 0, 0, 0, 0, 0, 0, 0, 0, 0, 0, 0, 0, 0, 0, 0, 0, 0, 0, 0, 0, 0, 0, 0, 0, 0, 0, 0, 0, 0, 46, 6, 125
"c:\Users\Marlowe\Desktop\ProjectBible\.venv\Lib\site-packages\pysword\canons.py", "Python", 0, 0, 0, 0, 0, 0, 0, 2469, 0, 0, 0, 0, 0, 0, 0, 0, 0, 0, 0, 0, 0, 0, 0, 0, 0, 0, 0, 0, 0, 0, 0, 0, 0, 0, 0, 0, 0, 0, 28, 3, 2500
"c:\Users\Marlowe\Desktop\ProjectBible\.venv\Lib\site-packages\pysword\cleaner.py", "Python", 0, 0, 0, 0, 0, 0, 0, 70, 0, 0, 0, 0, 0, 0, 0, 0, 0, 0, 0, 0, 0, 0, 0, 0, 0, 0, 0, 0, 0, 0, 0, 0, 0, 0, 0, 0, 0, 0, 70, 20, 160
"c:\Users\Marlowe\Desktop\ProjectBible\.venv\Lib\site-packages\pysword\modules.py", "Python", 0, 0, 0, 0, 0, 0, 0, 120, 0, 0, 0, 0, 0, 0, 0, 0, 0, 0, 0, 0, 0, 0, 0, 0, 0, 0, 0, 0, 0, 0, 0, 0, 0, 0, 0, 0, 0, 0, 83, 18, 221
"c:\Users\Marlowe\Desktop\ProjectBible\.venv\Lib\site-packages\pysword\sapphire.py", "Python", 0, 0, 0, 0, 0, 0, 0, 125, 0, 0, 0, 0, 0, 0, 0, 0, 0, 0, 0, 0, 0, 0, 0, 0, 0, 0, 0, 0, 0, 0, 0, 0, 0, 0, 0, 0, 0, 0, 106, 27, 258
"c:\Users\Marlowe\Desktop\ProjectBible\.venv\Lib\site-packages\pysword\utils.py", "Python", 0, 0, 0, 0, 0, 0, 0, 20, 0, 0, 0, 0, 0, 0, 0, 0, 0, 0, 0, 0, 0, 0, 0, 0, 0, 0, 0, 0, 0, 0, 0, 0, 0, 0, 0, 0, 0, 0, 34, 5, 59
"c:\Users\Marlowe\Desktop\ProjectBible\.venv\Lib\site-packages\setuptools\__init__.py", "Python", 0, 0, 0, 0, 0, 0, 0, 90, 0, 0, 0, 0, 0, 0, 0, 0, 0, 0, 0, 0, 0, 0, 0, 0, 0, 0, 0, 0, 0, 0, 0, 0, 0, 0, 0, 0, 0, 0, 126, 32, 248
"c:\Users\Marlowe\Desktop\ProjectBible\.venv\Lib\site-packages\setuptools\_deprecation_warning.py", "Python", 0, 0, 0, 0, 0, 0, 0, 1, 0, 0, 0, 0, 0, 0, 0, 0, 0, 0, 0, 0, 0, 0, 0, 0, 0, 0, 0, 0, 0, 0, 0, 0, 0, 0, 0, 0, 0, 0, 6, 1, 8
"c:\Users\Marlowe\Desktop\ProjectBible\.venv\Lib\site-packages\setuptools\_distutils\__init__.py", "Python", 0, 0, 0, 0, 0, 0, 0, 7, 0, 0, 0, 0, 0, 0, 0, 0, 0, 0, 0, 0, 0, 0, 0, 0, 0, 0, 0, 0, 0, 0, 0, 0, 0, 0, 0, 0, 0, 0, 13, 5, 25
"c:\Users\Marlowe\Desktop\ProjectBible\.venv\Lib\site-packages\setuptools\_distutils\_collections.py", "Python", 0, 0, 0, 0, 0, 0, 0, 16, 0, 0, 0, 0, 0, 0, 0, 0, 0, 0, 0, 0, 0, 0, 0, 0, 0, 0, 0, 0, 0, 0, 0, 0, 0, 0, 0, 0, 0, 0, 33, 8, 57
"c:\Users\Marlowe\Desktop\ProjectBible\.venv\Lib\site-packages\setuptools\_distutils\_functools.py", "Python", 0, 0, 0, 0, 0, 0, 0, 7, 0, 0, 0, 0, 0, 0, 0, 0, 0, 0, 0, 0, 0, 0, 0, 0, 0, 0, 0, 0, 0, 0, 0, 0, 0, 0, 0, 0, 0, 0, 9, 5, 21
"c:\Users\Marlowe\Desktop\ProjectBible\.venv\Lib\site-packages\setuptools\_distutils\_macos_compat.py", "Python", 0, 0, 0, 0, 0, 0, 0, 8, 0, 0, 0, 0, 0, 0, 0, 0, 0, 0, 0, 0, 0, 0, 0, 0, 0, 0, 0, 0, 0, 0, 0, 0, 0, 0, 0, 0, 0, 0, 0, 5, 13
"c:\Users\Marlowe\Desktop\ProjectBible\.venv\Lib\site-packages\setuptools\_distutils\_msvccompiler.py", "Python", 0, 0, 0, 0, 0, 0, 0, 400, 0, 0, 0, 0, 0, 0, 0, 0, 0, 0, 0, 0, 0, 0, 0, 0, 0, 0, 0, 0, 0, 0, 0, 0, 0, 0, 0, 0, 0, 0, 89, 84, 573
"c:\Users\Marlowe\Desktop\ProjectBible\.venv\Lib\site-packages\setuptools\_distutils\archive_util.py", "Python", 0, 0, 0, 0, 0, 0, 0, 180, 0, 0, 0, 0, 0, 0, 0, 0, 0, 0, 0, 0, 0, 0, 0, 0, 0, 0, 0, 0, 0, 0, 0, 0, 0, 0, 0, 0, 0, 0, 57, 44, 281
"c:\Users\Marlowe\Desktop\ProjectBible\.venv\Lib\site-packages\setuptools\_distutils\bcppcompiler.py", "Python", 0, 0, 0, 0, 0, 0, 0, 260, 0, 0, 0, 0, 0, 0, 0, 0, 0, 0, 0, 0, 0, 0, 0, 0, 0, 0, 0, 0, 0, 0, 0, 0, 0, 0, 0, 0, 0, 0, 86, 63, 409
"c:\Users\Marlowe\Desktop\ProjectBible\.venv\Lib\site-packages\setuptools\_distutils\ccompiler.py", "Python", 0, 0, 0, 0, 0, 0, 0, 591, 0, 0, 0, 0, 0, 0, 0, 0, 0, 0, 0, 0, 0, 0, 0, 0, 0, 0, 0, 0, 0, 0, 0, 0, 0, 0, 0, 0, 0, 0, 497, 133, 1221
"c:\Users\Marlowe\Desktop\ProjectBible\.venv\Lib\site-packages\setuptools\_distutils\cmd.py", "Python", 0, 0, 0, 0, 0, 0, 0, 186, 0, 0, 0, 0, 0, 0, 0, 0, 0, 0, 0, 0, 0, 0, 0, 0, 0, 0, 0, 0, 0, 0, 0, 0, 0, 0, 0, 0, 0, 0, 200, 51, 437
"c:\Users\Marlowe\Desktop\ProjectBible\.venv\Lib\site-packages\setuptools\_distutils\command\__init__.py", "Python", 0, 0, 0, 0, 0, 0, 0, 20, 0, 0, 0, 0, 0, 0, 0, 0, 0, 0, 0, 0, 0, 0, 0, 0, 0, 0, 0, 0, 0, 0, 0, 0, 0, 0, 0, 0, 0, 0, 4, 2, 26
"c:\Users\Marlowe\Desktop\ProjectBible\.venv\Lib\site-packages\setuptools\_distutils\command\_framework_compat.py", "Python", 0, 0, 0, 0, 0, 0, 0, 35, 0, 0, 0, 0, 0, 0, 0, 0, 0, 0, 0, 0, 0, 0, 0, 0, 0, 0, 0, 0, 0, 0, 0, 0, 0, 0, 0, 0, 0, 0, 10, 11, 56
"c:\Users\Marlowe\Desktop\ProjectBible\.venv\Lib\site-packages\setuptools\_distutils\command\bdist.py", "Python", 0, 0, 0, 0, 0, 0, 0, 111, 0, 0, 0, 0, 0, 0, 0, 0, 0, 0, 0, 0, 0, 0, 0, 0, 0, 0, 0, 0, 0, 0, 0, 0, 0, 0, 0, 0, 0, 0, 20, 27, 158
"c:\Users\Marlowe\Desktop\ProjectBible\.venv\Lib\site-packages\setuptools\_distutils\command\bdist_dumb.py", "Python", 0, 0, 0, 0, 0, 0, 0, 118, 0, 0, 0, 0, 0, 0, 0, 0, 0, 0, 0, 0, 0, 0, 0, 0, 0, 0, 0, 0, 0, 0, 0, 0, 0, 0, 0, 0, 0, 0, 8, 19, 145
"c:\Users\Marlowe\Desktop\ProjectBible\.venv\Lib\site-packages\setuptools\_distutils\command\bdist_rpm.py", "Python", 0, 0, 0, 0, 0, 0, 0, 474, 0, 0, 0, 0, 0, 0, 0, 0, 0, 0, 0, 0, 0, 0, 0, 0, 0, 0, 0, 0, 0, 0, 0, 0, 0, 0, 0, 0, 0, 0, 67, 75, 616
"c:\Users\Marlowe\Desktop\ProjectBible\.venv\Lib\site-packages\setuptools\_distutils\command\build.py", "Python", 0, 0, 0, 0, 0, 0, 0, 102, 0, 0, 0, 0, 0, 0, 0, 0, 0, 0, 0, 0, 0, 0, 0, 0, 0, 0, 0, 0, 0, 0, 0, 0, 0, 0, 0, 0, 0, 0, 25, 27, 154
"c:\Users\Marlowe\Desktop\ProjectBible\.venv\Lib\site-packages\setuptools\_distutils\command\build_clib.py", "Python", 0, 0, 0, 0, 0, 0, 0, 129, 0, 0, 0, 0, 0, 0, 0, 0, 0, 0, 0, 0, 0, 0, 0, 0, 0, 0, 0, 0, 0, 0, 0, 0, 0, 0, 0, 0, 0, 0, 41, 39, 209
"c:\Users\Marlowe\Desktop\ProjectBible\.venv\Lib\site-packages\setuptools\_distutils\command\build_ext.py", "Python", 0, 0, 0, 0, 0, 0, 0, 453, 0, 0, 0, 0, 0, 0, 0, 0, 0, 0, 0, 0, 0, 0, 0, 0, 0, 0, 0, 0, 0, 0, 0, 0, 0, 0, 0, 0, 0, 0, 241, 94, 788
"c:\Users\Marlowe\Desktop\ProjectBible\.venv\Lib\site-packages\setuptools\_distutils\command\build_py.py", "Python", 0, 0, 0, 0, 0, 0, 0, 254, 0, 0, 0, 0, 0, 0, 0, 0, 0, 0, 0, 0, 0, 0, 0, 0, 0, 0, 0, 0, 0, 0, 0, 0, 0, 0, 0, 0, 0, 0, 99, 55, 408
"c:\Users\Marlowe\Desktop\ProjectBible\.venv\Lib\site-packages\setuptools\_distutils\command\build_scripts.py", "Python", 0, 0, 0, 0, 0, 0, 0, 122, 0, 0, 0, 0, 0, 0, 0, 0, 0, 0, 0, 0, 0, 0, 0, 0, 0, 0, 0, 0, 0, 0, 0, 0, 0, 0, 0, 0, 0, 0, 25, 27, 174
"c:\Users\Marlowe\Desktop\ProjectBible\.venv\Lib\site-packages\setuptools\_distutils\command\check.py", "Python", 0, 0, 0, 0, 0, 0, 0, 110, 0, 0, 0, 0, 0, 0, 0, 0, 0, 0, 0, 0, 0, 0, 0, 0, 0, 0, 0, 0, 0, 0, 0, 0, 0, 0, 0, 0, 0, 0, 21, 21, 152
"c:\Users\Marlowe\Desktop\ProjectBible\.venv\Lib\site-packages\setuptools\_distutils\command\clean.py", "Python", 0, 0, 0, 0, 0, 0, 0, 56, 0, 0, 0, 0, 0, 0, 0, 0, 0, 0, 0, 0, 0, 0, 0, 0, 0, 0, 0, 0, 0, 0, 0, 0, 0, 0, 0, 0, 0, 0, 9, 12, 77
"c:\Users\Marlowe\Desktop\ProjectBible\.venv\Lib\site-packages\setuptools\_distutils\command\config.py", "Python", 0, 0, 0, 0, 0, 0, 0, 240, 0, 0, 0, 0, 0, 0, 0, 0, 0, 0, 0, 0, 0, 0, 0, 0, 0, 0, 0, 0, 0, 0, 0, 0, 0, 0, 0, 0, 0, 0, 87, 51, 378
"c:\Users\Marlowe\Desktop\ProjectBible\.venv\Lib\site-packages\setuptools\_distutils\command\install.py", "Python", 0, 0, 0, 0, 0, 0, 0, 526, 0, 0, 0, 0, 0, 0, 0, 0, 0, 0, 0, 0, 0, 0, 0, 0, 0, 0, 0, 0, 0, 0, 0, 0, 0, 0, 0, 0, 0, 0, 166, 123, 815
"c:\Users\Marlowe\Desktop\ProjectBible\.venv\Lib\site-packages\setuptools\_distutils\command\install_data.py", "Python", 0, 0, 0, 0, 0, 0, 0, 60, 0, 0, 0, 0, 0, 0, 0, 0, 0, 0, 0, 0, 0, 0, 0, 0, 0, 0, 0, 0, 0, 0, 0, 0, 0, 0, 0, 0, 0, 0, 11, 14, 85
"c:\Users\Marlowe\Desktop\ProjectBible\.venv\Lib\site-packages\setuptools\_distutils\command\install_egg_info.py", "Python", 0, 0, 0, 0, 0, 0, 0, 46, 0, 0, 0, 0, 0, 0, 0, 0, 0, 0, 0, 0, 0, 0, 0, 0, 0, 0, 0, 0, 0, 0, 0, 0, 0, 0, 0, 0, 0, 0, 27, 19, 92
"c:\Users\Marlowe\Desktop\ProjectBible\.venv\Lib\site-packages\setuptools\_distutils\command\install_headers.py", "Python", 0, 0, 0, 0, 0, 0, 0, 28, 0, 0, 0, 0, 0, 0, 0, 0, 0, 0, 0, 0, 0, 0, 0, 0, 0, 0, 0, 0, 0, 0, 0, 0, 0, 0, 0, 0, 0, 0, 5, 13, 46
"c:\Users\Marlowe\Desktop\ProjectBible\.venv\Lib\site-packages\setuptools\_distutils\command\install_lib.py", "Python", 0, 0, 0, 0, 0, 0, 0, 150, 0, 0, 0, 0, 0, 0, 0, 0, 0, 0, 0, 0, 0, 0, 0, 0, 0, 0, 0, 0, 0, 0, 0, 0, 0, 0, 0, 0, 0, 0, 49, 40, 239
"c:\Users\Marlowe\Desktop\ProjectBible\.venv\Lib\site-packages\setuptools\_distutils\command\install_scripts.py", "Python", 0, 0, 0, 0, 0, 0, 0, 42, 0, 0, 0, 0, 0, 0, 0, 0, 0, 0, 0, 0, 0, 0, 0, 0, 0, 0, 0, 0, 0, 0, 0, 0, 0, 0, 0, 0, 0, 0, 7, 13, 62
"c:\Users\Marlowe\Desktop\ProjectBible\.venv\Lib\site-packages\setuptools\_distutils\command\py37compat.py", "Python", 0, 0, 0, 0, 0, 0, 0, 19, 0, 0, 0, 0, 0, 0, 0, 0, 0, 0, 0, 0, 0, 0, 0, 0, 0, 0, 0, 0, 0, 0, 0, 0, 0, 0, 0, 0, 0, 0, 4, 9, 32
"c:\Users\Marlowe\Desktop\ProjectBible\.venv\Lib\site-packages\setuptools\_distutils\command\register.py", "Python", 0, 0, 0, 0, 0, 0, 0, 261, 0, 0, 0, 0, 0, 0, 0, 0, 0, 0, 0, 0, 0, 0, 0, 0, 0, 0, 0, 0, 0, 0, 0, 0, 0, 0, 0, 0, 0, 0, 25, 34, 320
"c:\Users\Marlowe\Desktop\ProjectBible\.venv\Lib\site-packages\setuptools\_distutils\command\sdist.py", "Python", 0, 0, 0, 0, 0, 0, 0, 338, 0, 0, 0, 0, 0, 0, 0, 0, 0, 0, 0, 0, 0, 0, 0, 0, 0, 0, 0, 0, 0, 0, 0, 0, 0, 0, 0, 0, 0, 0, 122, 72, 532
"c:\Users\Marlowe\Desktop\ProjectBible\.venv\Lib\site-packages\setuptools\_distutils\command\upload.py", "Python", 0, 0, 0, 0, 0, 0, 0, 151, 0, 0, 0, 0, 0, 0, 0, 0, 0, 0, 0, 0, 0, 0, 0, 0, 0, 0, 0, 0, 0, 0, 0, 0, 0, 0, 0, 0, 0, 0, 28, 27, 206
"c:\Users\Marlowe\Desktop\ProjectBible\.venv\Lib\site-packages\setuptools\_distutils\config.py", "Python", 0, 0, 0, 0, 0, 0, 0, 99, 0, 0, 0, 0, 0, 0, 0, 0, 0, 0, 0, 0, 0, 0, 0, 0, 0, 0, 0, 0, 0, 0, 0, 0, 0, 0, 0, 0, 0, 0, 21, 20, 140
"c:\Users\Marlowe\Desktop\ProjectBible\.venv\Lib\site-packages\setuptools\_distutils\core.py", "Python", 0, 0, 0, 0, 0, 0, 0, 150, 0, 0, 0, 0, 0, 0, 0, 0, 0, 0, 0, 0, 0, 0, 0, 0, 0, 0, 0, 0, 0, 0, 0, 0, 0, 0, 0, 0, 0, 0, 100, 42, 292
"c:\Users\Marlowe\Desktop\ProjectBible\.venv\Lib\site-packages\setuptools\_distutils\cygwinccompiler.py", "Python", 0, 0, 0, 0, 0, 0, 0, 207, 0, 0, 0, 0, 0, 0, 0, 0, 0, 0, 0, 0, 0, 0, 0, 0, 0, 0, 0, 0, 0, 0, 0, 0, 0, 0, 0, 0, 0, 0, 97, 61, 365
"c:\Users\Marlowe\Desktop\ProjectBible\.venv\Lib\site-packages\setuptools\_distutils\debug.py", "Python", 0, 0, 0, 0, 0, 0, 0, 2, 0, 0, 0, 0, 0, 0, 0, 0, 0, 0, 0, 0, 0, 0, 0, 0, 0, 0, 0, 0, 0, 0, 0, 0, 0, 0, 0, 0, 0, 0, 2, 2, 6
"c:\Users\Marlowe\Desktop\ProjectBible\.venv\Lib\site-packages\setuptools\_distutils\dep_util.py", "Python", 0, 0, 0, 0, 0, 0, 0, 39, 0, 0, 0, 0, 0, 0, 0, 0, 0, 0, 0, 0, 0, 0, 0, 0, 0, 0, 0, 0, 0, 0, 0, 0, 0, 0, 0, 0, 0, 0, 36, 22, 97
"c:\Users\Marlowe\Desktop\ProjectBible\.venv\Lib\site-packages\setuptools\_distutils\dir_util.py", "Python", 0, 0, 0, 0, 0, 0, 0, 137, 0, 0, 0, 0, 0, 0, 0, 0, 0, 0, 0, 0, 0, 0, 0, 0, 0, 0, 0, 0, 0, 0, 0, 0, 0, 0, 0, 0, 0, 0, 71, 36, 244
"c:\Users\Marlowe\Desktop\ProjectBible\.venv\Lib\site-packages\setuptools\_distutils\dist.py", "Python", 0, 0, 0, 0, 0, 0, 0, 755, 0, 0, 0, 0, 0, 0, 0, 0, 0, 0, 0, 0, 0, 0, 0, 0, 0, 0, 0, 0, 0, 0, 0, 0, 0, 0, 0, 0, 0, 0, 341, 191, 1287
"c:\Users\Marlowe\Desktop\ProjectBible\.venv\Lib\site-packages\setuptools\_distutils\errors.py", "Python", 0, 0, 0, 0, 0, 0, 0, 30, 0, 0, 0, 0, 0, 0, 0, 0, 0, 0, 0, 0, 0, 0, 0, 0, 0, 0, 0, 0, 0, 0, 0, 0, 0, 0, 0, 0, 0, 0, 48, 50, 128
"c:\Users\Marlowe\Desktop\ProjectBible\.venv\Lib\site-packages\setuptools\_distutils\extension.py", "Python", 0, 0, 0, 0, 0, 0, 0, 130, 0, 0, 0, 0, 0, 0, 0, 0, 0, 0, 0, 0, 0, 0, 0, 0, 0, 0, 0, 0, 0, 0, 0, 0, 0, 0, 0, 0, 0, 0, 95, 24, 249
"c:\Users\Marlowe\Desktop\ProjectBible\.venv\Lib\site-packages\setuptools\_distutils\fancy_getopt.py", "Python", 0, 0, 0, 0, 0, 0, 0, 260, 0, 0, 0, 0, 0, 0, 0, 0, 0, 0, 0, 0, 0, 0, 0, 0, 0, 0, 0, 0, 0, 0, 0, 0, 0, 0, 0, 0, 0, 0, 140, 71, 471
"c:\Users\Marlowe\Desktop\ProjectBible\.venv\Lib\site-packages\setuptools\_distutils\file_util.py", "Python", 0, 0, 0, 0, 0, 0, 0, 152, 0, 0, 0, 0, 0, 0, 0, 0, 0, 0, 0, 0, 0, 0, 0, 0, 0, 0, 0, 0, 0, 0, 0, 0, 0, 0, 0, 0, 0, 0, 63, 35, 250
"c:\Users\Marlowe\Desktop\ProjectBible\.venv\Lib\site-packages\setuptools\_distutils\filelist.py", "Python", 0, 0, 0, 0, 0, 0, 0, 213, 0, 0, 0, 0, 0, 0, 0, 0, 0, 0, 0, 0, 0, 0, 0, 0, 0, 0, 0, 0, 0, 0, 0, 0, 0, 0, 0, 0, 0, 0, 105, 54, 372
"c:\Users\Marlowe\Desktop\ProjectBible\.venv\Lib\site-packages\setuptools\_distutils\log.py", "Python", 0, 0, 0, 0, 0, 0, 0, 56, 0, 0, 0, 0, 0, 0, 0, 0, 0, 0, 0, 0, 0, 0, 0, 0, 0, 0, 0, 0, 0, 0, 0, 0, 0, 0, 0, 0, 0, 0, 5, 20, 81
"c:\Users\Marlowe\Desktop\ProjectBible\.venv\Lib\site-packages\setuptools\_distutils\msvc9compiler.py", "Python", 0, 0, 0, 0, 0, 0, 0, 582, 0, 0, 0, 0, 0, 0, 0, 0, 0, 0, 0, 0, 0, 0, 0, 0, 0, 0, 0, 0, 0, 0, 0, 0, 0, 0, 0, 0, 0, 0, 151, 100, 833
"c:\Users\Marlowe\Desktop\ProjectBible\.venv\Lib\site-packages\setuptools\_distutils\msvccompiler.py", "Python", 0, 0, 0, 0, 0, 0, 0, 500, 0, 0, 0, 0, 0, 0, 0, 0, 0, 0, 0, 0, 0, 0, 0, 0, 0, 0, 0, 0, 0, 0, 0, 0, 0, 0, 0, 0, 0, 0, 109, 87, 696
"c:\Users\Marlowe\Desktop\ProjectBible\.venv\Lib\site-packages\setuptools\_distutils\py38compat.py", "Python", 0, 0, 0, 0, 0, 0, 0, 7, 0, 0, 0, 0, 0, 0, 0, 0, 0, 0, 0, 0, 0, 0, 0, 0, 0, 0, 0, 0, 0, 0, 0, 0, 0, 0, 0, 0, 0, 0, 0, 2, 9
"c:\Users\Marlowe\Desktop\ProjectBible\.venv\Lib\site-packages\setuptools\_distutils\py39compat.py", "Python", 0, 0, 0, 0, 0, 0, 0, 11, 0, 0, 0, 0, 0, 0, 0, 0, 0, 0, 0, 0, 0, 0, 0, 0, 0, 0, 0, 0, 0, 0, 0, 0, 0, 0, 0, 0, 0, 0, 6, 6, 23
"c:\Users\Marlowe\Desktop\ProjectBible\.venv\Lib\site-packages\setuptools\_distutils\spawn.py", "Python", 0, 0, 0, 0, 0, 0, 0, 58, 0, 0, 0, 0, 0, 0, 0, 0, 0, 0, 0, 0, 0, 0, 0, 0, 0, 0, 0, 0, 0, 0, 0, 0, 0, 0, 0, 0, 0, 0, 34, 18, 110
"c:\Users\Marlowe\Desktop\ProjectBible\.venv\Lib\site-packages\setuptools\_distutils\sysconfig.py", "Python", 0, 0, 0, 0, 0, 0, 0, 314, 0, 0, 0, 0, 0, 0, 0, 0, 0, 0, 0, 0, 0, 0, 0, 0, 0, 0, 0, 0, 0, 0, 0, 0, 0, 0, 0, 0, 0, 0, 157, 88, 559
"c:\Users\Marlowe\Desktop\ProjectBible\.venv\Lib\site-packages\setuptools\_distutils\text_file.py", "Python", 0, 0, 0, 0, 0, 0, 0, 120, 0, 0, 0, 0, 0, 0, 0, 0, 0, 0, 0, 0, 0, 0, 0, 0, 0, 0, 0, 0, 0, 0, 0, 0, 0, 0, 0, 0, 0, 0, 134, 34, 288
"c:\Users\Marlowe\Desktop\ProjectBible\.venv\Lib\site-packages\setuptools\_distutils\unixccompiler.py", "Python", 0, 0, 0, 0, 0, 0, 0, 209, 0, 0, 0, 0, 0, 0, 0, 0, 0, 0, 0, 0, 0, 0, 0, 0, 0, 0, 0, 0, 0, 0, 0, 0, 0, 0, 0, 0, 0, 0, 149, 44, 402
"c:\Users\Marlowe\Desktop\ProjectBible\.venv\Lib\site-packages\setuptools\_distutils\util.py", "Python", 0, 0, 0, 0, 0, 0, 0, 256, 0, 0, 0, 0, 0, 0, 0, 0, 0, 0, 0, 0, 0, 0, 0, 0, 0, 0, 0, 0, 0, 0, 0, 0, 0, 0, 0, 0, 0, 0, 171, 87, 514
"c:\Users\Marlowe\Desktop\ProjectBible\.venv\Lib\site-packages\setuptools\_distutils\version.py", "Python", 0, 0, 0, 0, 0, 0, 0, 126, 0, 0, 0, 0, 0, 0, 0, 0, 0, 0, 0, 0, 0, 0, 0, 0, 0, 0, 0, 0, 0, 0, 0, 0, 0, 0, 0, 0, 0, 0, 185, 48, 359
"c:\Users\Marlowe\Desktop\ProjectBible\.venv\Lib\site-packages\setuptools\_distutils\versionpredicate.py", "Python", 0, 0, 0, 0, 0, 0, 0, 69, 0, 0, 0, 0, 0, 0, 0, 0, 0, 0, 0, 0, 0, 0, 0, 0, 0, 0, 0, 0, 0, 0, 0, 0, 0, 0, 0, 0, 0, 0, 89, 18, 176
"c:\Users\Marlowe\Desktop\ProjectBible\.venv\Lib\site-packages\setuptools\_entry_points.py", "Python", 0, 0, 0, 0, 0, 0, 0, 35, 0, 0, 0, 0, 0, 0, 0, 0, 0, 0, 0, 0, 0, 0, 0, 0, 0, 0, 0, 0, 0, 0, 0, 0, 0, 0, 0, 0, 0, 0, 39, 13, 87
"c:\Users\Marlowe\Desktop\ProjectBible\.venv\Lib\site-packages\setuptools\_imp.py", "Python", 0, 0, 0, 0, 0, 0, 0, 61, 0, 0, 0, 0, 0, 0, 0, 0, 0, 0, 0, 0, 0, 0, 0, 0, 0, 0, 0, 0, 0, 0, 0, 0, 0, 0, 0, 0, 0, 0, 5, 17, 83
"c:\Users\Marlowe\Desktop\ProjectBible\.venv\Lib\site-packages\setuptools\_importlib.py", "Python", 0, 0, 0, 0, 0, 0, 0, 33, 0, 0, 0, 0, 0, 0, 0, 0, 0, 0, 0, 0, 0, 0, 0, 0, 0, 0, 0, 0, 0, 0, 0, 0, 0, 0, 0, 0, 0, 0, 6, 9, 48
"c:\Users\Marlowe\Desktop\ProjectBible\.venv\Lib\site-packages\setuptools\_itertools.py", "Python", 0, 0, 0, 0, 0, 0, 0, 10, 0, 0, 0, 0, 0, 0, 0, 0, 0, 0, 0, 0, 0, 0, 0, 0, 0, 0, 0, 0, 0, 0, 0, 0, 0, 0, 0, 0, 0, 0, 11, 3, 24
"c:\Users\Marlowe\Desktop\ProjectBible\.venv\Lib\site-packages\setuptools\_path.py", "Python", 0, 0, 0, 0, 0, 0, 0, 8, 0, 0, 0, 0, 0, 0, 0, 0, 0, 0, 0, 0, 0, 0, 0, 0, 0, 0, 0, 0, 0, 0, 0, 0, 0, 0, 0, 0, 0, 0, 16, 6, 30
"c:\Users\Marlowe\Desktop\ProjectBible\.venv\Lib\site-packages\setuptools\_reqs.py", "Python", 0, 0, 0, 0, 0, 0, 0, 6, 0, 0, 0, 0, 0, 0, 0, 0, 0, 0, 0, 0, 0, 0, 0, 0, 0, 0, 0, 0, 0, 0, 0, 0, 0, 0, 0, 0, 0, 0, 8, 6, 20
"c:\Users\Marlowe\Desktop\ProjectBible\.venv\Lib\site-packages\setuptools\_vendor\__init__.py", "Python", 0, 0, 0, 0, 0, 0, 0, 0, 0, 0, 0, 0, 0, 0, 0, 0, 0, 0, 0, 0, 0, 0, 0, 0, 0, 0, 0, 0, 0, 0, 0, 0, 0, 0, 0, 0, 0, 0, 0, 1, 1
"c:\Users\Marlowe\Desktop\ProjectBible\.venv\Lib\site-packages\setuptools\_vendor\importlib_metadata\__init__.py", "Python", 0, 0, 0, 0, 0, 0, 0, 515, 0, 0, 0, 0, 0, 0, 0, 0, 0, 0, 0, 0, 0, 0, 0, 0, 0, 0, 0, 0, 0, 0, 0, 0, 0, 0, 0, 0, 0, 0, 363, 170, 1048
"c:\Users\Marlowe\Desktop\ProjectBible\.venv\Lib\site-packages\setuptools\_vendor\importlib_metadata\_adapters.py", "Python", 0, 0, 0, 0, 0, 0, 0, 49, 0, 0, 0, 0, 0, 0, 0, 0, 0, 0, 0, 0, 0, 0, 0, 0, 0, 0, 0, 0, 0, 0, 0, 0, 0, 0, 0, 0, 0, 0, 8, 12, 69
"c:\Users\Marlowe\Desktop\ProjectBible\.venv\Lib\site-packages\setuptools\_vendor\importlib_metadata\_collections.py", "Python", 0, 0, 0, 0, 0, 0, 0, 10, 0, 0, 0, 0, 0, 0, 0, 0, 0, 0, 0, 0, 0, 0, 0, 0, 0, 0, 0, 0, 0, 0, 0, 0, 0, 0, 0, 0, 0, 0, 14, 7, 31
"c:\Users\Marlowe\Desktop\ProjectBible\.venv\Lib\site-packages\setuptools\_vendor\importlib_metadata\_compat.py", "Python", 0, 0, 0, 0, 0, 0, 0, 26, 0, 0, 0, 0, 0, 0, 0, 0, 0, 0, 0, 0, 0, 0, 0, 0, 0, 0, 0, 0, 0, 0, 0, 0, 0, 0, 0, 0, 0, 0, 29, 17, 72
"c:\Users\Marlowe\Desktop\ProjectBible\.venv\Lib\site-packages\setuptools\_vendor\importlib_metadata\_functools.py", "Python", 0, 0, 0, 0, 0, 0, 0, 17, 0, 0, 0, 0, 0, 0, 0, 0, 0, 0, 0, 0, 0, 0, 0, 0, 0, 0, 0, 0, 0, 0, 0, 0, 0, 0, 0, 0, 0, 0, 78, 10, 105
"c:\Users\Marlowe\Desktop\ProjectBible\.venv\Lib\site-packages\setuptools\_vendor\importlib_metadata\_itertools.py", "Python", 0, 0, 0, 0, 0, 0, 0, 24, 0, 0, 0, 0, 0, 0, 0, 0, 0, 0, 0, 0, 0, 0, 0, 0, 0, 0, 0, 0, 0, 0, 0, 0, 0, 0, 0, 0, 0, 0, 43, 7, 74
"c:\Users\Marlowe\Desktop\ProjectBible\.venv\Lib\site-packages\setuptools\_vendor\importlib_metadata\_meta.py", "Python", 0, 0, 0, 0, 0, 0, 0, 24, 0, 0, 0, 0, 0, 0, 0, 0, 0, 0, 0, 0, 0, 0, 0, 0, 0, 0, 0, 0, 0, 0, 0, 0, 0, 0, 0, 0, 0, 0, 9, 16, 49
"c:\Users\Marlowe\Desktop\ProjectBible\.venv\Lib\site-packages\setuptools\_vendor\importlib_metadata\_text.py", "Python", 0, 0, 0, 0, 0, 0, 0, 26, 0, 0, 0, 0, 0, 0, 0, 0, 0, 0, 0, 0, 0, 0, 0, 0, 0, 0, 0, 0, 0, 0, 0, 0, 0, 0, 0, 0, 0, 0, 60, 14, 100
"c:\Users\Marlowe\Desktop\ProjectBible\.venv\Lib\site-packages\setuptools\_vendor\importlib_resources\__init__.py", "Python", 0, 0, 0, 0, 0, 0, 0, 30, 0, 0, 0, 0, 0, 0, 0, 0, 0, 0, 0, 0, 0, 0, 0, 0, 0, 0, 0, 0, 0, 0, 0, 0, 0, 0, 0, 0, 0, 0, 1, 6, 37
"c:\Users\Marlowe\Desktop\ProjectBible\.venv\Lib\site-packages\setuptools\_vendor\importlib_resources\_adapters.py", "Python", 0, 0, 0, 0, 0, 0, 0, 97, 0, 0, 0, 0, 0, 0, 0, 0, 0, 0, 0, 0, 0, 0, 0, 0, 0, 0, 0, 0, 0, 0, 0, 0, 0, 0, 0, 0, 0, 0, 29, 45, 171
"c:\Users\Marlowe\Desktop\ProjectBible\.venv\Lib\site-packages\setuptools\_vendor\importlib_resources\_common.py", "Python", 0, 0, 0, 0, 0, 0, 0, 52, 0, 0, 0, 0, 0, 0, 0, 0, 0, 0, 0, 0, 0, 0, 0, 0, 0, 0, 0, 0, 0, 0, 0, 0, 0, 0, 0, 0, 0, 0, 33, 20, 105
"c:\Users\Marlowe\Desktop\ProjectBible\.venv\Lib\site-packages\setuptools\_vendor\importlib_resources\_compat.py", "Python", 0, 0, 0, 0, 0, 0, 0, 57, 0, 0, 0, 0, 0, 0, 0, 0, 0, 0, 0, 0, 0, 0, 0, 0, 0, 0, 0, 0, 0, 0, 0, 0, 0, 0, 0, 0, 0, 0, 20, 22, 99
"c:\Users\Marlowe\Desktop\ProjectBible\.venv\Lib\site-packages\setuptools\_vendor\importlib_resources\_itertools.py", "Python", 0, 0, 0, 0, 0, 0, 0, 28, 0, 0, 0, 0, 0, 0, 0, 0, 0, 0, 0, 0, 0, 0, 0, 0, 0, 0, 0, 0, 0, 0, 0, 0, 0, 0, 0, 0, 0, 0, 3, 5, 36
"c:\Users\Marlowe\Desktop\ProjectBible\.venv\Lib\site-packages\setuptools\_vendor\importlib_resources\_legacy.py", "Python", 0, 0, 0, 0, 0, 0, 0, 68, 0, 0, 0, 0, 0, 0, 0, 0, 0, 0, 0, 0, 0, 0, 0, 0, 0, 0, 0, 0, 0, 0, 0, 0, 0, 0, 0, 0, 0, 0, 31, 23, 122
"c:\Users\Marlowe\Desktop\ProjectBible\.venv\Lib\site-packages\setuptools\_vendor\importlib_resources\abc.py", "Python", 0, 0, 0, 0, 0, 0, 0, 49, 0, 0, 0, 0, 0, 0, 0, 0, 0, 0, 0, 0, 0, 0, 0, 0, 0, 0, 0, 0, 0, 0, 0, 0, 0, 0, 0, 0, 0, 0, 63, 26, 138
"c:\Users\Marlowe\Desktop\ProjectBible\.venv\Lib\site-packages\setuptools\_vendor\importlib_resources\readers.py", "Python", 0, 0, 0, 0, 0, 0, 0, 72, 0, 0, 0, 0, 0, 0, 0, 0, 0, 0, 0, 0, 0, 0, 0, 0, 0, 0, 0, 0, 0, 0, 0, 0, 0, 0, 0, 0, 0, 0, 20, 31, 123
"c:\Users\Marlowe\Desktop\ProjectBible\.venv\Lib\site-packages\setuptools\_vendor\importlib_resources\simple.py", "Python", 0, 0, 0, 0, 0, 0, 0, 52, 0, 0, 0, 0, 0, 0, 0, 0, 0, 0, 0, 0, 0, 0, 0, 0, 0, 0, 0, 0, 0, 0, 0, 0, 0, 0, 0, 0, 0, 0, 37, 28, 117
"c:\Users\Marlowe\Desktop\ProjectBible\.venv\Lib\site-packages\setuptools\_vendor\jaraco\__init__.py", "Python", 0, 0, 0, 0, 0, 0, 0, 0, 0, 0, 0, 0, 0, 0, 0, 0, 0, 0, 0, 0, 0, 0, 0, 0, 0, 0, 0, 0, 0, 0, 0, 0, 0, 0, 0, 0, 0, 0, 0, 1, 1
"c:\Users\Marlowe\Desktop\ProjectBible\.venv\Lib\site-packages\setuptools\_vendor\jaraco\context.py", "Python", 0, 0, 0, 0, 0, 0, 0, 89, 0, 0, 0, 0, 0, 0, 0, 0, 0, 0, 0, 0, 0, 0, 0, 0, 0, 0, 0, 0, 0, 0, 0, 0, 0, 0, 0, 0, 0, 0, 96, 29, 214
"c:\Users\Marlowe\Desktop\ProjectBible\.venv\Lib\site-packages\setuptools\_vendor\jaraco\functools.py", "Python", 0, 0, 0, 0, 0, 0, 0, 174, 0, 0, 0, 0, 0, 0, 0, 0, 0, 0, 0, 0, 0, 0, 0, 0, 0, 0, 0, 0, 0, 0, 0, 0, 0, 0, 0, 0, 0, 0, 298, 54, 526
"c:\Users\Marlowe\Desktop\ProjectBible\.venv\Lib\site-packages\setuptools\_vendor\jaraco\text\__init__.py", "Python", 0, 0, 0, 0, 0, 0, 0, 236, 0, 0, 0, 0, 0, 0, 0, 0, 0, 0, 0, 0, 0, 0, 0, 0, 0, 0, 0, 0, 0, 0, 0, 0, 0, 0, 0, 0, 0, 0, 292, 72, 600
"c:\Users\Marlowe\Desktop\ProjectBible\.venv\Lib\site-packages\setuptools\_vendor\more_itertools\__init__.py", "Python", 0, 0, 0, 0, 0, 0, 0, 3, 0, 0, 0, 0, 0, 0, 0, 0, 0, 0, 0, 0, 0, 0, 0, 0, 0, 0, 0, 0, 0, 0, 0, 0, 0, 0, 0, 0, 0, 0, 0, 2, 5
"c:\Users\Marlowe\Desktop\ProjectBible\.venv\Lib\site-packages\setuptools\_vendor\more_itertools\more.py", "Python", 0, 0, 0, 0, 0, 0, 0, 1413, 0, 0, 0, 0, 0, 0, 0, 0, 0, 0, 0, 0, 0, 0, 0, 0, 0, 0, 0, 0, 0, 0, 0, 0, 0, 0, 0, 0, 0, 0, 2016, 396, 3825
"c:\Users\Marlowe\Desktop\ProjectBible\.venv\Lib\site-packages\setuptools\_vendor\more_itertools\recipes.py", "Python", 0, 0, 0, 0, 0, 0, 0, 195, 0, 0, 0, 0, 0, 0, 0, 0, 0, 0, 0, 0, 0, 0, 0, 0, 0, 0, 0, 0, 0, 0, 0, 0, 0, 0, 0, 0, 0, 0, 355, 71, 621
"c:\Users\Marlowe\Desktop\ProjectBible\.venv\Lib\site-packages\setuptools\_vendor\ordered_set.py", "Python", 0, 0, 0, 0, 0, 0, 0, 159, 0, 0, 0, 0, 0, 0, 0, 0, 0, 0, 0, 0, 0, 0, 0, 0, 0, 0, 0, 0, 0, 0, 0, 0, 0, 0, 0, 0, 0, 0, 292, 38, 489
"c:\Users\Marlowe\Desktop\ProjectBible\.venv\Lib\site-packages\setuptools\_vendor\packaging\__about__.py", "Python", 0, 0, 0, 0, 0, 0, 0, 18, 0, 0, 0, 0, 0, 0, 0, 0, 0, 0, 0, 0, 0, 0, 0, 0, 0, 0, 0, 0, 0, 0, 0, 0, 0, 0, 0, 0, 0, 0, 3, 6, 27
"c:\Users\Marlowe\Desktop\ProjectBible\.venv\Lib\site-packages\setuptools\_vendor\packaging\__init__.py", "Python", 0, 0, 0, 0, 0, 0, 0, 20, 0, 0, 0, 0, 0, 0, 0, 0, 0, 0, 0, 0, 0, 0, 0, 0, 0, 0, 0, 0, 0, 0, 0, 0, 0, 0, 0, 0, 0, 0, 3, 3, 26
"c:\Users\Marlowe\Desktop\ProjectBible\.venv\Lib\site-packages\setuptools\_vendor\packaging\_manylinux.py", "Python", 0, 0, 0, 0, 0, 0, 0, 196, 0, 0, 0, 0, 0, 0, 0, 0, 0, 0, 0, 0, 0, 0, 0, 0, 0, 0, 0, 0, 0, 0, 0, 0, 0, 0, 0, 0, 0, 0, 68, 38, 302
"c:\Users\Marlowe\Desktop\ProjectBible\.venv\Lib\site-packages\setuptools\_vendor\packaging\_musllinux.py", "Python", 0, 0, 0, 0, 0, 0, 0, 85, 0, 0, 0, 0, 0, 0, 0, 0, 0, 0, 0, 0, 0, 0, 0, 0, 0, 0, 0, 0, 0, 0, 0, 0, 0, 0, 0, 0, 0, 0, 32, 20, 137
"c:\Users\Marlowe\Desktop\ProjectBible\.venv\Lib\site-packages\setuptools\_vendor\packaging\_structures.py", "Python", 0, 0, 0, 0, 0, 0, 0, 36, 0, 0, 0, 0, 0, 0, 0, 0, 0, 0, 0, 0, 0, 0, 0, 0, 0, 0, 0, 0, 0, 0, 0, 0, 0, 0, 0, 0, 0, 0, 3, 23, 62
"c:\Users\Marlowe\Desktop\ProjectBible\.venv\Lib\site-packages\setuptools\_vendor\packaging\markers.py", "Python", 0, 0, 0, 0, 0, 0, 0, 208, 0, 0, 0, 0, 0, 0, 0, 0, 0, 0, 0, 0, 0, 0, 0, 0, 0, 0, 0, 0, 0, 0, 0, 0, 0, 0, 0, 0, 0, 0, 25, 72, 305
"c:\Users\Marlowe\Desktop\ProjectBible\.venv\Lib\site-packages\setuptools\_vendor\packaging\requirements.py", "Python", 0, 0, 0, 0, 0, 0, 0, 97, 0, 0, 0, 0, 0, 0, 0, 0, 0, 0, 0, 0, 0, 0, 0, 0, 0, 0, 0, 0, 0, 0, 0, 0, 0, 0, 0, 0, 0, 0, 18, 32, 147
"c:\Users\Marlowe\Desktop\ProjectBible\.venv\Lib\site-packages\setuptools\_vendor\packaging\specifiers.py", "Python", 0, 0, 0, 0, 0, 0, 0, 203, 0, 0, 0, 0, 0, 0, 0, 0, 0, 0, 0, 0, 0, 0, 0, 0, 0, 0, 0, 0, 0, 0, 0, 0, 0, 0, 0, 0, 0, 0, 549, 51, 803
"c:\Users\Marlowe\Desktop\ProjectBible\.venv\Lib\site-packages\setuptools\_vendor\packaging\tags.py", "Python", 0, 0, 0, 0, 0, 0, 0, 308, 0, 0, 0, 0, 0, 0, 0, 0, 0, 0, 0, 0, 0, 0, 0, 0, 0, 0, 0, 0, 0, 0, 0, 0, 0, 0, 0, 0, 0, 0, 103, 77, 488
"c:\Users\Marlowe\Desktop\ProjectBible\.venv\Lib\site-packages\setuptools\_vendor\packaging\utils.py", "Python", 0, 0, 0, 0, 0, 0, 0, 81, 0, 0, 0, 0, 0, 0, 0, 0, 0, 0, 0, 0, 0, 0, 0, 0, 0, 0, 0, 0, 0, 0, 0, 0, 0, 0, 0, 0, 0, 0, 26, 30, 137
"c:\Users\Marlowe\Desktop\ProjectBible\.venv\Lib\site-packages\setuptools\_vendor\packaging\version.py", "Python", 0, 0, 0, 0, 0, 0, 0, 171, 0, 0, 0, 0, 0, 0, 0, 0, 0, 0, 0, 0, 0, 0, 0, 0, 0, 0, 0, 0, 0, 0, 0, 0, 0, 0, 0, 0, 0, 0, 277, 57, 505
"c:\Users\Marlowe\Desktop\ProjectBible\.venv\Lib\site-packages\setuptools\_vendor\pyparsing\__init__.py", "Python", 0, 0, 0, 0, 0, 0, 0, 292, 0, 0, 0, 0, 0, 0, 0, 0, 0, 0, 0, 0, 0, 0, 0, 0, 0, 0, 0, 0, 0, 0, 0, 0, 0, 0, 0, 0, 0, 0, 25, 15, 332
"c:\Users\Marlowe\Desktop\ProjectBible\.venv\Lib\site-packages\setuptools\_vendor\pyparsing\actions.py", "Python", 0, 0, 0, 0, 0, 0, 0, 52, 0, 0, 0, 0, 0, 0, 0, 0, 0, 0, 0, 0, 0, 0, 0, 0, 0, 0, 0, 0, 0, 0, 0, 0, 0, 0, 0, 0, 0, 0, 129, 27, 208
"c:\Users\Marlowe\Desktop\ProjectBible\.venv\Lib\site-packages\setuptools\_vendor\pyparsing\common.py", "Python", 0, 0, 0, 0, 0, 0, 0, 153, 0, 0, 0, 0, 0, 0, 0, 0, 0, 0, 0, 0, 0, 0, 0, 0, 0, 0, 0, 0, 0, 0, 0, 0, 0, 0, 0, 0, 0, 0, 236, 36, 425
"c:\Users\Marlowe\Desktop\ProjectBible\.venv\Lib\site-packages\setuptools\_vendor\pyparsing\core.py", "Python", 0, 0, 0, 0, 0, 0, 0, 1556, 0, 0, 0, 0, 0, 0, 0, 0, 0, 0, 0, 0, 0, 0, 0, 0, 0, 0, 0, 0, 0, 0, 0, 0, 0, 0, 0, 0, 0, 0, 3855, 404, 5815
"c:\Users\Marlowe\Desktop\ProjectBible\.venv\Lib\site-packages\setuptools\_vendor\pyparsing\diagram\__init__.py", "Python", 0, 0, 0, 0, 0, 0, 0, 410, 0, 0, 0, 0, 0, 0, 0, 0, 0, 0, 0, 0, 0, 0, 0, 0, 0, 0, 0, 0, 0, 0, 0, 0, 0, 0, 0, 0, 0, 0, 151, 82, 643
"c:\Users\Marlowe\Desktop\ProjectBible\.venv\Lib\site-packages\setuptools\_vendor\pyparsing\exceptions.py", "Python", 0, 0, 0, 0, 0, 0, 0, 120, 0, 0, 0, 0, 0, 0, 0, 0, 0, 0, 0, 0, 0, 0, 0, 0, 0, 0, 0, 0, 0, 0, 0, 0, 0, 0, 0, 0, 0, 0, 108, 40, 268
"c:\Users\Marlowe\Desktop\ProjectBible\.venv\Lib\site-packages\setuptools\_vendor\pyparsing\helpers.py", "Python", 0, 0, 0, 0, 0, 0, 0, 511, 0, 0, 0, 0, 0, 0, 0, 0, 0, 0, 0, 0, 0, 0, 0, 0, 0, 0, 0, 0, 0, 0, 0, 0, 0, 0, 0, 0, 0, 0, 483, 95, 1089
"c:\Users\Marlowe\Desktop\ProjectBible\.venv\Lib\site-packages\setuptools\_vendor\pyparsing\results.py", "Python", 0, 0, 0, 0, 0, 0, 0, 313, 0, 0, 0, 0, 0, 0, 0, 0, 0, 0, 0, 0, 0, 0, 0, 0, 0, 0, 0, 0, 0, 0, 0, 0, 0, 0, 0, 0, 0, 0, 383, 65, 761
"c:\Users\Marlowe\Desktop\ProjectBible\.venv\Lib\site-packages\setuptools\_vendor\pyparsing\testing.py", "Python", 0, 0, 0, 0, 0, 0, 0, 222, 0, 0, 0, 0, 0, 0, 0, 0, 0, 0, 0, 0, 0, 0, 0, 0, 0, 0, 0, 0, 0, 0, 0, 0, 0, 0, 0, 0, 0, 0, 75, 35, 332
"c:\Users\Marlowe\Desktop\ProjectBible\.venv\Lib\site-packages\setuptools\_vendor\pyparsing\unicode.py", "Python", 0, 0, 0, 0, 0, 0, 0, 277, 0, 0, 0, 0, 0, 0, 0, 0, 0, 0, 0, 0, 0, 0, 0, 0, 0, 0, 0, 0, 0, 0, 0, 0, 0, 0, 0, 0, 0, 0, 32, 44, 353
"c:\Users\Marlowe\Desktop\ProjectBible\.venv\Lib\site-packages\setuptools\_vendor\pyparsing\util.py", "Python", 0, 0, 0, 0, 0, 0, 0, 154, 0, 0, 0, 0, 0, 0, 0, 0, 0, 0, 0, 0, 0, 0, 0, 0, 0, 0, 0, 0, 0, 0, 0, 0, 0, 0, 0, 0, 0, 0, 35, 47, 236
"c:\Users\Marlowe\Desktop\ProjectBible\.venv\Lib\site-packages\setuptools\_vendor\tomli\__init__.py", "Python", 0, 0, 0, 0, 0, 0, 0, 4, 0, 0, 0, 0, 0, 0, 0, 0, 0, 0, 0, 0, 0, 0, 0, 0, 0, 0, 0, 0, 0, 0, 0, 0, 0, 0, 0, 0, 0, 0, 4, 4, 12
"c:\Users\Marlowe\Desktop\ProjectBible\.venv\Lib\site-packages\setuptools\_vendor\tomli\_parser.py", "Python", 0, 0, 0, 0, 0, 0, 0, 522, 0, 0, 0, 0, 0, 0, 0, 0, 0, 0, 0, 0, 0, 0, 0, 0, 0, 0, 0, 0, 0, 0, 0, 0, 0, 0, 0, 0, 0, 0, 59, 111, 692
"c:\Users\Marlowe\Desktop\ProjectBible\.venv\Lib\site-packages\setuptools\_vendor\tomli\_re.py", "Python", 0, 0, 0, 0, 0, 0, 0, 32, 0, 0, 0, 0, 0, 0, 0, 0, 0, 0, 0, 0, 0, 0, 0, 0, 0, 0, 0, 0, 0, 0, 0, 0, 0, 0, 0, 0, 0, 0, 70, 6, 108
"c:\Users\Marlowe\Desktop\ProjectBible\.venv\Lib\site-packages\setuptools\_vendor\tomli\_types.py", "Python", 0, 0, 0, 0, 0, 0, 0, 4, 0, 0, 0, 0, 0, 0, 0, 0, 0, 0, 0, 0, 0, 0, 0, 0, 0, 0, 0, 0, 0, 0, 0, 0, 0, 0, 0, 0, 0, 0, 4, 3, 11
"c:\Users\Marlowe\Desktop\ProjectBible\.venv\Lib\site-packages\setuptools\_vendor\typing_extensions.py", "Python", 0, 0, 0, 0, 0, 0, 0, 1337, 0, 0, 0, 0, 0, 0, 0, 0, 0, 0, 0, 0, 0, 0, 0, 0, 0, 0, 0, 0, 0, 0, 0, 0, 0, 0, 0, 0, 0, 0, 692, 268, 2297
"c:\Users\Marlowe\Desktop\ProjectBible\.venv\Lib\site-packages\setuptools\_vendor\zipp.py", "Python", 0, 0, 0, 0, 0, 0, 0, 133, 0, 0, 0, 0, 0, 0, 0, 0, 0, 0, 0, 0, 0, 0, 0, 0, 0, 0, 0, 0, 0, 0, 0, 0, 0, 0, 0, 0, 0, 0, 146, 51, 330
"c:\Users\Marlowe\Desktop\ProjectBible\.venv\Lib\site-packages\setuptools\archive_util.py", "Python", 0, 0, 0, 0, 0, 0, 0, 122, 0, 0, 0, 0, 0, 0, 0, 0, 0, 0, 0, 0, 0, 0, 0, 0, 0, 0, 0, 0, 0, 0, 0, 0, 0, 0, 0, 0, 0, 0, 53, 39, 214
"c:\Users\Marlowe\Desktop\ProjectBible\.venv\Lib\site-packages\setuptools\build_meta.py", "Python", 0, 0, 0, 0, 0, 0, 0, 137, 0, 0, 0, 0, 0, 0, 0, 0, 0, 0, 0, 0, 0, 0, 0, 0, 0, 0, 0, 0, 0, 0, 0, 0, 0, 0, 0, 0, 0, 0, 337, 38, 512
"c:\Users\Marlowe\Desktop\ProjectBible\.venv\Lib\site-packages\setuptools\command\__init__.py", "Python", 0, 0, 0, 0, 0, 0, 0, 9, 0, 0, 0, 0, 0, 0, 0, 0, 0, 0, 0, 0, 0, 0, 0, 0, 0, 0, 0, 0, 0, 0, 0, 0, 0, 0, 0, 0, 0, 0, 1, 3, 13
"c:\Users\Marlowe\Desktop\ProjectBible\.venv\Lib\site-packages\setuptools\command\alias.py", "Python", 0, 0, 0, 0, 0, 0, 0, 60, 0, 0, 0, 0, 0, 0, 0, 0, 0, 0, 0, 0, 0, 0, 0, 0, 0, 0, 0, 0, 0, 0, 0, 0, 0, 0, 0, 0, 0, 0, 2, 17, 79
"c:\Users\Marlowe\Desktop\ProjectBible\.venv\Lib\site-packages\setuptools\command\bdist_egg.py", "Python", 0, 0, 0, 0, 0, 0, 0, 347, 0, 0, 0, 0, 0, 0, 0, 0, 0, 0, 0, 0, 0, 0, 0, 0, 0, 0, 0, 0, 0, 0, 0, 0, 0, 0, 0, 0, 0, 0, 34, 77, 458
"c:\Users\Marlowe\Desktop\ProjectBible\.venv\Lib\site-packages\setuptools\command\bdist_rpm.py", "Python", 0, 0, 0, 0, 0, 0, 0, 25, 0, 0, 0, 0, 0, 0, 0, 0, 0, 0, 0, 0, 0, 0, 0, 0, 0, 0, 0, 0, 0, 0, 0, 0, 0, 0, 0, 0, 0, 0, 8, 8, 41
"c:\Users\Marlowe\Desktop\ProjectBible\.venv\Lib\site-packages\setuptools\command\build.py", "Python", 0, 0, 0, 0, 0, 0, 0, 34, 0, 0, 0, 0, 0, 0, 0, 0, 0, 0, 0, 0, 0, 0, 0, 0, 0, 0, 0, 0, 0, 0, 0, 0, 0, 0, 0, 0, 0, 0, 95, 18, 147
"c:\Users\Marlowe\Desktop\ProjectBible\.venv\Lib\site-packages\setuptools\command\build_clib.py", "Python", 0, 0, 0, 0, 0, 0, 0, 64, 0, 0, 0, 0, 0, 0, 0, 0, 0, 0, 0, 0, 0, 0, 0, 0, 0, 0, 0, 0, 0, 0, 0, 0, 0, 0, 0, 0, 0, 0, 27, 11, 102
"c:\Users\Marlowe\Desktop\ProjectBible\.venv\Lib\site-packages\setuptools\command\build_ext.py", "Python", 0, 0, 0, 0, 0, 0, 0, 289, 0, 0, 0, 0, 0, 0, 0, 0, 0, 0, 0, 0, 0, 0, 0, 0, 0, 0, 0, 0, 0, 0, 0, 0, 0, 0, 0, 0, 0, 0, 42, 53, 384
"c:\Users\Marlowe\Desktop\ProjectBible\.venv\Lib\site-packages\setuptools\command\build_py.py", "Python", 0, 0, 0, 0, 0, 0, 0, 260, 0, 0, 0, 0, 0, 0, 0, 0, 0, 0, 0, 0, 0, 0, 0, 0, 0, 0, 0, 0, 0, 0, 0, 0, 0, 0, 0, 0, 0, 0, 59, 50, 369
"c:\Users\Marlowe\Desktop\ProjectBible\.venv\Lib\site-packages\setuptools\command\develop.py", "Python", 0, 0, 0, 0, 0, 0, 0, 131, 0, 0, 0, 0, 0, 0, 0, 0, 0, 0, 0, 0, 0, 0, 0, 0, 0, 0, 0, 0, 0, 0, 0, 0, 0, 0, 0, 0, 0, 0, 30, 33, 194
"c:\Users\Marlowe\Desktop\ProjectBible\.venv\Lib\site-packages\setuptools\command\dist_info.py", "Python", 0, 0, 0, 0, 0, 0, 0, 95, 0, 0, 0, 0, 0, 0, 0, 0, 0, 0, 0, 0, 0, 0, 0, 0, 0, 0, 0, 0, 0, 0, 0, 0, 0, 0, 0, 0, 0, 0, 25, 23, 143
"c:\Users\Marlowe\Desktop\ProjectBible\.venv\Lib\site-packages\setuptools\command\easy_install.py", "Python", 0, 0, 0, 0, 0, 0, 0, 1559, 0, 0, 0, 0, 0, 0, 0, 0, 0, 0, 0, 0, 0, 0, 0, 0, 0, 0, 0, 0, 0, 0, 0, 0, 0, 0, 0, 0, 0, 0, 478, 276, 2313
"c:\Users\Marlowe\Desktop\ProjectBible\.venv\Lib\site-packages\setuptools\command\editable_wheel.py", "Python", 0, 0, 0, 0, 0, 0, 0, 424, 0, 0, 0, 0, 0, 0, 0, 0, 0, 0, 0, 0, 0, 0, 0, 0, 0, 0, 0, 0, 0, 0, 0, 0, 0, 0, 0, 0, 0, 0, 354, 67, 845
"c:\Users\Marlowe\Desktop\ProjectBible\.venv\Lib\site-packages\setuptools\command\egg_info.py", "Python", 0, 0, 0, 0, 0, 0, 0, 499, 0, 0, 0, 0, 0, 0, 0, 0, 0, 0, 0, 0, 0, 0, 0, 0, 0, 0, 0, 0, 0, 0, 0, 0, 0, 0, 0, 0, 0, 0, 143, 122, 764
"c:\Users\Marlowe\Desktop\ProjectBible\.venv\Lib\site-packages\setuptools\command\install.py", "Python", 0, 0, 0, 0, 0, 0, 0, 92, 0, 0, 0, 0, 0, 0, 0, 0, 0, 0, 0, 0, 0, 0, 0, 0, 0, 0, 0, 0, 0, 0, 0, 0, 0, 0, 0, 0, 0, 0, 21, 27, 140
"c:\Users\Marlowe\Desktop\ProjectBible\.venv\Lib\site-packages\setuptools\command\install_egg_info.py", "Python", 0, 0, 0, 0, 0, 0, 0, 47, 0, 0, 0, 0, 0, 0, 0, 0, 0, 0, 0, 0, 0, 0, 0, 0, 0, 0, 0, 0, 0, 0, 0, 0, 0, 0, 0, 0, 0, 0, 5, 12, 64
"c:\Users\Marlowe\Desktop\ProjectBible\.venv\Lib\site-packages\setuptools\command\install_lib.py", "Python", 0, 0, 0, 0, 0, 0, 0, 72, 0, 0, 0, 0, 0, 0, 0, 0, 0, 0, 0, 0, 0, 0, 0, 0, 0, 0, 0, 0, 0, 0, 0, 0, 0, 0, 0, 0, 0, 0, 27, 24, 123
"c:\Users\Marlowe\Desktop\ProjectBible\.venv\Lib\site-packages\setuptools\command\install_scripts.py", "Python", 0, 0, 0, 0, 0, 0, 0, 54, 0, 0, 0, 0, 0, 0, 0, 0, 0, 0, 0, 0, 0, 0, 0, 0, 0, 0, 0, 0, 0, 0, 0, 0, 0, 0, 0, 0, 0, 0, 6, 11, 71
"c:\Users\Marlowe\Desktop\ProjectBible\.venv\Lib\site-packages\setuptools\command\launcher manifest.xml", "XML", 0, 0, 0, 0, 0, 0, 0, 0, 0, 0, 0, 0, 0, 0, 14, 0, 0, 0, 0, 0, 0, 0, 0, 0, 0, 0, 0, 0, 0, 0, 0, 0, 0, 0, 0, 0, 0, 0, 1, 1, 16
"c:\Users\Marlowe\Desktop\ProjectBible\.venv\Lib\site-packages\setuptools\command\py36compat.py", "Python", 0, 0, 0, 0, 0, 0, 0, 79, 0, 0, 0, 0, 0, 0, 0, 0, 0, 0, 0, 0, 0, 0, 0, 0, 0, 0, 0, 0, 0, 0, 0, 0, 0, 0, 0, 0, 0, 0, 39, 17, 135
"c:\Users\Marlowe\Desktop\ProjectBible\.venv\Lib\site-packages\setuptools\command\register.py", "Python", 0, 0, 0, 0, 0, 0, 0, 11, 0, 0, 0, 0, 0, 0, 0, 0, 0, 0, 0, 0, 0, 0, 0, 0, 0, 0, 0, 0, 0, 0, 0, 0, 0, 0, 0, 0, 0, 0, 1, 7, 19
"c:\Users\Marlowe\Desktop\ProjectBible\.venv\Lib\site-packages\setuptools\command\rotate.py", "Python", 0, 0, 0, 0, 0, 0, 0, 53, 0, 0, 0, 0, 0, 0, 0, 0, 0, 0, 0, 0, 0, 0, 0, 0, 0, 0, 0, 0, 0, 0, 0, 0, 0, 0, 0, 0, 0, 0, 1, 11, 65
"c:\Users\Marlowe\Desktop\ProjectBible\.venv\Lib\site-packages\setuptools\command\saveopts.py", "Python", 0, 0, 0, 0, 0, 0, 0, 13, 0, 0, 0, 0, 0, 0, 0, 0, 0, 0, 0, 0, 0, 0, 0, 0, 0, 0, 0, 0, 0, 0, 0, 0, 0, 0, 0, 0, 0, 0, 1, 9, 23
"c:\Users\Marlowe\Desktop\ProjectBible\.venv\Lib\site-packages\setuptools\command\sdist.py", "Python", 0, 0, 0, 0, 0, 0, 0, 140, 0, 0, 0, 0, 0, 0, 0, 0, 0, 0, 0, 0, 0, 0, 0, 0, 0, 0, 0, 0, 0, 0, 0, 0, 0, 0, 0, 0, 0, 0, 35, 36, 211
"c:\Users\Marlowe\Desktop\ProjectBible\.venv\Lib\site-packages\setuptools\command\setopt.py", "Python", 0, 0, 0, 0, 0, 0, 0, 115, 0, 0, 0, 0, 0, 0, 0, 0, 0, 0, 0, 0, 0, 0, 0, 0, 0, 0, 0, 0, 0, 0, 0, 0, 0, 0, 0, 0, 0, 0, 13, 22, 150
"c:\Users\Marlowe\Desktop\ProjectBible\.venv\Lib\site-packages\setuptools\command\test.py", "Python", 0, 0, 0, 0, 0, 0, 0, 186, 0, 0, 0, 0, 0, 0, 0, 0, 0, 0, 0, 0, 0, 0, 0, 0, 0, 0, 0, 0, 0, 0, 0, 0, 0, 0, 0, 0, 0, 0, 27, 39, 252
"c:\Users\Marlowe\Desktop\ProjectBible\.venv\Lib\site-packages\setuptools\command\upload.py", "Python", 0, 0, 0, 0, 0, 0, 0, 11, 0, 0, 0, 0, 0, 0, 0, 0, 0, 0, 0, 0, 0, 0, 0, 0, 0, 0, 0, 0, 0, 0, 0, 0, 0, 0, 0, 0, 0, 0, 1, 6, 18
"c:\Users\Marlowe\Desktop\ProjectBible\.venv\Lib\site-packages\setuptools\command\upload_docs.py", "Python", 0, 0, 0, 0, 0, 0, 0, 171, 0, 0, 0, 0, 0, 0, 0, 0, 0, 0, 0, 0, 0, 0, 0, 0, 0, 0, 0, 0, 0, 0, 0, 0, 0, 0, 0, 0, 0, 0, 17, 26, 214
"c:\Users\Marlowe\Desktop\ProjectBible\.venv\Lib\site-packages\setuptools\config\__init__.py", "Python", 0, 0, 0, 0, 0, 0, 0, 17, 0, 0, 0, 0, 0, 0, 0, 0, 0, 0, 0, 0, 0, 0, 0, 0, 0, 0, 0, 0, 0, 0, 0, 0, 0, 0, 0, 0, 0, 0, 13, 6, 36
"c:\Users\Marlowe\Desktop\ProjectBible\.venv\Lib\site-packages\setuptools\config\_apply_pyprojecttoml.py", "Python", 0, 0, 0, 0, 0, 0, 0, 256, 0, 0, 0, 0, 0, 0, 0, 0, 0, 0, 0, 0, 0, 0, 0, 0, 0, 0, 0, 0, 0, 0, 0, 0, 0, 0, 0, 0, 0, 0, 39, 83, 378
"c:\Users\Marlowe\Desktop\ProjectBible\.venv\Lib\site-packages\setuptools\config\_validate_pyproject\__init__.py", "Python", 0, 0, 0, 0, 0, 0, 0, 25, 0, 0, 0, 0, 0, 0, 0, 0, 0, 0, 0, 0, 0, 0, 0, 0, 0, 0, 0, 0, 0, 0, 0, 0, 0, 0, 0, 0, 0, 0, 3, 7, 35
"c:\Users\Marlowe\Desktop\ProjectBible\.venv\Lib\site-packages\setuptools\config\_validate_pyproject\error_reporting.py", "Python", 0, 0, 0, 0, 0, 0, 0, 242, 0, 0, 0, 0, 0, 0, 0, 0, 0, 0, 0, 0, 0, 0, 0, 0, 0, 0, 0, 0, 0, 0, 0, 0, 0, 0, 0, 0, 0, 0, 26, 51, 319
"c:\Users\Marlowe\Desktop\ProjectBible\.venv\Lib\site-packages\setuptools\config\_validate_pyproject\extra_validations.py", "Python", 0, 0, 0, 0, 0, 0, 0, 16, 0, 0, 0, 0, 0, 0, 0, 0, 0, 0, 0, 0, 0, 0, 0, 0, 0, 0, 0, 0, 0, 0, 0, 0, 0, 0, 0, 0, 0, 0, 9, 12, 37
"c:\Users\Marlowe\Desktop\ProjectBible\.venv\Lib\site-packages\setuptools\config\_validate_pyproject\fastjsonschema_exceptions.py", "Python", 0, 0, 0, 0, 0, 0, 0, 20, 0, 0, 0, 0, 0, 0, 0, 0, 0, 0, 0, 0, 0, 0, 0, 0, 0, 0, 0, 0, 0, 0, 0, 0, 0, 0, 0, 0, 0, 0, 20, 12, 52
"c:\Users\Marlowe\Desktop\ProjectBible\.venv\Lib\site-packages\setuptools\config\_validate_pyproject\fastjsonschema_validations.py", "Python", 0, 0, 0, 0, 0, 0, 0, 1009, 0, 0, 0, 0, 0, 0, 0, 0, 0, 0, 0, 0, 0, 0, 0, 0, 0, 0, 0, 0, 0, 0, 0, 0, 0, 0, 0, 0, 0, 0, 8, 18, 1035
"c:\Users\Marlowe\Desktop\ProjectBible\.venv\Lib\site-packages\setuptools\config\_validate_pyproject\formats.py", "Python", 0, 0, 0, 0, 0, 0, 0, 80, 0, 0, 0, 0, 0, 0, 0, 0, 0, 0, 0, 0, 0, 0, 0, 0, 0, 0, 0, 0, 0, 0, 0, 0, 0, 0, 0, 0, 0, 0, 177, 3, 260
"c:\Users\Marlowe\Desktop\ProjectBible\.venv\Lib\site-packages\setuptools\config\expand.py", "Python", 0, 0, 0, 0, 0, 0, 0, 266, 0, 0, 0, 0, 0, 0, 0, 0, 0, 0, 0, 0, 0, 0, 0, 0, 0, 0, 0, 0, 0, 0, 0, 0, 0, 0, 0, 0, 0, 0, 119, 78, 463
"c:\Users\Marlowe\Desktop\ProjectBible\.venv\Lib\site-packages\setuptools\config\pyprojecttoml.py", "Python", 0, 0, 0, 0, 0, 0, 0, 322, 0, 0, 0, 0, 0, 0, 0, 0, 0, 0, 0, 0, 0, 0, 0, 0, 0, 0, 0, 0, 0, 0, 0, 0, 0, 0, 0, 0, 0, 0, 93, 79, 494
"c:\Users\Marlowe\Desktop\ProjectBible\.venv\Lib\site-packages\setuptools\config\setupcfg.py", "Python", 0, 0, 0, 0, 0, 0, 0, 421, 0, 0, 0, 0, 0, 0, 0, 0, 0, 0, 0, 0, 0, 0, 0, 0, 0, 0, 0, 0, 0, 0, 0, 0, 0, 0, 0, 0, 0, 0, 220, 122, 763
"c:\Users\Marlowe\Desktop\ProjectBible\.venv\Lib\site-packages\setuptools\dep_util.py", "Python", 0, 0, 0, 0, 0, 0, 0, 12, 0, 0, 0, 0, 0, 0, 0, 0, 0, 0, 0, 0, 0, 0, 0, 0, 0, 0, 0, 0, 0, 0, 0, 0, 0, 0, 0, 0, 0, 0, 9, 5, 26
"c:\Users\Marlowe\Desktop\ProjectBible\.venv\Lib\site-packages\setuptools\depends.py", "Python", 0, 0, 0, 0, 0, 0, 0, 99, 0, 0, 0, 0, 0, 0, 0, 0, 0, 0, 0, 0, 0, 0, 0, 0, 0, 0, 0, 0, 0, 0, 0, 0, 0, 0, 0, 0, 0, 0, 38, 40, 177
"c:\Users\Marlowe\Desktop\ProjectBible\.venv\Lib\site-packages\setuptools\discovery.py", "Python", 0, 0, 0, 0, 0, 0, 0, 329, 0, 0, 0, 0, 0, 0, 0, 0, 0, 0, 0, 0, 0, 0, 0, 0, 0, 0, 0, 0, 0, 0, 0, 0, 0, 0, 0, 0, 0, 0, 195, 77, 601
"c:\Users\Marlowe\Desktop\ProjectBible\.venv\Lib\site-packages\setuptools\dist.py", "Python", 0, 0, 0, 0, 0, 0, 0, 789, 0, 0, 0, 0, 0, 0, 0, 0, 0, 0, 0, 0, 0, 0, 0, 0, 0, 0, 0, 0, 0, 0, 0, 0, 0, 0, 0, 0, 0, 0, 234, 200, 1223
"c:\Users\Marlowe\Desktop\ProjectBible\.venv\Lib\site-packages\setuptools\errors.py", "Python", 0, 0, 0, 0, 0, 0, 0, 20, 0, 0, 0, 0, 0, 0, 0, 0, 0, 0, 0, 0, 0, 0, 0, 0, 0, 0, 0, 0, 0, 0, 0, 0, 0, 0, 0, 0, 0, 0, 29, 10, 59
"c:\Users\Marlowe\Desktop\ProjectBible\.venv\Lib\site-packages\setuptools\extension.py", "Python", 0, 0, 0, 0, 0, 0, 0, 28, 0, 0, 0, 0, 0, 0, 0, 0, 0, 0, 0, 0, 0, 0, 0, 0, 0, 0, 0, 0, 0, 0, 0, 0, 0, 0, 0, 0, 0, 0, 108, 13, 149
"c:\Users\Marlowe\Desktop\ProjectBible\.venv\Lib\site-packages\setuptools\extern\__init__.py", "Python", 0, 0, 0, 0, 0, 0, 0, 49, 0, 0, 0, 0, 0, 0, 0, 0, 0, 0, 0, 0, 0, 0, 0, 0, 0, 0, 0, 0, 0, 0, 0, 0, 0, 0, 0, 0, 0, 0, 15, 13, 77
"c:\Users\Marlowe\Desktop\ProjectBible\.venv\Lib\site-packages\setuptools\glob.py", "Python", 0, 0, 0, 0, 0, 0, 0, 94, 0, 0, 0, 0, 0, 0, 0, 0, 0, 0, 0, 0, 0, 0, 0, 0, 0, 0, 0, 0, 0, 0, 0, 0, 0, 0, 0, 0, 0, 0, 43, 31, 168
"c:\Users\Marlowe\Desktop\ProjectBible\.venv\Lib\site-packages\setuptools\installer.py", "Python", 0, 0, 0, 0, 0, 0, 0, 79, 0, 0, 0, 0, 0, 0, 0, 0, 0, 0, 0, 0, 0, 0, 0, 0, 0, 0, 0, 0, 0, 0, 0, 0, 0, 0, 0, 0, 0, 0, 18, 8, 105
"c:\Users\Marlowe\Desktop\ProjectBible\.venv\Lib\site-packages\setuptools\launch.py", "Python", 0, 0, 0, 0, 0, 0, 0, 19, 0, 0, 0, 0, 0, 0, 0, 0, 0, 0, 0, 0, 0, 0, 0, 0, 0, 0, 0, 0, 0, 0, 0, 0, 0, 0, 0, 0, 0, 0, 10, 8, 37
"c:\Users\Marlowe\Desktop\ProjectBible\.venv\Lib\site-packages\setuptools\logging.py", "Python", 0, 0, 0, 0, 0, 0, 0, 20, 0, 0, 0, 0, 0, 0, 0, 0, 0, 0, 0, 0, 0, 0, 0, 0, 0, 0, 0, 0, 0, 0, 0, 0, 0, 0, 0, 0, 0, 0, 10, 7, 37
"c:\Users\Marlowe\Desktop\ProjectBible\.venv\Lib\site-packages\setuptools\monkey.py", "Python", 0, 0, 0, 0, 0, 0, 0, 85, 0, 0, 0, 0, 0, 0, 0, 0, 0, 0, 0, 0, 0, 0, 0, 0, 0, 0, 0, 0, 0, 0, 0, 0, 0, 0, 0, 0, 0, 0, 46, 35, 166
"c:\Users\Marlowe\Desktop\ProjectBible\.venv\Lib\site-packages\setuptools\msvc.py", "Python", 0, 0, 0, 0, 0, 0, 0, 580, 0, 0, 0, 0, 0, 0, 0, 0, 0, 0, 0, 0, 0, 0, 0, 0, 0, 0, 0, 0, 0, 0, 0, 0, 0, 0, 0, 0, 0, 0, 1000, 124, 1704
"c:\Users\Marlowe\Desktop\ProjectBible\.venv\Lib\site-packages\setuptools\namespaces.py", "Python", 0, 0, 0, 0, 0, 0, 0, 78, 0, 0, 0, 0, 0, 0, 0, 0, 0, 0, 0, 0, 0, 0, 0, 0, 0, 0, 0, 0, 0, 0, 0, 0, 0, 0, 0, 0, 0, 0, 10, 20, 108
"c:\Users\Marlowe\Desktop\ProjectBible\.venv\Lib\site-packages\setuptools\package_index.py", "Python", 0, 0, 0, 0, 0, 0, 0, 784, 0, 0, 0, 0, 0, 0, 0, 0, 0, 0, 0, 0, 0, 0, 0, 0, 0, 0, 0, 0, 0, 0, 0, 0, 0, 0, 0, 0, 0, 0, 170, 173, 1127
"c:\Users\Marlowe\Desktop\ProjectBible\.venv\Lib\site-packages\setuptools\py34compat.py", "Python", 0, 0, 0, 0, 0, 0, 0, 10, 0, 0, 0, 0, 0, 0, 0, 0, 0, 0, 0, 0, 0, 0, 0, 0, 0, 0, 0, 0, 0, 0, 0, 0, 0, 0, 0, 0, 0, 0, 0, 4, 14
"c:\Users\Marlowe\Desktop\ProjectBible\.venv\Lib\site-packages\setuptools\sandbox.py", "Python", 0, 0, 0, 0, 0, 0, 0, 352, 0, 0, 0, 0, 0, 0, 0, 0, 0, 0, 0, 0, 0, 0, 0, 0, 0, 0, 0, 0, 0, 0, 0, 0, 0, 0, 0, 0, 0, 0, 76, 103, 531
"c:\Users\Marlowe\Desktop\ProjectBible\.venv\Lib\site-packages\setuptools\unicode_utils.py", "Python", 0, 0, 0, 0, 0, 0, 0, 28, 0, 0, 0, 0, 0, 0, 0, 0, 0, 0, 0, 0, 0, 0, 0, 0, 0, 0, 0, 0, 0, 0, 0, 0, 0, 0, 0, 0, 0, 0, 5, 10, 43
"c:\Users\Marlowe\Desktop\ProjectBible\.venv\Lib\site-packages\setuptools\version.py", "Python", 0, 0, 0, 0, 0, 0, 0, 5, 0, 0, 0, 0, 0, 0, 0, 0, 0, 0, 0, 0, 0, 0, 0, 0, 0, 0, 0, 0, 0, 0, 0, 0, 0, 0, 0, 0, 0, 0, 0, 2, 7
"c:\Users\Marlowe\Desktop\ProjectBible\.venv\Lib\site-packages\setuptools\wheel.py", "Python", 0, 0, 0, 0, 0, 0, 0, 93, 0, 0, 0, 0, 0, 0, 0, 0, 0, 0, 0, 0, 0, 0, 0, 0, 0, 0, 0, 0, 0, 0, 0, 0, 0, 0, 0, 0, 0, 0, 125, 5, 223
"c:\Users\Marlowe\Desktop\ProjectBible\.venv\Lib\site-packages\setuptools\windows_support.py", "Python", 0, 0, 0, 0, 0, 0, 0, 16, 0, 0, 0, 0, 0, 0, 0, 0, 0, 0, 0, 0, 0, 0, 0, 0, 0, 0, 0, 0, 0, 0, 0, 0, 0, 0, 0, 0, 0, 0, 7, 7, 30
"c:\Users\Marlowe\Desktop\ProjectBible\.venv\Scripts\Activate.ps1", "PowerShell", 0, 0, 0, 0, 0, 0, 0, 0, 0, 108, 0, 0, 0, 0, 0, 0, 0, 0, 0, 0, 0, 0, 0, 0, 0, 0, 0, 0, 0, 0, 0, 0, 0, 0, 0, 0, 0, 0, 360, 35, 503
"c:\Users\Marlowe\Desktop\ProjectBible\.venv\Scripts\activate.bat", "Batch", 0, 0, 0, 0, 0, 0, 0, 0, 24, 0, 0, 0, 0, 0, 0, 0, 0, 0, 0, 0, 0, 0, 0, 0, 0, 0, 0, 0, 0, 0, 0, 0, 0, 0, 0, 0, 0, 0, 1, 10, 35
"c:\Users\Marlowe\Desktop\ProjectBible\.venv\Scripts\deactivate.bat", "Batch", 0, 0, 0, 0, 0, 0, 0, 0, 16, 0, 0, 0, 0, 0, 0, 0, 0, 0, 0, 0, 0, 0, 0, 0, 0, 0, 0, 0, 0, 0, 0, 0, 0, 0, 0, 0, 0, 0, 0, 7, 23
"c:\Users\Marlowe\Desktop\ProjectBible\.venv\pyvenv.cfg", "Properties", 0, 0, 0, 0, 0, 0, 0, 0, 0, 0, 3, 0, 0, 0, 0, 0, 0, 0, 0, 0, 0, 0, 0, 0, 0, 0, 0, 0, 0, 0, 0, 0, 0, 0, 0, 0, 0, 0, 0, 1, 4
"c:\Users\Marlowe\Desktop\ProjectBible\BOOTSTRAP-FIX-INSTRUCTIONS.md", "Markdown", 54, 0, 0, 0, 0, 0, 0, 0, 0, 0, 0, 0, 0, 0, 0, 0, 0, 0, 0, 0, 0, 0, 0, 0, 0, 0, 0, 0, 0, 0, 0, 0, 0, 0, 0, 0, 0, 0, 0, 28, 82
"c:\Users\Marlowe\Desktop\ProjectBible\COMMANDS.md", "Markdown", 100, 0, 0, 0, 0, 0, 0, 0, 0, 0, 0, 0, 0, 0, 0, 0, 0, 0, 0, 0, 0, 0, 0, 0, 0, 0, 0, 0, 0, 0, 0, 0, 0, 0, 0, 0, 0, 0, 0, 43, 143
"c:\Users\Marlowe\Desktop\ProjectBible\COMMENTARY-IMPLEMENTATION-SESSION.md", "Markdown", 219, 0, 0, 0, 0, 0, 0, 0, 0, 0, 0, 0, 0, 0, 0, 0, 0, 0, 0, 0, 0, 0, 0, 0, 0, 0, 0, 0, 0, 0, 0, 0, 0, 0, 0, 0, 0, 0, 0, 57, 276
"c:\Users\Marlowe\Desktop\ProjectBible\COMMENTARY-PACK-COMPLETE.md", "Markdown", 204, 0, 0, 0, 0, 0, 0, 0, 0, 0, 0, 0, 0, 0, 0, 0, 0, 0, 0, 0, 0, 0, 0, 0, 0, 0, 0, 0, 0, 0, 0, 0, 0, 0, 0, 0, 0, 0, 0, 59, 263
"c:\Users\Marlowe\Desktop\ProjectBible\COMMENTARY-PACK-IMPLEMENTATION.md", "Markdown", 340, 0, 0, 0, 0, 0, 0, 0, 0, 0, 0, 0, 0, 0, 0, 0, 0, 0, 0, 0, 0, 0, 0, 0, 0, 0, 0, 0, 0, 0, 0, 0, 0, 0, 0, 0, 0, 0, 0, 125, 465
"c:\Users\Marlowe\Desktop\ProjectBible\COMMENTARY-QUICK-START.md", "Markdown", 306, 0, 0, 0, 0, 0, 0, 0, 0, 0, 0, 0, 0, 0, 0, 0, 0, 0, 0, 0, 0, 0, 0, 0, 0, 0, 0, 0, 0, 0, 0, 0, 0, 0, 0, 0, 0, 0, 0, 127, 433
"c:\Users\Marlowe\Desktop\ProjectBible\DEPLOYMENT-FIX-2026-01-20.md", "Markdown", 99, 0, 0, 0, 0, 0, 0, 0, 0, 0, 0, 0, 0, 0, 0, 0, 0, 0, 0, 0, 0, 0, 0, 0, 0, 0, 0, 0, 0, 0, 0, 0, 0, 0, 0, 0, 0, 0, 0, 29, 128
"c:\Users\Marlowe\Desktop\ProjectBible\FIX-BOOTSTRAP.md", "Markdown", 89, 0, 0, 0, 0, 0, 0, 0, 0, 0, 0, 0, 0, 0, 0, 0, 0, 0, 0, 0, 0, 0, 0, 0, 0, 0, 0, 0, 0, 0, 0, 0, 0, 0, 0, 0, 0, 0, 0, 29, 118
"c:\Users\Marlowe\Desktop\ProjectBible\IMPLEMENTATION-COMPLETE.md", "Markdown", 210, 0, 0, 0, 0, 0, 0, 0, 0, 0, 0, 0, 0, 0, 0, 0, 0, 0, 0, 0, 0, 0, 0, 0, 0, 0, 0, 0, 0, 0, 0, 0, 0, 0, 0, 0, 0, 0, 0, 57, 267
"c:\Users\Marlowe\Desktop\ProjectBible\PACK-CONSOLIDATION-COMPLETE.md", "Markdown", 126, 0, 0, 0, 0, 0, 0, 0, 0, 0, 0, 0, 0, 0, 0, 0, 0, 0, 0, 0, 0, 0, 0, 0, 0, 0, 0, 0, 0, 0, 0, 0, 0, 0, 0, 0, 0, 0, 0, 32, 158
"c:\Users\Marlowe\Desktop\ProjectBible\PROJECT_SPEC.md", "Markdown", 1001, 0, 0, 0, 0, 0, 0, 0, 0, 0, 0, 0, 0, 0, 0, 0, 0, 0, 0, 0, 0, 0, 0, 0, 0, 0, 0, 0, 0, 0, 0, 0, 0, 0, 0, 0, 0, 0, 0, 343, 1344
"c:\Users\Marlowe\Desktop\ProjectBible\README.md", "Markdown", 160, 0, 0, 0, 0, 0, 0, 0, 0, 0, 0, 0, 0, 0, 0, 0, 0, 0, 0, 0, 0, 0, 0, 0, 0, 0, 0, 0, 0, 0, 0, 0, 0, 0, 0, 0, 0, 0, 0, 65, 225
"c:\Users\Marlowe\Desktop\ProjectBible\RELEASE-INSTRUCTIONS.md", "Markdown", 97, 0, 0, 0, 0, 0, 0, 0, 0, 0, 0, 0, 0, 0, 0, 0, 0, 0, 0, 0, 0, 0, 0, 0, 0, 0, 0, 0, 0, 0, 0, 0, 0, 0, 0, 0, 0, 0, 0, 27, 124
"c:\Users\Marlowe\Desktop\ProjectBible\SETUP-COMPLETE.md", "Markdown", 144, 0, 0, 0, 0, 0, 0, 0, 0, 0, 0, 0, 0, 0, 0, 0, 0, 0, 0, 0, 0, 0, 0, 0, 0, 0, 0, 0, 0, 0, 0, 0, 0, 0, 0, 0, 0, 0, 0, 50, 194
"c:\Users\Marlowe\Desktop\ProjectBible\api\packs\[name].ts", "TypeScript", 0, 0, 0, 0, 0, 0, 45, 0, 0, 0, 0, 0, 0, 0, 0, 0, 0, 0, 0, 0, 0, 0, 0, 0, 0, 0, 0, 0, 0, 0, 0, 0, 0, 0, 0, 0, 0, 0, 6, 14, 65
"c:\Users\Marlowe\Desktop\ProjectBible\apps\DUAL-VERSION-GUIDE.md", "Markdown", 108, 0, 0, 0, 0, 0, 0, 0, 0, 0, 0, 0, 0, 0, 0, 0, 0, 0, 0, 0, 0, 0, 0, 0, 0, 0, 0, 0, 0, 0, 0, 0, 0, 0, 0, 0, 0, 0, 0, 31, 139
"c:\Users\Marlowe\Desktop\ProjectBible\apps\guesstheflag\README.md", "Markdown", 55, 0, 0, 0, 0, 0, 0, 0, 0, 0, 0, 0, 0, 0, 0, 0, 0, 0, 0, 0, 0, 0, 0, 0, 0, 0, 0, 0, 0, 0, 0, 0, 0, 0, 0, 0, 0, 0, 0, 25, 80
"c:\Users\Marlowe\Desktop\ProjectBible\apps\guesstheflag\clear-cache.html", "HTML", 0, 0, 0, 0, 0, 35, 0, 0, 0, 0, 0, 0, 0, 0, 0, 0, 0, 0, 0, 0, 0, 0, 0, 0, 0, 0, 0, 0, 0, 0, 0, 0, 0, 0, 0, 0, 0, 0, 0, 6, 41
"c:\Users\Marlowe\Desktop\ProjectBible\apps\guesstheflag\create-grid.py", "Python", 0, 0, 0, 0, 0, 0, 0, 14, 0, 0, 0, 0, 0, 0, 0, 0, 0, 0, 0, 0, 0, 0, 0, 0, 0, 0, 0, 0, 0, 0, 0, 0, 0, 0, 0, 0, 0, 0, 5, 6, 25
"c:\Users\Marlowe\Desktop\ProjectBible\apps\guesstheflag\create-icons.ps1", "PowerShell", 0, 0, 0, 0, 0, 0, 0, 0, 0, 35, 0, 0, 0, 0, 0, 0, 0, 0, 0, 0, 0, 0, 0, 0, 0, 0, 0, 0, 0, 0, 0, 0, 0, 0, 0, 0, 0, 0, 4, 9, 48
"c:\Users\Marlowe\Desktop\ProjectBible\apps\guesstheflag\css\styles.css", "PostCSS", 0, 0, 0, 0, 0, 0, 0, 0, 0, 0, 0, 0, 0, 0, 0, 0, 0, 0, 0, 490, 0, 0, 0, 0, 0, 0, 0, 0, 0, 0, 0, 0, 0, 0, 0, 0, 0, 0, 44, 91, 625
"c:\Users\Marlowe\Desktop\ProjectBible\apps\guesstheflag\data\flags.json", "JSON", 0, 0, 268, 0, 0, 0, 0, 0, 0, 0, 0, 0, 0, 0, 0, 0, 0, 0, 0, 0, 0, 0, 0, 0, 0, 0, 0, 0, 0, 0, 0, 0, 0, 0, 0, 0, 0, 0, 0, 1, 269
"c:\Users\Marlowe\Desktop\ProjectBible\apps\guesstheflag\download-state-flags.ps1", "PowerShell", 0, 0, 0, 0, 0, 0, 0, 0, 0, 93, 0, 0, 0, 0, 0, 0, 0, 0, 0, 0, 0, 0, 0, 0, 0, 0, 0, 0, 0, 0, 0, 0, 0, 0, 0, 0, 0, 0, 5, 12, 110
"c:\Users\Marlowe\Desktop\ProjectBible\apps\guesstheflag\flags\states\alabama.svg", "XML", 0, 0, 0, 0, 0, 0, 0, 0, 0, 0, 0, 0, 0, 0, 1, 0, 0, 0, 0, 0, 0, 0, 0, 0, 0, 0, 0, 0, 0, 0, 0, 0, 0, 0, 0, 0, 0, 0, 0, 0, 1
"c:\Users\Marlowe\Desktop\ProjectBible\apps\guesstheflag\flags\states\alaska.svg", "XML", 0, 0, 0, 0, 0, 0, 0, 0, 0, 0, 0, 0, 0, 0, 1, 0, 0, 0, 0, 0, 0, 0, 0, 0, 0, 0, 0, 0, 0, 0, 0, 0, 0, 0, 0, 0, 0, 0, 0, 0, 1
"c:\Users\Marlowe\Desktop\ProjectBible\apps\guesstheflag\flags\states\arizona.svg", "XML", 0, 0, 0, 0, 0, 0, 0, 0, 0, 0, 0, 0, 0, 0, 1, 0, 0, 0, 0, 0, 0, 0, 0, 0, 0, 0, 0, 0, 0, 0, 0, 0, 0, 0, 0, 0, 0, 0, 0, 0, 1
"c:\Users\Marlowe\Desktop\ProjectBible\apps\guesstheflag\flags\states\arkansas.svg", "XML", 0, 0, 0, 0, 0, 0, 0, 0, 0, 0, 0, 0, 0, 0, 1, 0, 0, 0, 0, 0, 0, 0, 0, 0, 0, 0, 0, 0, 0, 0, 0, 0, 0, 0, 0, 0, 0, 0, 0, 0, 1
"c:\Users\Marlowe\Desktop\ProjectBible\apps\guesstheflag\flags\states\california.svg", "XML", 0, 0, 0, 0, 0, 0, 0, 0, 0, 0, 0, 0, 0, 0, 1, 0, 0, 0, 0, 0, 0, 0, 0, 0, 0, 0, 0, 0, 0, 0, 0, 0, 0, 0, 0, 0, 0, 0, 0, 0, 1
"c:\Users\Marlowe\Desktop\ProjectBible\apps\guesstheflag\flags\states\colorado.svg", "XML", 0, 0, 0, 0, 0, 0, 0, 0, 0, 0, 0, 0, 0, 0, 1, 0, 0, 0, 0, 0, 0, 0, 0, 0, 0, 0, 0, 0, 0, 0, 0, 0, 0, 0, 0, 0, 0, 0, 0, 0, 1
"c:\Users\Marlowe\Desktop\ProjectBible\apps\guesstheflag\flags\states\connecticut.svg", "XML", 0, 0, 0, 0, 0, 0, 0, 0, 0, 0, 0, 0, 0, 0, 1, 0, 0, 0, 0, 0, 0, 0, 0, 0, 0, 0, 0, 0, 0, 0, 0, 0, 0, 0, 0, 0, 0, 0, 0, 0, 1
"c:\Users\Marlowe\Desktop\ProjectBible\apps\guesstheflag\flags\states\delaware.svg", "XML", 0, 0, 0, 0, 0, 0, 0, 0, 0, 0, 0, 0, 0, 0, 1, 0, 0, 0, 0, 0, 0, 0, 0, 0, 0, 0, 0, 0, 0, 0, 0, 0, 0, 0, 0, 0, 0, 0, 0, 0, 1
"c:\Users\Marlowe\Desktop\ProjectBible\apps\guesstheflag\flags\states\florida.svg", "XML", 0, 0, 0, 0, 0, 0, 0, 0, 0, 0, 0, 0, 0, 0, 128, 0, 0, 0, 0, 0, 0, 0, 0, 0, 0, 0, 0, 0, 0, 0, 0, 0, 0, 0, 0, 0, 0, 0, 0, 0, 128
"c:\Users\Marlowe\Desktop\ProjectBible\apps\guesstheflag\flags\states\georgia.svg", "XML", 0, 0, 0, 0, 0, 0, 0, 0, 0, 0, 0, 0, 0, 0, 71, 0, 0, 0, 0, 0, 0, 0, 0, 0, 0, 0, 0, 0, 0, 0, 0, 0, 0, 0, 0, 0, 0, 0, 0, 1, 72
"c:\Users\Marlowe\Desktop\ProjectBible\apps\guesstheflag\flags\states\hawaii.svg", "XML", 0, 0, 0, 0, 0, 0, 0, 0, 0, 0, 0, 0, 0, 0, 11, 0, 0, 0, 0, 0, 0, 0, 0, 0, 0, 0, 0, 0, 0, 0, 0, 0, 0, 0, 0, 0, 0, 0, 0, 0, 11
"c:\Users\Marlowe\Desktop\ProjectBible\apps\guesstheflag\flags\states\idaho.svg", "XML", 0, 0, 0, 0, 0, 0, 0, 0, 0, 0, 0, 0, 0, 0, 1, 0, 0, 0, 0, 0, 0, 0, 0, 0, 0, 0, 0, 0, 0, 0, 0, 0, 0, 0, 0, 0, 0, 0, 0, 0, 1
"c:\Users\Marlowe\Desktop\ProjectBible\apps\guesstheflag\flags\states\illinois.svg", "XML", 0, 0, 0, 0, 0, 0, 0, 0, 0, 0, 0, 0, 0, 0, 1, 0, 0, 0, 0, 0, 0, 0, 0, 0, 0, 0, 0, 0, 0, 0, 0, 0, 0, 0, 0, 0, 0, 0, 0, 0, 1
"c:\Users\Marlowe\Desktop\ProjectBible\apps\guesstheflag\flags\states\indiana.svg", "XML", 0, 0, 0, 0, 0, 0, 0, 0, 0, 0, 0, 0, 0, 0, 1, 0, 0, 0, 0, 0, 0, 0, 0, 0, 0, 0, 0, 0, 0, 0, 0, 0, 0, 0, 0, 0, 0, 0, 0, 0, 1
"c:\Users\Marlowe\Desktop\ProjectBible\apps\guesstheflag\flags\states\iowa.svg", "XML", 0, 0, 0, 0, 0, 0, 0, 0, 0, 0, 0, 0, 0, 0, 1, 0, 0, 0, 0, 0, 0, 0, 0, 0, 0, 0, 0, 0, 0, 0, 0, 0, 0, 0, 0, 0, 0, 0, 0, 0, 1
"c:\Users\Marlowe\Desktop\ProjectBible\apps\guesstheflag\flags\states\kansas.svg", "XML", 0, 0, 0, 0, 0, 0, 0, 0, 0, 0, 0, 0, 0, 0, 1, 0, 0, 0, 0, 0, 0, 0, 0, 0, 0, 0, 0, 0, 0, 0, 0, 0, 0, 0, 0, 0, 0, 0, 0, 0, 1
"c:\Users\Marlowe\Desktop\ProjectBible\apps\guesstheflag\flags\states\kentucky.svg", "XML", 0, 0, 0, 0, 0, 0, 0, 0, 0, 0, 0, 0, 0, 0, 1, 0, 0, 0, 0, 0, 0, 0, 0, 0, 0, 0, 0, 0, 0, 0, 0, 0, 0, 0, 0, 0, 0, 0, 0, 0, 1
"c:\Users\Marlowe\Desktop\ProjectBible\apps\guesstheflag\flags\states\louisiana.svg", "XML", 0, 0, 0, 0, 0, 0, 0, 0, 0, 0, 0, 0, 0, 0, 1, 0, 0, 0, 0, 0, 0, 0, 0, 0, 0, 0, 0, 0, 0, 0, 0, 0, 0, 0, 0, 0, 0, 0, 0, 0, 1
"c:\Users\Marlowe\Desktop\ProjectBible\apps\guesstheflag\flags\states\maine.svg", "XML", 0, 0, 0, 0, 0, 0, 0, 0, 0, 0, 0, 0, 0, 0, 1, 0, 0, 0, 0, 0, 0, 0, 0, 0, 0, 0, 0, 0, 0, 0, 0, 0, 0, 0, 0, 0, 0, 0, 0, 0, 1
"c:\Users\Marlowe\Desktop\ProjectBible\apps\guesstheflag\flags\states\maryland.svg", "XML", 0, 0, 0, 0, 0, 0, 0, 0, 0, 0, 0, 0, 0, 0, 1, 0, 0, 0, 0, 0, 0, 0, 0, 0, 0, 0, 0, 0, 0, 0, 0, 0, 0, 0, 0, 0, 0, 0, 0, 0, 1
"c:\Users\Marlowe\Desktop\ProjectBible\apps\guesstheflag\flags\states\massachusetts.svg", "XML", 0, 0, 0, 0, 0, 0, 0, 0, 0, 0, 0, 0, 0, 0, 1, 0, 0, 0, 0, 0, 0, 0, 0, 0, 0, 0, 0, 0, 0, 0, 0, 0, 0, 0, 0, 0, 0, 0, 0, 0, 1
"c:\Users\Marlowe\Desktop\ProjectBible\apps\guesstheflag\flags\states\michigan.svg", "XML", 0, 0, 0, 0, 0, 0, 0, 0, 0, 0, 0, 0, 0, 0, 54, 0, 0, 0, 0, 0, 0, 0, 0, 0, 0, 0, 0, 0, 0, 0, 0, 0, 0, 0, 0, 0, 0, 0, 0, 1, 55
"c:\Users\Marlowe\Desktop\ProjectBible\apps\guesstheflag\flags\states\minnesota.svg", "XML", 0, 0, 0, 0, 0, 0, 0, 0, 0, 0, 0, 0, 0, 0, 462, 0, 0, 0, 0, 0, 0, 0, 0, 0, 0, 0, 0, 0, 0, 0, 0, 0, 0, 0, 0, 0, 0, 0, 0, 0, 462
"c:\Users\Marlowe\Desktop\ProjectBible\apps\guesstheflag\flags\states\mississippi.svg", "XML", 0, 0, 0, 0, 0, 0, 0, 0, 0, 0, 0, 0, 0, 0, 9, 0, 0, 0, 0, 0, 0, 0, 0, 0, 0, 0, 0, 0, 0, 0, 0, 0, 0, 0, 0, 0, 0, 0, 0, 1, 10
"c:\Users\Marlowe\Desktop\ProjectBible\apps\guesstheflag\flags\states\missouri.svg", "XML", 0, 0, 0, 0, 0, 0, 0, 0, 0, 0, 0, 0, 0, 0, 490, 0, 0, 0, 0, 0, 0, 0, 0, 0, 0, 0, 0, 0, 0, 0, 0, 0, 0, 0, 0, 0, 0, 0, 0, 1, 491
"c:\Users\Marlowe\Desktop\ProjectBible\apps\guesstheflag\flags\states\montana.svg", "XML", 0, 0, 0, 0, 0, 0, 0, 0, 0, 0, 0, 0, 0, 0, 1, 0, 0, 0, 0, 0, 0, 0, 0, 0, 0, 0, 0, 0, 0, 0, 0, 0, 0, 0, 0, 0, 0, 0, 0, 0, 1
"c:\Users\Marlowe\Desktop\ProjectBible\apps\guesstheflag\flags\states\nebraska.svg", "XML", 0, 0, 0, 0, 0, 0, 0, 0, 0, 0, 0, 0, 0, 0, 1960, 0, 0, 0, 0, 0, 0, 0, 0, 0, 0, 0, 0, 0, 0, 0, 0, 0, 0, 0, 0, 0, 0, 0, 0, 1, 1961
"c:\Users\Marlowe\Desktop\ProjectBible\apps\guesstheflag\flags\states\nevada.svg", "XML", 0, 0, 0, 0, 0, 0, 0, 0, 0, 0, 0, 0, 0, 0, 1, 0, 0, 0, 0, 0, 0, 0, 0, 0, 0, 0, 0, 0, 0, 0, 0, 0, 0, 0, 0, 0, 0, 0, 0, 0, 1
"c:\Users\Marlowe\Desktop\ProjectBible\apps\guesstheflag\flags\states\new-hampshire.svg", "XML", 0, 0, 0, 0, 0, 0, 0, 0, 0, 0, 0, 0, 0, 0, 1, 0, 0, 0, 0, 0, 0, 0, 0, 0, 0, 0, 0, 0, 0, 0, 0, 0, 0, 0, 0, 0, 0, 0, 0, 0, 1
"c:\Users\Marlowe\Desktop\ProjectBible\apps\guesstheflag\flags\states\new-jersey.svg", "XML", 0, 0, 0, 0, 0, 0, 0, 0, 0, 0, 0, 0, 0, 0, 1, 0, 0, 0, 0, 0, 0, 0, 0, 0, 0, 0, 0, 0, 0, 0, 0, 0, 0, 0, 0, 0, 0, 0, 0, 0, 1
"c:\Users\Marlowe\Desktop\ProjectBible\apps\guesstheflag\flags\states\new-mexico.svg", "XML", 0, 0, 0, 0, 0, 0, 0, 0, 0, 0, 0, 0, 0, 0, 1, 0, 0, 0, 0, 0, 0, 0, 0, 0, 0, 0, 0, 0, 0, 0, 0, 0, 0, 0, 0, 0, 0, 0, 0, 0, 1
"c:\Users\Marlowe\Desktop\ProjectBible\apps\guesstheflag\flags\states\new-york.svg", "XML", 0, 0, 0, 0, 0, 0, 0, 0, 0, 0, 0, 0, 0, 0, 634, 0, 0, 0, 0, 0, 0, 0, 0, 0, 0, 0, 0, 0, 0, 0, 0, 0, 0, 0, 0, 0, 0, 0, 0, 1, 635
"c:\Users\Marlowe\Desktop\ProjectBible\apps\guesstheflag\flags\states\north-carolina.svg", "XML", 0, 0, 0, 0, 0, 0, 0, 0, 0, 0, 0, 0, 0, 0, 47, 0, 0, 0, 0, 0, 0, 0, 0, 0, 0, 0, 0, 0, 0, 0, 0, 0, 0, 0, 0, 0, 0, 0, 0, 1, 48
"c:\Users\Marlowe\Desktop\ProjectBible\apps\guesstheflag\flags\states\north-dakota.svg", "XML", 0, 0, 0, 0, 0, 0, 0, 0, 0, 0, 0, 0, 0, 0, 1495, 0, 0, 0, 0, 0, 0, 0, 0, 0, 0, 0, 0, 0, 0, 0, 0, 0, 0, 0, 0, 0, 0, 0, 0, 2, 1497
"c:\Users\Marlowe\Desktop\ProjectBible\apps\guesstheflag\flags\states\ohio.svg", "XML", 0, 0, 0, 0, 0, 0, 0, 0, 0, 0, 0, 0, 0, 0, 41, 0, 0, 0, 0, 0, 0, 0, 0, 0, 0, 0, 0, 0, 0, 0, 0, 0, 0, 0, 0, 0, 0, 0, 7, 0, 48
"c:\Users\Marlowe\Desktop\ProjectBible\apps\guesstheflag\flags\states\oklahoma.svg", "XML", 0, 0, 0, 0, 0, 0, 0, 0, 0, 0, 0, 0, 0, 0, 1, 0, 0, 0, 0, 0, 0, 0, 0, 0, 0, 0, 0, 0, 0, 0, 0, 0, 0, 0, 0, 0, 0, 0, 0, 0, 1
"c:\Users\Marlowe\Desktop\ProjectBible\apps\guesstheflag\flags\states\oregon.svg", "XML", 0, 0, 0, 0, 0, 0, 0, 0, 0, 0, 0, 0, 0, 0, 1, 0, 0, 0, 0, 0, 0, 0, 0, 0, 0, 0, 0, 0, 0, 0, 0, 0, 0, 0, 0, 0, 0, 0, 0, 0, 1
"c:\Users\Marlowe\Desktop\ProjectBible\apps\guesstheflag\flags\states\pennsylvania.svg", "XML", 0, 0, 0, 0, 0, 0, 0, 0, 0, 0, 0, 0, 0, 0, 1, 0, 0, 0, 0, 0, 0, 0, 0, 0, 0, 0, 0, 0, 0, 0, 0, 0, 0, 0, 0, 0, 0, 0, 0, 0, 1
"c:\Users\Marlowe\Desktop\ProjectBible\apps\guesstheflag\flags\states\rhode-island.svg", "XML", 0, 0, 0, 0, 0, 0, 0, 0, 0, 0, 0, 0, 0, 0, 29, 0, 0, 0, 0, 0, 0, 0, 0, 0, 0, 0, 0, 0, 0, 0, 0, 0, 0, 0, 0, 0, 0, 0, 0, 1, 30
"c:\Users\Marlowe\Desktop\ProjectBible\apps\guesstheflag\flags\states\south-carolina.svg", "XML", 0, 0, 0, 0, 0, 0, 0, 0, 0, 0, 0, 0, 0, 0, 4, 0, 0, 0, 0, 0, 0, 0, 0, 0, 0, 0, 0, 0, 0, 0, 0, 0, 0, 0, 0, 0, 0, 0, 0, 1, 5
"c:\Users\Marlowe\Desktop\ProjectBible\apps\guesstheflag\flags\states\south-dakota.svg", "XML", 0, 0, 0, 0, 0, 0, 0, 0, 0, 0, 0, 0, 0, 0, 1, 0, 0, 0, 0, 0, 0, 0, 0, 0, 0, 0, 0, 0, 0, 0, 0, 0, 0, 0, 0, 0, 0, 0, 0, 0, 1
"c:\Users\Marlowe\Desktop\ProjectBible\apps\guesstheflag\flags\states\tennessee.svg", "XML", 0, 0, 0, 0, 0, 0, 0, 0, 0, 0, 0, 0, 0, 0, 1, 0, 0, 0, 0, 0, 0, 0, 0, 0, 0, 0, 0, 0, 0, 0, 0, 0, 0, 0, 0, 0, 0, 0, 0, 0, 1
"c:\Users\Marlowe\Desktop\ProjectBible\apps\guesstheflag\flags\states\texas.svg", "XML", 0, 0, 0, 0, 0, 0, 0, 0, 0, 0, 0, 0, 0, 0, 1, 0, 0, 0, 0, 0, 0, 0, 0, 0, 0, 0, 0, 0, 0, 0, 0, 0, 0, 0, 0, 0, 0, 0, 0, 0, 1
"c:\Users\Marlowe\Desktop\ProjectBible\apps\guesstheflag\flags\states\utah.svg", "XML", 0, 0, 0, 0, 0, 0, 0, 0, 0, 0, 0, 0, 0, 0, 1, 0, 0, 0, 0, 0, 0, 0, 0, 0, 0, 0, 0, 0, 0, 0, 0, 0, 0, 0, 0, 0, 0, 0, 0, 0, 1
"c:\Users\Marlowe\Desktop\ProjectBible\apps\guesstheflag\flags\states\vermont.svg", "XML", 0, 0, 0, 0, 0, 0, 0, 0, 0, 0, 0, 0, 0, 0, 1, 0, 0, 0, 0, 0, 0, 0, 0, 0, 0, 0, 0, 0, 0, 0, 0, 0, 0, 0, 0, 0, 0, 0, 0, 0, 1
"c:\Users\Marlowe\Desktop\ProjectBible\apps\guesstheflag\flags\states\virginia.svg", "XML", 0, 0, 0, 0, 0, 0, 0, 0, 0, 0, 0, 0, 0, 0, 1, 0, 0, 0, 0, 0, 0, 0, 0, 0, 0, 0, 0, 0, 0, 0, 0, 0, 0, 0, 0, 0, 0, 0, 0, 0, 1
"c:\Users\Marlowe\Desktop\ProjectBible\apps\guesstheflag\flags\states\washington.svg", "XML", 0, 0, 0, 0, 0, 0, 0, 0, 0, 0, 0, 0, 0, 0, 2620, 0, 0, 0, 0, 0, 0, 0, 0, 0, 0, 0, 0, 0, 0, 0, 0, 0, 0, 0, 0, 0, 0, 0, 0, 1, 2621
"c:\Users\Marlowe\Desktop\ProjectBible\apps\guesstheflag\flags\states\west-virginia.svg", "XML", 0, 0, 0, 0, 0, 0, 0, 0, 0, 0, 0, 0, 0, 0, 1419, 0, 0, 0, 0, 0, 0, 0, 0, 0, 0, 0, 0, 0, 0, 0, 0, 0, 0, 0, 0, 0, 0, 0, 0, 1, 1420
"c:\Users\Marlowe\Desktop\ProjectBible\apps\guesstheflag\flags\states\wisconsin.svg", "XML", 0, 0, 0, 0, 0, 0, 0, 0, 0, 0, 0, 0, 0, 0, 1, 0, 0, 0, 0, 0, 0, 0, 0, 0, 0, 0, 0, 0, 0, 0, 0, 0, 0, 0, 0, 0, 0, 0, 0, 0, 1
"c:\Users\Marlowe\Desktop\ProjectBible\apps\guesstheflag\flags\states\wyoming.svg", "XML", 0, 0, 0, 0, 0, 0, 0, 0, 0, 0, 0, 0, 0, 0, 1, 0, 0, 0, 0, 0, 0, 0, 0, 0, 0, 0, 0, 0, 0, 0, 0, 0, 0, 0, 0, 0, 0, 0, 0, 0, 1
"c:\Users\Marlowe\Desktop\ProjectBible\apps\guesstheflag\icons\generate-icons.html", "HTML", 0, 0, 0, 0, 0, 117, 0, 0, 0, 0, 0, 0, 0, 0, 0, 0, 0, 0, 0, 0, 0, 0, 0, 0, 0, 0, 0, 0, 0, 0, 0, 0, 0, 0, 0, 0, 0, 0, 0, 14, 131
"c:\Users\Marlowe\Desktop\ProjectBible\apps\guesstheflag\icons\icon-512.svg", "XML", 0, 0, 0, 0, 0, 0, 0, 0, 0, 0, 0, 0, 0, 0, 20, 0, 0, 0, 0, 0, 0, 0, 0, 0, 0, 0, 0, 0, 0, 0, 0, 0, 0, 0, 0, 0, 0, 0, 3, 4, 27
"c:\Users\Marlowe\Desktop\ProjectBible\apps\guesstheflag\icons\icon-template.html", "HTML", 0, 0, 0, 0, 0, 77, 0, 0, 0, 0, 0, 0, 0, 0, 0, 0, 0, 0, 0, 0, 0, 0, 0, 0, 0, 0, 0, 0, 0, 0, 0, 0, 0, 0, 0, 0, 0, 0, 0, 1, 78
"c:\Users\Marlowe\Desktop\ProjectBible\apps\guesstheflag\index.html", "HTML", 0, 0, 0, 0, 0, 103, 0, 0, 0, 0, 0, 0, 0, 0, 0, 0, 0, 0, 0, 0, 0, 0, 0, 0, 0, 0, 0, 0, 0, 0, 0, 0, 0, 0, 0, 0, 0, 0, 13, 12, 128
"c:\Users\Marlowe\Desktop\ProjectBible\apps\guesstheflag\js\app.js", "JavaScript", 0, 0, 0, 0, 0, 0, 0, 0, 0, 0, 0, 0, 0, 243, 0, 0, 0, 0, 0, 0, 0, 0, 0, 0, 0, 0, 0, 0, 0, 0, 0, 0, 0, 0, 0, 0, 0, 0, 68, 60, 371
"c:\Users\Marlowe\Desktop\ProjectBible\apps\guesstheflag\manifest.json", "JSON", 0, 0, 24, 0, 0, 0, 0, 0, 0, 0, 0, 0, 0, 0, 0, 0, 0, 0, 0, 0, 0, 0, 0, 0, 0, 0, 0, 0, 0, 0, 0, 0, 0, 0, 0, 0, 0, 0, 0, 1, 25
"c:\Users\Marlowe\Desktop\ProjectBible\apps\guesstheflag\sw.js", "JavaScript", 0, 0, 0, 0, 0, 0, 0, 0, 0, 0, 0, 0, 0, 77, 0, 0, 0, 0, 0, 0, 0, 0, 0, 0, 0, 0, 0, 0, 0, 0, 0, 0, 0, 0, 0, 0, 0, 0, 12, 10, 99
"c:\Users\Marlowe\Desktop\ProjectBible\apps\guesstheflag\test-images.html", "HTML", 0, 0, 0, 0, 0, 33, 0, 0, 0, 0, 0, 0, 0, 0, 0, 0, 0, 0, 0, 0, 0, 0, 0, 0, 0, 0, 0, 0, 0, 0, 0, 0, 0, 0, 0, 0, 0, 0, 0, 1, 34
"c:\Users\Marlowe\Desktop\ProjectBible\apps\lampstand\.github\copilot-instructions.md", "Markdown", 88, 0, 0, 0, 0, 0, 0, 0, 0, 0, 0, 0, 0, 0, 0, 0, 0, 0, 0, 0, 0, 0, 0, 0, 0, 0, 0, 0, 0, 0, 0, 0, 0, 0, 0, 0, 0, 0, 0, 25, 113
"c:\Users\Marlowe\Desktop\ProjectBible\apps\lampstand\GROQ-SETUP.md", "Markdown", 55, 0, 0, 0, 0, 0, 0, 0, 0, 0, 0, 0, 0, 0, 0, 0, 0, 0, 0, 0, 0, 0, 0, 0, 0, 0, 0, 0, 0, 0, 0, 0, 0, 0, 0, 0, 0, 0, 0, 25, 80
"c:\Users\Marlowe\Desktop\ProjectBible\apps\lampstand\README.md", "Markdown", 23, 0, 0, 0, 0, 0, 0, 0, 0, 0, 0, 0, 0, 0, 0, 0, 0, 0, 0, 0, 0, 0, 0, 0, 0, 0, 0, 0, 0, 0, 0, 0, 0, 0, 0, 0, 0, 0, 0, 14, 37
"c:\Users\Marlowe\Desktop\ProjectBible\apps\lampstand\RSS-FEEDS-REFERENCE.md", "Markdown", 195, 0, 0, 0, 0, 0, 0, 0, 0, 0, 0, 0, 0, 0, 0, 0, 0, 0, 0, 0, 0, 0, 0, 0, 0, 0, 0, 0, 0, 0, 0, 0, 0, 0, 0, 0, 0, 0, 0, 62, 257
"c:\Users\Marlowe\Desktop\ProjectBible\apps\lampstand\SETUP.md", "Markdown", 86, 0, 0, 0, 0, 0, 0, 0, 0, 0, 0, 0, 0, 0, 0, 0, 0, 0, 0, 0, 0, 0, 0, 0, 0, 0, 0, 0, 0, 0, 0, 0, 0, 0, 0, 0, 0, 0, 0, 43, 129
"c:\Users\Marlowe\Desktop\ProjectBible\apps\lampstand\app\api\analyze\route.ts", "TypeScript", 0, 0, 0, 0, 0, 0, 184, 0, 0, 0, 0, 0, 0, 0, 0, 0, 0, 0, 0, 0, 0, 0, 0, 0, 0, 0, 0, 0, 0, 0, 0, 0, 0, 0, 0, 0, 0, 0, 5, 24, 213
"c:\Users\Marlowe\Desktop\ProjectBible\apps\lampstand\app\api\article\extract\route.ts", "TypeScript", 0, 0, 0, 0, 0, 0, 56, 0, 0, 0, 0, 0, 0, 0, 0, 0, 0, 0, 0, 0, 0, 0, 0, 0, 0, 0, 0, 0, 0, 0, 0, 0, 0, 0, 0, 0, 0, 0, 3, 13, 72
"c:\Users\Marlowe\Desktop\ProjectBible\apps\lampstand\app\api\news\[category]\route.ts", "TypeScript", 0, 0, 0, 0, 0, 0, 121, 0, 0, 0, 0, 0, 0, 0, 0, 0, 0, 0, 0, 0, 0, 0, 0, 0, 0, 0, 0, 0, 0, 0, 0, 0, 0, 0, 0, 0, 0, 0, 10, 18, 149
"c:\Users\Marlowe\Desktop\ProjectBible\apps\lampstand\app\api\scripture\[reference]\route.ts", "TypeScript", 0, 0, 0, 0, 0, 0, 31, 0, 0, 0, 0, 0, 0, 0, 0, 0, 0, 0, 0, 0, 0, 0, 0, 0, 0, 0, 0, 0, 0, 0, 0, 0, 0, 0, 0, 0, 0, 0, 1, 5, 37
"c:\Users\Marlowe\Desktop\ProjectBible\apps\lampstand\app\api\scripture\navigate\route.ts", "TypeScript", 0, 0, 0, 0, 0, 0, 35, 0, 0, 0, 0, 0, 0, 0, 0, 0, 0, 0, 0, 0, 0, 0, 0, 0, 0, 0, 0, 0, 0, 0, 0, 0, 0, 0, 0, 0, 0, 0, 2, 7, 44
"c:\Users\Marlowe\Desktop\ProjectBible\apps\lampstand\app\globals.css", "PostCSS", 0, 0, 0, 0, 0, 0, 0, 0, 0, 0, 0, 0, 0, 0, 0, 0, 0, 0, 0, 22, 0, 0, 0, 0, 0, 0, 0, 0, 0, 0, 0, 0, 0, 0, 0, 0, 0, 0, 0, 5, 27
"c:\Users\Marlowe\Desktop\ProjectBible\apps\lampstand\app\layout.tsx", "TypeScript JSX", 0, 0, 0, 0, 0, 0, 0, 0, 0, 0, 0, 0, 0, 0, 0, 38, 0, 0, 0, 0, 0, 0, 0, 0, 0, 0, 0, 0, 0, 0, 0, 0, 0, 0, 0, 0, 0, 0, 0, 6, 44
"c:\Users\Marlowe\Desktop\ProjectBible\apps\lampstand\app\page.tsx", "TypeScript JSX", 0, 0, 0, 0, 0, 0, 0, 0, 0, 0, 0, 0, 0, 0, 0, 95, 0, 0, 0, 0, 0, 0, 0, 0, 0, 0, 0, 0, 0, 0, 0, 0, 0, 0, 0, 0, 0, 0, 0, 11, 106
"c:\Users\Marlowe\Desktop\ProjectBible\apps\lampstand\components\ArticleList.tsx", "TypeScript JSX", 0, 0, 0, 0, 0, 0, 0, 0, 0, 0, 0, 0, 0, 0, 0, 86, 0, 0, 0, 0, 0, 0, 0, 0, 0, 0, 0, 0, 0, 0, 0, 0, 0, 0, 0, 0, 0, 0, 6, 15, 107
"c:\Users\Marlowe\Desktop\ProjectBible\apps\lampstand\components\ArticlePasteInput.tsx", "TypeScript JSX", 0, 0, 0, 0, 0, 0, 0, 0, 0, 0, 0, 0, 0, 0, 0, 75, 0, 0, 0, 0, 0, 0, 0, 0, 0, 0, 0, 0, 0, 0, 0, 0, 0, 0, 0, 0, 0, 0, 0, 10, 85
"c:\Users\Marlowe\Desktop\ProjectBible\apps\lampstand\components\ArticleView.tsx", "TypeScript JSX", 0, 0, 0, 0, 0, 0, 0, 0, 0, 0, 0, 0, 0, 0, 0, 431, 0, 0, 0, 0, 0, 0, 0, 0, 0, 0, 0, 0, 0, 0, 0, 0, 0, 0, 0, 0, 0, 0, 13, 52, 496
"c:\Users\Marlowe\Desktop\ProjectBible\apps\lampstand\components\CategoryTabs.tsx", "TypeScript JSX", 0, 0, 0, 0, 0, 0, 0, 0, 0, 0, 0, 0, 0, 0, 0, 30, 0, 0, 0, 0, 0, 0, 0, 0, 0, 0, 0, 0, 0, 0, 0, 0, 0, 0, 0, 0, 0, 0, 0, 5, 35
"c:\Users\Marlowe\Desktop\ProjectBible\apps\lampstand\eslint.config.mjs", "JavaScript", 0, 0, 0, 0, 0, 0, 0, 0, 0, 0, 0, 0, 0, 14, 0, 0, 0, 0, 0, 0, 0, 0, 0, 0, 0, 0, 0, 0, 0, 0, 0, 0, 0, 0, 0, 0, 0, 0, 2, 3, 19
"c:\Users\Marlowe\Desktop\ProjectBible\apps\lampstand\lib\db.ts", "TypeScript", 0, 0, 0, 0, 0, 0, 149, 0, 0, 0, 0, 0, 0, 0, 0, 0, 0, 0, 0, 0, 0, 0, 0, 0, 0, 0, 0, 0, 0, 0, 0, 0, 0, 0, 0, 0, 0, 0, 7, 22, 178
"c:\Users\Marlowe\Desktop\ProjectBible\apps\lampstand\lib\rss-feeds.ts", "TypeScript", 0, 0, 0, 0, 0, 0, 86, 0, 0, 0, 0, 0, 0, 0, 0, 0, 0, 0, 0, 0, 0, 0, 0, 0, 0, 0, 0, 0, 0, 0, 0, 0, 0, 0, 0, 0, 0, 0, 1, 7, 94
"c:\Users\Marlowe\Desktop\ProjectBible\apps\lampstand\lib\rss-parser.ts", "TypeScript", 0, 0, 0, 0, 0, 0, 152, 0, 0, 0, 0, 0, 0, 0, 0, 0, 0, 0, 0, 0, 0, 0, 0, 0, 0, 0, 0, 0, 0, 0, 0, 0, 0, 0, 0, 0, 0, 0, 16, 29, 197
"c:\Users\Marlowe\Desktop\ProjectBible\apps\lampstand\lib\sword-bible.ts", "TypeScript", 0, 0, 0, 0, 0, 0, 286, 0, 0, 0, 0, 0, 0, 0, 0, 0, 0, 0, 0, 0, 0, 0, 0, 0, 0, 0, 0, 0, 0, 0, 0, 0, 0, 0, 0, 0, 0, 0, 21, 36, 343
"c:\Users\Marlowe\Desktop\ProjectBible\apps\lampstand\lib\types.ts", "TypeScript", 0, 0, 0, 0, 0, 0, 58, 0, 0, 0, 0, 0, 0, 0, 0, 0, 0, 0, 0, 0, 0, 0, 0, 0, 0, 0, 0, 0, 0, 0, 0, 0, 0, 0, 0, 0, 0, 0, 0, 7, 65
"c:\Users\Marlowe\Desktop\ProjectBible\apps\lampstand\next.config.ts", "TypeScript", 0, 0, 0, 0, 0, 0, 4, 0, 0, 0, 0, 0, 0, 0, 0, 0, 0, 0, 0, 0, 0, 0, 0, 0, 0, 0, 0, 0, 0, 0, 0, 0, 0, 0, 0, 0, 0, 0, 1, 3, 8
"c:\Users\Marlowe\Desktop\ProjectBible\apps\lampstand\package-lock.json", "JSON", 0, 0, 9264, 0, 0, 0, 0, 0, 0, 0, 0, 0, 0, 0, 0, 0, 0, 0, 0, 0, 0, 0, 0, 0, 0, 0, 0, 0, 0, 0, 0, 0, 0, 0, 0, 0, 0, 0, 0, 1, 9265
"c:\Users\Marlowe\Desktop\ProjectBible\apps\lampstand\package.json", "JSON", 0, 0, 34, 0, 0, 0, 0, 0, 0, 0, 0, 0, 0, 0, 0, 0, 0, 0, 0, 0, 0, 0, 0, 0, 0, 0, 0, 0, 0, 0, 0, 0, 0, 0, 0, 0, 0, 0, 0, 1, 35
"c:\Users\Marlowe\Desktop\ProjectBible\apps\lampstand\postcss.config.mjs", "JavaScript", 0, 0, 0, 0, 0, 0, 0, 0, 0, 0, 0, 0, 0, 6, 0, 0, 0, 0, 0, 0, 0, 0, 0, 0, 0, 0, 0, 0, 0, 0, 0, 0, 0, 0, 0, 0, 0, 0, 0, 2, 8
"c:\Users\Marlowe\Desktop\ProjectBible\apps\lampstand\public\file.svg", "XML", 0, 0, 0, 0, 0, 0, 0, 0, 0, 0, 0, 0, 0, 0, 1, 0, 0, 0, 0, 0, 0, 0, 0, 0, 0, 0, 0, 0, 0, 0, 0, 0, 0, 0, 0, 0, 0, 0, 0, 0, 1
"c:\Users\Marlowe\Desktop\ProjectBible\apps\lampstand\public\globe.svg", "XML", 0, 0, 0, 0, 0, 0, 0, 0, 0, 0, 0, 0, 0, 0, 1, 0, 0, 0, 0, 0, 0, 0, 0, 0, 0, 0, 0, 0, 0, 0, 0, 0, 0, 0, 0, 0, 0, 0, 0, 0, 1
"c:\Users\Marlowe\Desktop\ProjectBible\apps\lampstand\public\next.svg", "XML", 0, 0, 0, 0, 0, 0, 0, 0, 0, 0, 0, 0, 0, 0, 1, 0, 0, 0, 0, 0, 0, 0, 0, 0, 0, 0, 0, 0, 0, 0, 0, 0, 0, 0, 0, 0, 0, 0, 0, 0, 1
"c:\Users\Marlowe\Desktop\ProjectBible\apps\lampstand\public\vercel.svg", "XML", 0, 0, 0, 0, 0, 0, 0, 0, 0, 0, 0, 0, 0, 0, 1, 0, 0, 0, 0, 0, 0, 0, 0, 0, 0, 0, 0, 0, 0, 0, 0, 0, 0, 0, 0, 0, 0, 0, 0, 0, 1
"c:\Users\Marlowe\Desktop\ProjectBible\apps\lampstand\public\window.svg", "XML", 0, 0, 0, 0, 0, 0, 0, 0, 0, 0, 0, 0, 0, 0, 1, 0, 0, 0, 0, 0, 0, 0, 0, 0, 0, 0, 0, 0, 0, 0, 0, 0, 0, 0, 0, 0, 0, 0, 0, 0, 1
"c:\Users\Marlowe\Desktop\ProjectBible\apps\lampstand\tsconfig.json", "JSON with Comments", 0, 34, 0, 0, 0, 0, 0, 0, 0, 0, 0, 0, 0, 0, 0, 0, 0, 0, 0, 0, 0, 0, 0, 0, 0, 0, 0, 0, 0, 0, 0, 0, 0, 0, 0, 0, 0, 0, 0, 1, 35
"c:\Users\Marlowe\Desktop\ProjectBible\apps\pwa-polished\INSTALL.md", "Markdown", 50, 0, 0, 0, 0, 0, 0, 0, 0, 0, 0, 0, 0, 0, 0, 0, 0, 0, 0, 0, 0, 0, 0, 0, 0, 0, 0, 0, 0, 0, 0, 0, 0, 0, 0, 0, 0, 0, 0, 26, 76
"c:\Users\Marlowe\Desktop\ProjectBible\apps\pwa-polished\README.md", "Markdown", 17, 0, 0, 0, 0, 0, 0, 0, 0, 0, 0, 0, 0, 0, 0, 0, 0, 0, 0, 0, 0, 0, 0, 0, 0, 0, 0, 0, 0, 0, 0, 0, 0, 0, 0, 0, 0, 0, 0, 9, 26
"c:\Users\Marlowe\Desktop\ProjectBible\apps\pwa-polished\SYNC-SETUP.md", "Markdown", 131, 0, 0, 0, 0, 0, 0, 0, 0, 0, 0, 0, 0, 0, 0, 0, 0, 0, 0, 0, 0, 0, 0, 0, 0, 0, 0, 0, 0, 0, 0, 0, 0, 0, 0, 0, 0, 0, 0, 36, 167
"c:\Users\Marlowe\Desktop\ProjectBible\apps\pwa-polished\TESTING.md", "Markdown", 88, 0, 0, 0, 0, 0, 0, 0, 0, 0, 0, 0, 0, 0, 0, 0, 0, 0, 0, 0, 0, 0, 0, 0, 0, 0, 0, 0, 0, 0, 0, 0, 0, 0, 0, 0, 0, 0, 0, 25, 113
"c:\Users\Marlowe\Desktop\ProjectBible\apps\pwa-polished\debug.html", "HTML", 0, 0, 0, 0, 0, 149, 0, 0, 0, 0, 0, 0, 0, 0, 0, 0, 0, 0, 0, 0, 0, 0, 0, 0, 0, 0, 0, 0, 0, 0, 0, 0, 0, 0, 0, 0, 0, 0, 0, 36, 185
"c:\Users\Marlowe\Desktop\ProjectBible\apps\pwa-polished\demo.html", "HTML", 0, 0, 0, 0, 0, 230, 0, 0, 0, 0, 0, 0, 0, 0, 0, 0, 0, 0, 0, 0, 0, 0, 0, 0, 0, 0, 0, 0, 0, 0, 0, 0, 0, 0, 0, 0, 0, 0, 6, 38, 274
"c:\Users\Marlowe\Desktop\ProjectBible\apps\pwa-polished\index.html", "HTML", 0, 0, 0, 0, 0, 110, 0, 0, 0, 0, 0, 0, 0, 0, 0, 0, 0, 0, 0, 0, 0, 0, 0, 0, 0, 0, 0, 0, 0, 0, 0, 0, 0, 0, 0, 0, 0, 0, 3, 12, 125
"c:\Users\Marlowe\Desktop\ProjectBible\apps\pwa-polished\navigation-demo.html", "HTML", 0, 0, 0, 0, 0, 365, 0, 0, 0, 0, 0, 0, 0, 0, 0, 0, 0, 0, 0, 0, 0, 0, 0, 0, 0, 0, 0, 0, 0, 0, 0, 0, 0, 0, 0, 0, 0, 0, 8, 54, 427
"c:\Users\Marlowe\Desktop\ProjectBible\apps\pwa-polished\package.json", "JSON", 0, 0, 35, 0, 0, 0, 0, 0, 0, 0, 0, 0, 0, 0, 0, 0, 0, 0, 0, 0, 0, 0, 0, 0, 0, 0, 0, 0, 0, 0, 0, 0, 0, 0, 0, 0, 0, 0, 0, 1, 36
"c:\Users\Marlowe\Desktop\ProjectBible\apps\pwa-polished\public\debug-indexeddb.html", "HTML", 0, 0, 0, 0, 0, 187, 0, 0, 0, 0, 0, 0, 0, 0, 0, 0, 0, 0, 0, 0, 0, 0, 0, 0, 0, 0, 0, 0, 0, 0, 0, 0, 0, 0, 0, 0, 0, 0, 0, 34, 221
"c:\Users\Marlowe\Desktop\ProjectBible\apps\pwa-polished\public\fix-packs.html", "HTML", 0, 0, 0, 0, 0, 168, 0, 0, 0, 0, 0, 0, 0, 0, 0, 0, 0, 0, 0, 0, 0, 0, 0, 0, 0, 0, 0, 0, 0, 0, 0, 0, 0, 0, 0, 0, 0, 0, 0, 26, 194
"c:\Users\Marlowe\Desktop\ProjectBible\apps\pwa-polished\public\manifest.json", "JSON", 0, 0, 112, 0, 0, 0, 0, 0, 0, 0, 0, 0, 0, 0, 0, 0, 0, 0, 0, 0, 0, 0, 0, 0, 0, 0, 0, 0, 0, 0, 0, 0, 0, 0, 0, 0, 0, 0, 0, 0, 112
"c:\Users\Marlowe\Desktop\ProjectBible\apps\pwa-polished\public\packs\consolidated\manifest.json", "JSON", 0, 0, 157, 0, 0, 0, 0, 0, 0, 0, 0, 0, 0, 0, 0, 0, 0, 0, 0, 0, 0, 0, 0, 0, 0, 0, 0, 0, 0, 0, 0, 0, 0, 0, 0, 0, 0, 0, 0, 0, 157
"c:\Users\Marlowe\Desktop\ProjectBible\apps\pwa-polished\public\sql-wasm.wasm", "WebAssembly Text Format", 0, 0, 0, 0, 0, 0, 0, 0, 0, 0, 0, 0, 0, 0, 0, 0, 0, 0, 0, 0, 0, 0, 0, 0, 0, 14676, 0, 0, 0, 0, 0, 0, 0, 0, 0, 0, 0, 0, 0, 171, 14847
"c:\Users\Marlowe\Desktop\ProjectBible\apps\pwa-polished\src\App.svelte", "Svelte", 0, 0, 0, 0, 0, 0, 0, 0, 0, 0, 0, 0, 0, 0, 0, 0, 0, 0, 0, 0, 0, 0, 181, 0, 0, 0, 0, 0, 0, 0, 0, 0, 0, 0, 0, 0, 0, 0, 3, 32, 216
"c:\Users\Marlowe\Desktop\ProjectBible\apps\pwa-polished\src\adapters\CommentaryStore.ts", "TypeScript", 0, 0, 0, 0, 0, 0, 212, 0, 0, 0, 0, 0, 0, 0, 0, 0, 0, 0, 0, 0, 0, 0, 0, 0, 0, 0, 0, 0, 0, 0, 0, 0, 0, 0, 0, 0, 0, 0, 45, 48, 305
"c:\Users\Marlowe\Desktop\ProjectBible\apps\pwa-polished\src\adapters\CrossReferenceStore.ts", "TypeScript", 0, 0, 0, 0, 0, 0, 120, 0, 0, 0, 0, 0, 0, 0, 0, 0, 0, 0, 0, 0, 0, 0, 0, 0, 0, 0, 0, 0, 0, 0, 0, 0, 0, 0, 0, 0, 0, 0, 18, 28, 166
"c:\Users\Marlowe\Desktop\ProjectBible\apps\pwa-polished\src\adapters\HeadingsStore.ts", "TypeScript", 0, 0, 0, 0, 0, 0, 42, 0, 0, 0, 0, 0, 0, 0, 0, 0, 0, 0, 0, 0, 0, 0, 0, 0, 0, 0, 0, 0, 0, 0, 0, 0, 0, 0, 0, 0, 0, 0, 11, 5, 58
"c:\Users\Marlowe\Desktop\ProjectBible\apps\pwa-polished\src\adapters\JournalStore.ts", "TypeScript", 0, 0, 0, 0, 0, 0, 168, 0, 0, 0, 0, 0, 0, 0, 0, 0, 0, 0, 0, 0, 0, 0, 0, 0, 0, 0, 0, 0, 0, 0, 0, 0, 0, 0, 0, 0, 0, 0, 9, 39, 216
"c:\Users\Marlowe\Desktop\ProjectBible\apps\pwa-polished\src\adapters\LexiconStore.ts", "TypeScript", 0, 0, 0, 0, 0, 0, 155, 0, 0, 0, 0, 0, 0, 0, 0, 0, 0, 0, 0, 0, 0, 0, 0, 0, 0, 0, 0, 0, 0, 0, 0, 0, 0, 0, 0, 0, 0, 0, 37, 30, 222
"c:\Users\Marlowe\Desktop\ProjectBible\apps\pwa-polished\src\adapters\MapStore.ts", "TypeScript", 0, 0, 0, 0, 0, 0, 147, 0, 0, 0, 0, 0, 0, 0, 0, 0, 0, 0, 0, 0, 0, 0, 0, 0, 0, 0, 0, 0, 0, 0, 0, 0, 0, 0, 0, 0, 0, 0, 4, 31, 182
"c:\Users\Marlowe\Desktop\ProjectBible\apps\pwa-polished\src\adapters\PackManager.ts", "TypeScript", 0, 0, 0, 0, 0, 0, 88, 0, 0, 0, 0, 0, 0, 0, 0, 0, 0, 0, 0, 0, 0, 0, 0, 0, 0, 0, 0, 0, 0, 0, 0, 0, 0, 0, 0, 0, 0, 0, 4, 19, 111
"c:\Users\Marlowe\Desktop\ProjectBible\apps\pwa-polished\src\adapters\PlaceStore.ts", "TypeScript", 0, 0, 0, 0, 0, 0, 159, 0, 0, 0, 0, 0, 0, 0, 0, 0, 0, 0, 0, 0, 0, 0, 0, 0, 0, 0, 0, 0, 0, 0, 0, 0, 0, 0, 0, 0, 0, 0, 40, 36, 235
"c:\Users\Marlowe\Desktop\ProjectBible\apps\pwa-polished\src\adapters\ReadingHistoryStore.ts", "TypeScript", 0, 0, 0, 0, 0, 0, 304, 0, 0, 0, 0, 0, 0, 0, 0, 0, 0, 0, 0, 0, 0, 0, 0, 0, 0, 0, 0, 0, 0, 0, 0, 0, 0, 0, 0, 0, 0, 0, 70, 71, 445
"c:\Users\Marlowe\Desktop\ProjectBible\apps\pwa-polished\src\adapters\SearchIndex.ts", "TypeScript", 0, 0, 0, 0, 0, 0, 117, 0, 0, 0, 0, 0, 0, 0, 0, 0, 0, 0, 0, 0, 0, 0, 0, 0, 0, 0, 0, 0, 0, 0, 0, 0, 0, 0, 0, 0, 0, 0, 31, 30, 178
"c:\Users\Marlowe\Desktop\ProjectBible\apps\pwa-polished\src\adapters\SyncedHighlightAdapter.ts", "TypeScript", 0, 0, 0, 0, 0, 0, 86, 0, 0, 0, 0, 0, 0, 0, 0, 0, 0, 0, 0, 0, 0, 0, 0, 0, 0, 0, 0, 0, 0, 0, 0, 0, 0, 0, 0, 0, 0, 0, 28, 20, 134
"c:\Users\Marlowe\Desktop\ProjectBible\apps\pwa-polished\src\adapters\SyncedJournalStore.ts", "TypeScript", 0, 0, 0, 0, 0, 0, 141, 0, 0, 0, 0, 0, 0, 0, 0, 0, 0, 0, 0, 0, 0, 0, 0, 0, 0, 0, 0, 0, 0, 0, 0, 0, 0, 0, 0, 0, 0, 0, 53, 27, 221
"c:\Users\Marlowe\Desktop\ProjectBible\apps\pwa-polished\src\adapters\SyncedReadingAdapter.ts", "TypeScript", 0, 0, 0, 0, 0, 0, 103, 0, 0, 0, 0, 0, 0, 0, 0, 0, 0, 0, 0, 0, 0, 0, 0, 0, 0, 0, 0, 0, 0, 0, 0, 0, 0, 0, 0, 0, 0, 0, 32, 21, 156
"c:\Users\Marlowe\Desktop\ProjectBible\apps\pwa-polished\src\adapters\SyncedUserDataStore.ts", "TypeScript", 0, 0, 0, 0, 0, 0, 294, 0, 0, 0, 0, 0, 0, 0, 0, 0, 0, 0, 0, 0, 0, 0, 0, 0, 0, 0, 0, 0, 0, 0, 0, 0, 0, 0, 0, 0, 0, 0, 53, 53, 400
"c:\Users\Marlowe\Desktop\ProjectBible\apps\pwa-polished\src\adapters\TextStore.ts", "TypeScript", 0, 0, 0, 0, 0, 0, 255, 0, 0, 0, 0, 0, 0, 0, 0, 0, 0, 0, 0, 0, 0, 0, 0, 0, 0, 0, 0, 0, 0, 0, 0, 0, 0, 0, 0, 0, 0, 0, 21, 51, 327
"c:\Users\Marlowe\Desktop\ProjectBible\apps\pwa-polished\src\adapters\TskReferenceStore.ts", "TypeScript", 0, 0, 0, 0, 0, 0, 93, 0, 0, 0, 0, 0, 0, 0, 0, 0, 0, 0, 0, 0, 0, 0, 0, 0, 0, 0, 0, 0, 0, 0, 0, 0, 0, 0, 0, 0, 0, 0, 14, 7, 114
"c:\Users\Marlowe\Desktop\ProjectBible\apps\pwa-polished\src\adapters\UserDataStore.ts", "TypeScript", 0, 0, 0, 0, 0, 0, 351, 0, 0, 0, 0, 0, 0, 0, 0, 0, 0, 0, 0, 0, 0, 0, 0, 0, 0, 0, 0, 0, 0, 0, 0, 0, 0, 0, 0, 0, 0, 0, 20, 55, 426
"c:\Users\Marlowe\Desktop\ProjectBible\apps\pwa-polished\src\adapters\db-manager.ts", "TypeScript", 0, 0, 0, 0, 0, 0, 237, 0, 0, 0, 0, 0, 0, 0, 0, 0, 0, 0, 0, 0, 0, 0, 0, 0, 0, 0, 0, 0, 0, 0, 0, 0, 0, 0, 0, 0, 0, 0, 34, 42, 313
"c:\Users\Marlowe\Desktop\ProjectBible\apps\pwa-polished\src\adapters\db.ts", "TypeScript", 0, 0, 0, 0, 0, 0, 694, 0, 0, 0, 0, 0, 0, 0, 0, 0, 0, 0, 0, 0, 0, 0, 0, 0, 0, 0, 0, 0, 0, 0, 0, 0, 0, 0, 0, 0, 0, 0, 93, 116, 903
"c:\Users\Marlowe\Desktop\ProjectBible\apps\pwa-polished\src\adapters\index.ts", "TypeScript", 0, 0, 0, 0, 0, 0, 55, 0, 0, 0, 0, 0, 0, 0, 0, 0, 0, 0, 0, 0, 0, 0, 0, 0, 0, 0, 0, 0, 0, 0, 0, 0, 0, 0, 0, 0, 0, 0, 7, 5, 67
"c:\Users\Marlowe\Desktop\ProjectBible\apps\pwa-polished\src\adapters\lexicon-lookup.ts", "TypeScript", 0, 0, 0, 0, 0, 0, 429, 0, 0, 0, 0, 0, 0, 0, 0, 0, 0, 0, 0, 0, 0, 0, 0, 0, 0, 0, 0, 0, 0, 0, 0, 0, 0, 0, 0, 0, 0, 0, 43, 73, 545
"c:\Users\Marlowe\Desktop\ProjectBible\apps\pwa-polished\src\adapters\pack-import.ts", "TypeScript", 0, 0, 0, 0, 0, 0, 1352, 0, 0, 0, 0, 0, 0, 0, 0, 0, 0, 0, 0, 0, 0, 0, 0, 0, 0, 0, 0, 0, 0, 0, 0, 0, 0, 0, 0, 0, 0, 0, 100, 233, 1685
"c:\Users\Marlowe\Desktop\ProjectBible\apps\pwa-polished\src\adapters\settings.ts", "TypeScript", 0, 0, 0, 0, 0, 0, 96, 0, 0, 0, 0, 0, 0, 0, 0, 0, 0, 0, 0, 0, 0, 0, 0, 0, 0, 0, 0, 0, 0, 0, 0, 0, 0, 0, 0, 0, 0, 0, 33, 19, 148
"c:\Users\Marlowe\Desktop\ProjectBible\apps\pwa-polished\src\components\AnnotationPanel.svelte", "Svelte", 0, 0, 0, 0, 0, 0, 0, 0, 0, 0, 0, 0, 0, 0, 0, 0, 0, 0, 0, 0, 0, 0, 548, 0, 0, 0, 0, 0, 0, 0, 0, 0, 0, 0, 0, 0, 0, 0, 6, 64, 618
"c:\Users\Marlowe\Desktop\ProjectBible\apps\pwa-polished\src\components\BibleReader.svelte", "Svelte", 0, 0, 0, 0, 0, 0, 0, 0, 0, 0, 0, 0, 0, 0, 0, 0, 0, 0, 0, 0, 0, 0, 3016, 0, 0, 0, 0, 0, 0, 0, 0, 0, 0, 0, 0, 0, 0, 0, 2, 399, 3417
"c:\Users\Marlowe\Desktop\ProjectBible\apps\pwa-polished\src\components\CalendarView.svelte", "Svelte", 0, 0, 0, 0, 0, 0, 0, 0, 0, 0, 0, 0, 0, 0, 0, 0, 0, 0, 0, 0, 0, 0, 294, 0, 0, 0, 0, 0, 0, 0, 0, 0, 0, 0, 0, 0, 0, 0, 6, 50, 350
"c:\Users\Marlowe\Desktop\ProjectBible\apps\pwa-polished\src\components\CommentaryModal.svelte", "Svelte", 0, 0, 0, 0, 0, 0, 0, 0, 0, 0, 0, 0, 0, 0, 0, 0, 0, 0, 0, 0, 0, 0, 402, 0, 0, 0, 0, 0, 0, 0, 0, 0, 0, 0, 0, 0, 0, 0, 0, 54, 456
"c:\Users\Marlowe\Desktop\ProjectBible\apps\pwa-polished\src\components\CommentaryNavigationBar.svelte", "Svelte", 0, 0, 0, 0, 0, 0, 0, 0, 0, 0, 0, 0, 0, 0, 0, 0, 0, 0, 0, 0, 0, 0, 839, 0, 0, 0, 0, 0, 0, 0, 0, 0, 0, 0, 0, 0, 0, 0, 3, 86, 928
"c:\Users\Marlowe\Desktop\ProjectBible\apps\pwa-polished\src\components\CommentaryReader.svelte", "Svelte", 0, 0, 0, 0, 0, 0, 0, 0, 0, 0, 0, 0, 0, 0, 0, 0, 0, 0, 0, 0, 0, 0, 304, 0, 0, 0, 0, 0, 0, 0, 0, 0, 0, 0, 0, 0, 0, 0, 3, 49, 356
"c:\Users\Marlowe\Desktop\ProjectBible\apps\pwa-polished\src\components\EdgeGestureDetector.svelte", "Svelte", 0, 0, 0, 0, 0, 0, 0, 0, 0, 0, 0, 0, 0, 0, 0, 0, 0, 0, 0, 0, 0, 0, 362, 0, 0, 0, 0, 0, 0, 0, 0, 0, 0, 0, 0, 0, 0, 0, 2, 61, 425
"c:\Users\Marlowe\Desktop\ProjectBible\apps\pwa-polished\src\components\EnglishLexicalPacksModal.svelte", "Svelte", 0, 0, 0, 0, 0, 0, 0, 0, 0, 0, 0, 0, 0, 0, 0, 0, 0, 0, 0, 0, 0, 0, 281, 0, 0, 0, 0, 0, 0, 0, 0, 0, 0, 0, 0, 0, 0, 0, 2, 43, 326
"c:\Users\Marlowe\Desktop\ProjectBible\apps\pwa-polished\src\components\HelpModal.svelte", "Svelte", 0, 0, 0, 0, 0, 0, 0, 0, 0, 0, 0, 0, 0, 0, 0, 0, 0, 0, 0, 0, 0, 0, 224, 0, 0, 0, 0, 0, 0, 0, 0, 0, 0, 0, 0, 0, 0, 0, 2, 28, 254
"c:\Users\Marlowe\Desktop\ProjectBible\apps\pwa-polished\src\components\HighlightModal.svelte", "Svelte", 0, 0, 0, 0, 0, 0, 0, 0, 0, 0, 0, 0, 0, 0, 0, 0, 0, 0, 0, 0, 0, 0, 407, 0, 0, 0, 0, 0, 0, 0, 0, 0, 0, 0, 0, 0, 0, 0, 6, 65, 478
"c:\Users\Marlowe\Desktop\ProjectBible\apps\pwa-polished\src\components\JournalNavigationBar.svelte", "Svelte", 0, 0, 0, 0, 0, 0, 0, 0, 0, 0, 0, 0, 0, 0, 0, 0, 0, 0, 0, 0, 0, 0, 152, 0, 0, 0, 0, 0, 0, 0, 0, 0, 0, 0, 0, 0, 0, 0, 0, 25, 177
"c:\Users\Marlowe\Desktop\ProjectBible\apps\pwa-polished\src\components\JournalWriter.svelte", "Svelte", 0, 0, 0, 0, 0, 0, 0, 0, 0, 0, 0, 0, 0, 0, 0, 0, 0, 0, 0, 0, 0, 0, 218, 0, 0, 0, 0, 0, 0, 0, 0, 0, 0, 0, 0, 0, 0, 0, 0, 33, 251
"c:\Users\Marlowe\Desktop\ProjectBible\apps\pwa-polished\src\components\LexicalModal.svelte", "Svelte", 0, 0, 0, 0, 0, 0, 0, 0, 0, 0, 0, 0, 0, 0, 0, 0, 0, 0, 0, 0, 0, 0, 1179, 0, 0, 0, 0, 0, 0, 0, 0, 0, 0, 0, 0, 0, 0, 0, 6, 143, 1328
"c:\Users\Marlowe\Desktop\ProjectBible\apps\pwa-polished\src\components\MapPane.svelte", "Svelte", 0, 0, 0, 0, 0, 0, 0, 0, 0, 0, 0, 0, 0, 0, 0, 0, 0, 0, 0, 0, 0, 0, 625, 0, 0, 0, 0, 0, 0, 0, 0, 0, 0, 0, 0, 0, 0, 0, 0, 91, 716
"c:\Users\Marlowe\Desktop\ProjectBible\apps\pwa-polished\src\components\NavigationBar.svelte", "Svelte", 0, 0, 0, 0, 0, 0, 0, 0, 0, 0, 0, 0, 0, 0, 0, 0, 0, 0, 0, 0, 0, 0, 2001, 0, 0, 0, 0, 0, 0, 0, 0, 0, 0, 0, 0, 0, 0, 0, 11, 241, 2253
"c:\Users\Marlowe\Desktop\ProjectBible\apps\pwa-polished\src\components\NotePopup.svelte", "Svelte", 0, 0, 0, 0, 0, 0, 0, 0, 0, 0, 0, 0, 0, 0, 0, 0, 0, 0, 0, 0, 0, 0, 379, 0, 0, 0, 0, 0, 0, 0, 0, 0, 0, 0, 0, 0, 0, 0, 5, 48, 432
"c:\Users\Marlowe\Desktop\ProjectBible\apps\pwa-polished\src\components\Pane.svelte", "Svelte", 0, 0, 0, 0, 0, 0, 0, 0, 0, 0, 0, 0, 0, 0, 0, 0, 0, 0, 0, 0, 0, 0, 174, 0, 0, 0, 0, 0, 0, 0, 0, 0, 0, 0, 0, 0, 0, 0, 5, 33, 212
"c:\Users\Marlowe\Desktop\ProjectBible\apps\pwa-polished\src\components\PaneContainer.svelte", "Svelte", 0, 0, 0, 0, 0, 0, 0, 0, 0, 0, 0, 0, 0, 0, 0, 0, 0, 0, 0, 0, 0, 0, 11, 0, 0, 0, 0, 0, 0, 0, 0, 0, 0, 0, 0, 0, 0, 0, 0, 4, 15
"c:\Users\Marlowe\Desktop\ProjectBible\apps\pwa-polished\src\components\PowerSearchModal.svelte", "Svelte", 0, 0, 0, 0, 0, 0, 0, 0, 0, 0, 0, 0, 0, 0, 0, 0, 0, 0, 0, 0, 0, 0, 1240, 0, 0, 0, 0, 0, 0, 0, 0, 0, 0, 0, 0, 0, 0, 0, 16, 174, 1430
"c:\Users\Marlowe\Desktop\ProjectBible\apps\pwa-polished\src\components\ProfileModal.svelte", "Svelte", 0, 0, 0, 0, 0, 0, 0, 0, 0, 0, 0, 0, 0, 0, 0, 0, 0, 0, 0, 0, 0, 0, 868, 0, 0, 0, 0, 0, 0, 0, 0, 0, 0, 0, 0, 0, 0, 0, 4, 97, 969
"c:\Users\Marlowe\Desktop\ProjectBible\apps\pwa-polished\src\components\ProgressModal.svelte", "Svelte", 0, 0, 0, 0, 0, 0, 0, 0, 0, 0, 0, 0, 0, 0, 0, 0, 0, 0, 0, 0, 0, 0, 130, 0, 0, 0, 0, 0, 0, 0, 0, 0, 0, 0, 0, 0, 0, 0, 1, 24, 155
"c:\Users\Marlowe\Desktop\ProjectBible\apps\pwa-polished\src\components\ReadingPlanModal.svelte", "Svelte", 0, 0, 0, 0, 0, 0, 0, 0, 0, 0, 0, 0, 0, 0, 0, 0, 0, 0, 0, 0, 0, 0, 2734, 0, 0, 0, 0, 0, 0, 0, 0, 0, 0, 0, 0, 0, 0, 0, 10, 281, 3025
"c:\Users\Marlowe\Desktop\ProjectBible\apps\pwa-polished\src\components\SelectionToast.svelte", "Svelte", 0, 0, 0, 0, 0, 0, 0, 0, 0, 0, 0, 0, 0, 0, 0, 0, 0, 0, 0, 0, 0, 0, 125, 0, 0, 0, 0, 0, 0, 0, 0, 0, 0, 0, 0, 0, 0, 0, 2, 21, 148
"c:\Users\Marlowe\Desktop\ProjectBible\apps\pwa-polished\src\components\UnifiedSearch.svelte", "Svelte", 0, 0, 0, 0, 0, 0, 0, 0, 0, 0, 0, 0, 0, 0, 0, 0, 0, 0, 0, 0, 0, 0, 155, 0, 0, 0, 0, 0, 0, 0, 0, 0, 0, 0, 0, 0, 0, 0, 0, 23, 178
"c:\Users\Marlowe\Desktop\ProjectBible\apps\pwa-polished\src\components\Window.svelte", "Svelte", 0, 0, 0, 0, 0, 0, 0, 0, 0, 0, 0, 0, 0, 0, 0, 0, 0, 0, 0, 0, 0, 0, 261, 0, 0, 0, 0, 0, 0, 0, 0, 0, 0, 0, 0, 0, 0, 0, 3, 45, 309
"c:\Users\Marlowe\Desktop\ProjectBible\apps\pwa-polished\src\components\WindowContainer.svelte", "Svelte", 0, 0, 0, 0, 0, 0, 0, 0, 0, 0, 0, 0, 0, 0, 0, 0, 0, 0, 0, 0, 0, 0, 202, 0, 0, 0, 0, 0, 0, 0, 0, 0, 0, 0, 0, 0, 0, 0, 5, 19, 226
"c:\Users\Marlowe\Desktop\ProjectBible\apps\pwa-polished\src\components\WindowContentSelector.svelte", "Svelte", 0, 0, 0, 0, 0, 0, 0, 0, 0, 0, 0, 0, 0, 0, 0, 0, 0, 0, 0, 0, 0, 0, 157, 0, 0, 0, 0, 0, 0, 0, 0, 0, 0, 0, 0, 0, 0, 0, 0, 27, 184
"c:\Users\Marlowe\Desktop\ProjectBible\apps\pwa-polished\src\components\panes\MapPane.svelte", "Svelte", 0, 0, 0, 0, 0, 0, 0, 0, 0, 0, 0, 0, 0, 0, 0, 0, 0, 0, 0, 0, 0, 0, 41, 0, 0, 0, 0, 0, 0, 0, 0, 0, 0, 0, 0, 0, 0, 0, 0, 8, 49
"c:\Users\Marlowe\Desktop\ProjectBible\apps\pwa-polished\src\components\panes\PacksPane.svelte", "Svelte", 0, 0, 0, 0, 0, 0, 0, 0, 0, 0, 0, 0, 0, 0, 0, 0, 0, 0, 0, 0, 0, 0, 820, 0, 0, 0, 0, 0, 0, 0, 0, 0, 0, 0, 0, 0, 0, 0, 6, 115, 941
"c:\Users\Marlowe\Desktop\ProjectBible\apps\pwa-polished\src\components\panes\SearchPane.svelte", "Svelte", 0, 0, 0, 0, 0, 0, 0, 0, 0, 0, 0, 0, 0, 0, 0, 0, 0, 0, 0, 0, 0, 0, 97, 0, 0, 0, 0, 0, 0, 0, 0, 0, 0, 0, 0, 0, 0, 0, 0, 18, 115
"c:\Users\Marlowe\Desktop\ProjectBible\apps\pwa-polished\src\components\panes\SettingsPane.svelte", "Svelte", 0, 0, 0, 0, 0, 0, 0, 0, 0, 0, 0, 0, 0, 0, 0, 0, 0, 0, 0, 0, 0, 0, 509, 0, 0, 0, 0, 0, 0, 0, 0, 0, 0, 0, 0, 0, 0, 0, 2, 72, 583
"c:\Users\Marlowe\Desktop\ProjectBible\apps\pwa-polished\src\config.ts", "TypeScript", 0, 0, 0, 0, 0, 0, 33, 0, 0, 0, 0, 0, 0, 0, 0, 0, 0, 0, 0, 0, 0, 0, 0, 0, 0, 0, 0, 0, 0, 0, 0, 0, 0, 0, 0, 0, 0, 0, 14, 10, 57
"c:\Users\Marlowe\Desktop\ProjectBible\apps\pwa-polished\src\data\robertson-harmony.json", "JSON", 0, 0, 6992, 0, 0, 0, 0, 0, 0, 0, 0, 0, 0, 0, 0, 0, 0, 0, 0, 0, 0, 0, 0, 0, 0, 0, 0, 0, 0, 0, 0, 0, 0, 0, 0, 0, 0, 0, 0, 0, 6992
"c:\Users\Marlowe\Desktop\ProjectBible\apps\pwa-polished\src\lib\adapters.ts", "TypeScript", 0, 0, 0, 0, 0, 0, 3, 0, 0, 0, 0, 0, 0, 0, 0, 0, 0, 0, 0, 0, 0, 0, 0, 0, 0, 0, 0, 0, 0, 0, 0, 0, 0, 0, 0, 0, 0, 0, 4, 2, 9
"c:\Users\Marlowe\Desktop\ProjectBible\apps\pwa-polished\src\lib\annotationConfig.ts", "TypeScript", 0, 0, 0, 0, 0, 0, 31, 0, 0, 0, 0, 0, 0, 0, 0, 0, 0, 0, 0, 0, 0, 0, 0, 0, 0, 0, 0, 0, 0, 0, 0, 0, 0, 0, 0, 0, 0, 0, 5, 7, 43
"c:\Users\Marlowe\Desktop\ProjectBible\apps\pwa-polished\src\lib\bibleData.ts", "TypeScript", 0, 0, 0, 0, 0, 0, 129, 0, 0, 0, 0, 0, 0, 0, 0, 0, 0, 0, 0, 0, 0, 0, 0, 0, 0, 0, 0, 0, 0, 0, 0, 0, 0, 0, 0, 0, 0, 0, 31, 23, 183
"c:\Users\Marlowe\Desktop\ProjectBible\apps\pwa-polished\src\lib\bootstrap-loader.ts", "TypeScript", 0, 0, 0, 0, 0, 0, 110, 0, 0, 0, 0, 0, 0, 0, 0, 0, 0, 0, 0, 0, 0, 0, 0, 0, 0, 0, 0, 0, 0, 0, 0, 0, 0, 0, 0, 0, 0, 0, 33, 30, 173
"c:\Users\Marlowe\Desktop\ProjectBible\apps\pwa-polished\src\lib\components\LexicalEditor.svelte", "Svelte", 0, 0, 0, 0, 0, 0, 0, 0, 0, 0, 0, 0, 0, 0, 0, 0, 0, 0, 0, 0, 0, 0, 400, 0, 0, 0, 0, 0, 0, 0, 0, 0, 0, 0, 0, 0, 0, 0, 6, 54, 460
"c:\Users\Marlowe\Desktop\ProjectBible\apps\pwa-polished\src\lib\highlightRenderer.ts", "TypeScript", 0, 0, 0, 0, 0, 0, 218, 0, 0, 0, 0, 0, 0, 0, 0, 0, 0, 0, 0, 0, 0, 0, 0, 0, 0, 0, 0, 0, 0, 0, 0, 0, 0, 0, 0, 0, 0, 0, 96, 39, 353
"c:\Users\Marlowe\Desktop\ProjectBible\apps\pwa-polished\src\lib\lru-cache.ts", "TypeScript", 0, 0, 0, 0, 0, 0, 38, 0, 0, 0, 0, 0, 0, 0, 0, 0, 0, 0, 0, 0, 0, 0, 0, 0, 0, 0, 0, 0, 0, 0, 0, 0, 0, 0, 0, 0, 0, 0, 11, 13, 62
"c:\Users\Marlowe\Desktop\ProjectBible\apps\pwa-polished\src\lib\pack-init.ts", "TypeScript", 0, 0, 0, 0, 0, 0, 318, 0, 0, 0, 0, 0, 0, 0, 0, 0, 0, 0, 0, 0, 0, 0, 0, 0, 0, 0, 0, 0, 0, 0, 0, 0, 0, 0, 0, 0, 0, 0, 115, 49, 482
"c:\Users\Marlowe\Desktop\ProjectBible\apps\pwa-polished\src\lib\pack-triggers.ts", "TypeScript", 0, 0, 0, 0, 0, 0, 73, 0, 0, 0, 0, 0, 0, 0, 0, 0, 0, 0, 0, 0, 0, 0, 0, 0, 0, 0, 0, 0, 0, 0, 0, 0, 0, 0, 0, 0, 0, 0, 36, 24, 133
"c:\Users\Marlowe\Desktop\ProjectBible\apps\pwa-polished\src\lib\parseRefString.ts", "TypeScript", 0, 0, 0, 0, 0, 0, 108, 0, 0, 0, 0, 0, 0, 0, 0, 0, 0, 0, 0, 0, 0, 0, 0, 0, 0, 0, 0, 0, 0, 0, 0, 0, 0, 0, 0, 0, 0, 0, 94, 8, 210
"c:\Users\Marlowe\Desktop\ProjectBible\apps\pwa-polished\src\lib\progressive-init.ts", "TypeScript", 0, 0, 0, 0, 0, 0, 118, 0, 0, 0, 0, 0, 0, 0, 0, 0, 0, 0, 0, 0, 0, 0, 0, 0, 0, 0, 0, 0, 0, 0, 0, 0, 0, 0, 0, 0, 0, 0, 30, 21, 169
"c:\Users\Marlowe\Desktop\ProjectBible\apps\pwa-polished\src\lib\services\searchService.ts", "TypeScript", 0, 0, 0, 0, 0, 0, 94, 0, 0, 0, 0, 0, 0, 0, 0, 0, 0, 0, 0, 0, 0, 0, 0, 0, 0, 0, 0, 0, 0, 0, 0, 0, 0, 0, 0, 0, 0, 0, 13, 22, 129
"c:\Users\Marlowe\Desktop\ProjectBible\apps\pwa-polished\src\lib\stores\windowStore.ts", "TypeScript", 0, 0, 0, 0, 0, 0, 151, 0, 0, 0, 0, 0, 0, 0, 0, 0, 0, 0, 0, 0, 0, 0, 0, 0, 0, 0, 0, 0, 0, 0, 0, 0, 0, 0, 0, 0, 0, 0, 7, 28, 186
"c:\Users\Marlowe\Desktop\ProjectBible\apps\pwa-polished\src\lib\supabase\client.ts", "TypeScript", 0, 0, 0, 0, 0, 0, 4, 0, 0, 0, 0, 0, 0, 0, 0, 0, 0, 0, 0, 0, 0, 0, 0, 0, 0, 0, 0, 0, 0, 0, 0, 0, 0, 0, 0, 0, 0, 0, 0, 3, 7
"c:\Users\Marlowe\Desktop\ProjectBible\apps\pwa-polished\src\lib\supabase\userSettings.ts", "TypeScript", 0, 0, 0, 0, 0, 0, 26, 0, 0, 0, 0, 0, 0, 0, 0, 0, 0, 0, 0, 0, 0, 0, 0, 0, 0, 0, 0, 0, 0, 0, 0, 0, 0, 0, 0, 0, 0, 0, 0, 7, 33
"c:\Users\Marlowe\Desktop\ProjectBible\apps\pwa-polished\src\lib\sync\RealtimeService.ts", "TypeScript", 0, 0, 0, 0, 0, 0, 89, 0, 0, 0, 0, 0, 0, 0, 0, 0, 0, 0, 0, 0, 0, 0, 0, 0, 0, 0, 0, 0, 0, 0, 0, 0, 0, 0, 0, 0, 0, 0, 21, 17, 127
"c:\Users\Marlowe\Desktop\ProjectBible\apps\pwa-polished\src\lib\sync\SyncQueueService.ts", "TypeScript", 0, 0, 0, 0, 0, 0, 145, 0, 0, 0, 0, 0, 0, 0, 0, 0, 0, 0, 0, 0, 0, 0, 0, 0, 0, 0, 0, 0, 0, 0, 0, 0, 0, 0, 0, 0, 0, 0, 31, 30, 206
"c:\Users\Marlowe\Desktop\ProjectBible\apps\pwa-polished\src\lib\sync\SyncService.ts", "TypeScript", 0, 0, 0, 0, 0, 0, 189, 0, 0, 0, 0, 0, 0, 0, 0, 0, 0, 0, 0, 0, 0, 0, 0, 0, 0, 0, 0, 0, 0, 0, 0, 0, 0, 0, 0, 0, 0, 0, 47, 43, 279
"c:\Users\Marlowe\Desktop\ProjectBible\apps\pwa-polished\src\lib\sync\conflictResolver.ts", "TypeScript", 0, 0, 0, 0, 0, 0, 19, 0, 0, 0, 0, 0, 0, 0, 0, 0, 0, 0, 0, 0, 0, 0, 0, 0, 0, 0, 0, 0, 0, 0, 0, 0, 0, 0, 0, 0, 0, 0, 13, 7, 39
"c:\Users\Marlowe\Desktop\ProjectBible\apps\pwa-polished\src\lib\sync\index.ts", "TypeScript", 0, 0, 0, 0, 0, 0, 11, 0, 0, 0, 0, 0, 0, 0, 0, 0, 0, 0, 0, 0, 0, 0, 0, 0, 0, 0, 0, 0, 0, 0, 0, 0, 0, 0, 0, 0, 0, 0, 3, 2, 16
"c:\Users\Marlowe\Desktop\ProjectBible\apps\pwa-polished\src\lib\sync\types.ts", "TypeScript", 0, 0, 0, 0, 0, 0, 30, 0, 0, 0, 0, 0, 0, 0, 0, 0, 0, 0, 0, 0, 0, 0, 0, 0, 0, 0, 0, 0, 0, 0, 0, 0, 0, 0, 0, 0, 0, 0, 3, 7, 40
"c:\Users\Marlowe\Desktop\ProjectBible\apps\pwa-polished\src\lib\verseRendering.ts", "TypeScript", 0, 0, 0, 0, 0, 0, 137, 0, 0, 0, 0, 0, 0, 0, 0, 0, 0, 0, 0, 0, 0, 0, 0, 0, 0, 0, 0, 0, 0, 0, 0, 0, 0, 0, 0, 0, 0, 0, 12, 33, 182
"c:\Users\Marlowe\Desktop\ProjectBible\apps\pwa-polished\src\main.ts", "TypeScript", 0, 0, 0, 0, 0, 0, 92, 0, 0, 0, 0, 0, 0, 0, 0, 0, 0, 0, 0, 0, 0, 0, 0, 0, 0, 0, 0, 0, 0, 0, 0, 0, 0, 0, 0, 0, 0, 0, 13, 25, 130
"c:\Users\Marlowe\Desktop\ProjectBible\apps\pwa-polished\src\services\SupabaseAuthService.ts", "TypeScript", 0, 0, 0, 0, 0, 0, 55, 0, 0, 0, 0, 0, 0, 0, 0, 0, 0, 0, 0, 0, 0, 0, 0, 0, 0, 0, 0, 0, 0, 0, 0, 0, 0, 0, 0, 0, 0, 0, 0, 12, 67
"c:\Users\Marlowe\Desktop\ProjectBible\apps\pwa-polished\src\sql.js.d.ts", "TypeScript", 0, 0, 0, 0, 0, 0, 25, 0, 0, 0, 0, 0, 0, 0, 0, 0, 0, 0, 0, 0, 0, 0, 0, 0, 0, 0, 0, 0, 0, 0, 0, 0, 0, 0, 0, 0, 0, 0, 1, 5, 31
"c:\Users\Marlowe\Desktop\ProjectBible\apps\pwa-polished\src\stores\PlanMetadataStore.ts", "TypeScript", 0, 0, 0, 0, 0, 0, 89, 0, 0, 0, 0, 0, 0, 0, 0, 0, 0, 0, 0, 0, 0, 0, 0, 0, 0, 0, 0, 0, 0, 0, 0, 0, 0, 0, 0, 0, 0, 0, 0, 15, 104
"c:\Users\Marlowe\Desktop\ProjectBible\apps\pwa-polished\src\stores\ReadingProgressStore.ts", "TypeScript", 0, 0, 0, 0, 0, 0, 356, 0, 0, 0, 0, 0, 0, 0, 0, 0, 0, 0, 0, 0, 0, 0, 0, 0, 0, 0, 0, 0, 0, 0, 0, 0, 0, 0, 0, 0, 0, 0, 24, 58, 438
"c:\Users\Marlowe\Desktop\ProjectBible\apps\pwa-polished\src\stores\clockStore.ts", "TypeScript", 0, 0, 0, 0, 0, 0, 50, 0, 0, 0, 0, 0, 0, 0, 0, 0, 0, 0, 0, 0, 0, 0, 0, 0, 0, 0, 0, 0, 0, 0, 0, 0, 0, 0, 0, 0, 0, 0, 38, 14, 102
"c:\Users\Marlowe\Desktop\ProjectBible\apps\pwa-polished\src\stores\harmonyNavStore.ts", "TypeScript", 0, 0, 0, 0, 0, 0, 1, 0, 0, 0, 0, 0, 0, 0, 0, 0, 0, 0, 0, 0, 0, 0, 0, 0, 0, 0, 0, 0, 0, 0, 0, 0, 0, 0, 0, 0, 0, 0, 4, 1, 6
"c:\Users\Marlowe\Desktop\ProjectBible\apps\pwa-polished\src\stores\lexicalModalStore.ts", "TypeScript", 0, 0, 0, 0, 0, 0, 37, 0, 0, 0, 0, 0, 0, 0, 0, 0, 0, 0, 0, 0, 0, 0, 0, 0, 0, 0, 0, 0, 0, 0, 0, 0, 0, 0, 0, 0, 0, 0, 0, 5, 42
"c:\Users\Marlowe\Desktop\ProjectBible\apps\pwa-polished\src\stores\navigationStore.ts", "TypeScript", 0, 0, 0, 0, 0, 0, 144, 0, 0, 0, 0, 0, 0, 0, 0, 0, 0, 0, 0, 0, 0, 0, 0, 0, 0, 0, 0, 0, 0, 0, 0, 0, 0, 0, 0, 0, 0, 0, 5, 13, 162
"c:\Users\Marlowe\Desktop\ProjectBible\apps\pwa-polished\src\stores\paneStore.ts", "TypeScript", 0, 0, 0, 0, 0, 0, 57, 0, 0, 0, 0, 0, 0, 0, 0, 0, 0, 0, 0, 0, 0, 0, 0, 0, 0, 0, 0, 0, 0, 0, 0, 0, 0, 0, 0, 0, 0, 0, 0, 13, 70
"c:\Users\Marlowe\Desktop\ProjectBible\apps\pwa-polished\src\stores\profileModalStore.ts", "TypeScript", 0, 0, 0, 0, 0, 0, 11, 0, 0, 0, 0, 0, 0, 0, 0, 0, 0, 0, 0, 0, 0, 0, 0, 0, 0, 0, 0, 0, 0, 0, 0, 0, 0, 0, 0, 0, 0, 0, 0, 4, 15
"c:\Users\Marlowe\Desktop\ProjectBible\apps\pwa-polished\src\stores\readingPlanModalStore.ts", "TypeScript", 0, 0, 0, 0, 0, 0, 11, 0, 0, 0, 0, 0, 0, 0, 0, 0, 0, 0, 0, 0, 0, 0, 0, 0, 0, 0, 0, 0, 0, 0, 0, 0, 0, 0, 0, 0, 0, 0, 0, 4, 15
"c:\Users\Marlowe\Desktop\ProjectBible\apps\pwa-polished\src\stores\readingSessionStore.ts", "TypeScript", 0, 0, 0, 0, 0, 0, 46, 0, 0, 0, 0, 0, 0, 0, 0, 0, 0, 0, 0, 0, 0, 0, 0, 0, 0, 0, 0, 0, 0, 0, 0, 0, 0, 0, 0, 0, 0, 0, 6, 12, 64
"c:\Users\Marlowe\Desktop\ProjectBible\apps\pwa-polished\src\stores\searchStore.ts", "TypeScript", 0, 0, 0, 0, 0, 0, 3, 0, 0, 0, 0, 0, 0, 0, 0, 0, 0, 0, 0, 0, 0, 0, 0, 0, 0, 0, 0, 0, 0, 0, 0, 0, 0, 0, 0, 0, 0, 0, 0, 2, 5
"c:\Users\Marlowe\Desktop\ProjectBible\apps\pwa-polished\src\stores\userProfileStore.ts", "TypeScript", 0, 0, 0, 0, 0, 0, 33, 0, 0, 0, 0, 0, 0, 0, 0, 0, 0, 0, 0, 0, 0, 0, 0, 0, 0, 0, 0, 0, 0, 0, 0, 0, 0, 0, 0, 0, 0, 0, 0, 6, 39
"c:\Users\Marlowe\Desktop\ProjectBible\apps\pwa-polished\supabase-setup.sql", "MS SQL", 0, 0, 0, 209, 0, 0, 0, 0, 0, 0, 0, 0, 0, 0, 0, 0, 0, 0, 0, 0, 0, 0, 0, 0, 0, 0, 0, 0, 0, 0, 0, 0, 0, 0, 0, 0, 0, 0, 18, 17, 244
"c:\Users\Marlowe\Desktop\ProjectBible\apps\pwa-polished\svelte.config.js", "JavaScript", 0, 0, 0, 0, 0, 0, 0, 0, 0, 0, 0, 0, 0, 4, 0, 0, 0, 0, 0, 0, 0, 0, 0, 0, 0, 0, 0, 0, 0, 0, 0, 0, 0, 0, 0, 0, 0, 0, 0, 2, 6
"c:\Users\Marlowe\Desktop\ProjectBible\apps\pwa-polished\test-lexical.html", "HTML", 0, 0, 0, 0, 0, 226, 0, 0, 0, 0, 0, 0, 0, 0, 0, 0, 0, 0, 0, 0, 0, 0, 0, 0, 0, 0, 0, 0, 0, 0, 0, 0, 0, 0, 0, 0, 0, 0, 0, 34, 260
"c:\Users\Marlowe\Desktop\ProjectBible\apps\pwa-polished\tsconfig.json", "JSON with Comments", 0, 20, 0, 0, 0, 0, 0, 0, 0, 0, 0, 0, 0, 0, 0, 0, 0, 0, 0, 0, 0, 0, 0, 0, 0, 0, 0, 0, 0, 0, 0, 0, 0, 0, 0, 0, 0, 0, 2, 3, 25
"c:\Users\Marlowe\Desktop\ProjectBible\apps\pwa-polished\vite.config.ts", "TypeScript", 0, 0, 0, 0, 0, 0, 206, 0, 0, 0, 0, 0, 0, 0, 0, 0, 0, 0, 0, 0, 0, 0, 0, 0, 0, 0, 0, 0, 0, 0, 0, 0, 0, 0, 0, 0, 0, 0, 13, 26, 245
"c:\Users\Marlowe\Desktop\ProjectBible\apps\pwa\index.html", "HTML", 0, 0, 0, 0, 0, 130, 0, 0, 0, 0, 0, 0, 0, 0, 0, 0, 0, 0, 0, 0, 0, 0, 0, 0, 0, 0, 0, 0, 0, 0, 0, 0, 0, 0, 0, 0, 0, 0, 0, 5, 135
"c:\Users\Marlowe\Desktop\ProjectBible\apps\pwa\package.json", "JSON", 0, 0, 25, 0, 0, 0, 0, 0, 0, 0, 0, 0, 0, 0, 0, 0, 0, 0, 0, 0, 0, 0, 0, 0, 0, 0, 0, 0, 0, 0, 0, 0, 0, 0, 0, 0, 0, 0, 0, 1, 26
"c:\Users\Marlowe\Desktop\ProjectBible\apps\pwa\public\sql-wasm.wasm", "WebAssembly Text Format", 0, 0, 0, 0, 0, 0, 0, 0, 0, 0, 0, 0, 0, 0, 0, 0, 0, 0, 0, 0, 0, 0, 0, 0, 0, 14676, 0, 0, 0, 0, 0, 0, 0, 0, 0, 0, 0, 0, 0, 171, 14847
"c:\Users\Marlowe\Desktop\ProjectBible\apps\pwa\src\MapViewerPane.ts", "TypeScript", 0, 0, 0, 0, 0, 0, 283, 0, 0, 0, 0, 0, 0, 0, 0, 0, 0, 0, 0, 0, 0, 0, 0, 0, 0, 0, 0, 0, 0, 0, 0, 0, 0, 0, 0, 0, 0, 0, 89, 72, 444
"c:\Users\Marlowe\Desktop\ProjectBible\apps\pwa\src\adapters\CommentaryStore.ts", "TypeScript", 0, 0, 0, 0, 0, 0, 71, 0, 0, 0, 0, 0, 0, 0, 0, 0, 0, 0, 0, 0, 0, 0, 0, 0, 0, 0, 0, 0, 0, 0, 0, 0, 0, 0, 0, 0, 0, 0, 10, 12, 93
"c:\Users\Marlowe\Desktop\ProjectBible\apps\pwa\src\adapters\CrossReferenceStore.ts", "TypeScript", 0, 0, 0, 0, 0, 0, 120, 0, 0, 0, 0, 0, 0, 0, 0, 0, 0, 0, 0, 0, 0, 0, 0, 0, 0, 0, 0, 0, 0, 0, 0, 0, 0, 0, 0, 0, 0, 0, 18, 28, 166
"c:\Users\Marlowe\Desktop\ProjectBible\apps\pwa\src\adapters\LexiconStore.ts", "TypeScript", 0, 0, 0, 0, 0, 0, 155, 0, 0, 0, 0, 0, 0, 0, 0, 0, 0, 0, 0, 0, 0, 0, 0, 0, 0, 0, 0, 0, 0, 0, 0, 0, 0, 0, 0, 0, 0, 0, 37, 30, 222
"c:\Users\Marlowe\Desktop\ProjectBible\apps\pwa\src\adapters\MapStore.ts", "TypeScript", 0, 0, 0, 0, 0, 0, 147, 0, 0, 0, 0, 0, 0, 0, 0, 0, 0, 0, 0, 0, 0, 0, 0, 0, 0, 0, 0, 0, 0, 0, 0, 0, 0, 0, 0, 0, 0, 0, 4, 31, 182
"c:\Users\Marlowe\Desktop\ProjectBible\apps\pwa\src\adapters\PackManager.ts", "TypeScript", 0, 0, 0, 0, 0, 0, 88, 0, 0, 0, 0, 0, 0, 0, 0, 0, 0, 0, 0, 0, 0, 0, 0, 0, 0, 0, 0, 0, 0, 0, 0, 0, 0, 0, 0, 0, 0, 0, 4, 19, 111
"c:\Users\Marlowe\Desktop\ProjectBible\apps\pwa\src\adapters\PlaceStore.ts", "TypeScript", 0, 0, 0, 0, 0, 0, 159, 0, 0, 0, 0, 0, 0, 0, 0, 0, 0, 0, 0, 0, 0, 0, 0, 0, 0, 0, 0, 0, 0, 0, 0, 0, 0, 0, 0, 0, 0, 0, 40, 36, 235
"c:\Users\Marlowe\Desktop\ProjectBible\apps\pwa\src\adapters\ReadingHistoryStore.ts", "TypeScript", 0, 0, 0, 0, 0, 0, 304, 0, 0, 0, 0, 0, 0, 0, 0, 0, 0, 0, 0, 0, 0, 0, 0, 0, 0, 0, 0, 0, 0, 0, 0, 0, 0, 0, 0, 0, 0, 0, 70, 71, 445
"c:\Users\Marlowe\Desktop\ProjectBible\apps\pwa\src\adapters\SearchIndex.ts", "TypeScript", 0, 0, 0, 0, 0, 0, 97, 0, 0, 0, 0, 0, 0, 0, 0, 0, 0, 0, 0, 0, 0, 0, 0, 0, 0, 0, 0, 0, 0, 0, 0, 0, 0, 0, 0, 0, 0, 0, 26, 28, 151
"c:\Users\Marlowe\Desktop\ProjectBible\apps\pwa\src\adapters\TextStore.ts", "TypeScript", 0, 0, 0, 0, 0, 0, 183, 0, 0, 0, 0, 0, 0, 0, 0, 0, 0, 0, 0, 0, 0, 0, 0, 0, 0, 0, 0, 0, 0, 0, 0, 0, 0, 0, 0, 0, 0, 0, 7, 37, 227
"c:\Users\Marlowe\Desktop\ProjectBible\apps\pwa\src\adapters\UserDataStore.ts", "TypeScript", 0, 0, 0, 0, 0, 0, 237, 0, 0, 0, 0, 0, 0, 0, 0, 0, 0, 0, 0, 0, 0, 0, 0, 0, 0, 0, 0, 0, 0, 0, 0, 0, 0, 0, 0, 0, 0, 0, 15, 55, 307
"c:\Users\Marlowe\Desktop\ProjectBible\apps\pwa\src\adapters\db-manager.ts", "TypeScript", 0, 0, 0, 0, 0, 0, 204, 0, 0, 0, 0, 0, 0, 0, 0, 0, 0, 0, 0, 0, 0, 0, 0, 0, 0, 0, 0, 0, 0, 0, 0, 0, 0, 0, 0, 0, 0, 0, 32, 36, 272
"c:\Users\Marlowe\Desktop\ProjectBible\apps\pwa\src\adapters\db.ts", "TypeScript", 0, 0, 0, 0, 0, 0, 400, 0, 0, 0, 0, 0, 0, 0, 0, 0, 0, 0, 0, 0, 0, 0, 0, 0, 0, 0, 0, 0, 0, 0, 0, 0, 0, 0, 0, 0, 0, 0, 57, 64, 521
"c:\Users\Marlowe\Desktop\ProjectBible\apps\pwa\src\adapters\index.ts", "TypeScript", 0, 0, 0, 0, 0, 0, 54, 0, 0, 0, 0, 0, 0, 0, 0, 0, 0, 0, 0, 0, 0, 0, 0, 0, 0, 0, 0, 0, 0, 0, 0, 0, 0, 0, 0, 0, 0, 0, 7, 5, 66
"c:\Users\Marlowe\Desktop\ProjectBible\apps\pwa\src\adapters\pack-import.ts", "TypeScript", 0, 0, 0, 0, 0, 0, 576, 0, 0, 0, 0, 0, 0, 0, 0, 0, 0, 0, 0, 0, 0, 0, 0, 0, 0, 0, 0, 0, 0, 0, 0, 0, 0, 0, 0, 0, 0, 0, 57, 116, 749
"c:\Users\Marlowe\Desktop\ProjectBible\apps\pwa\src\adapters\settings.ts", "TypeScript", 0, 0, 0, 0, 0, 0, 75, 0, 0, 0, 0, 0, 0, 0, 0, 0, 0, 0, 0, 0, 0, 0, 0, 0, 0, 0, 0, 0, 0, 0, 0, 0, 0, 0, 0, 0, 0, 0, 30, 16, 121
"c:\Users\Marlowe\Desktop\ProjectBible\apps\pwa\src\components\DevTools.ts", "TypeScript", 0, 0, 0, 0, 0, 0, 235, 0, 0, 0, 0, 0, 0, 0, 0, 0, 0, 0, 0, 0, 0, 0, 0, 0, 0, 0, 0, 0, 0, 0, 0, 0, 0, 0, 0, 0, 0, 0, 17, 33, 285
"c:\Users\Marlowe\Desktop\ProjectBible\apps\pwa\src\components\PlaceViewer.ts", "TypeScript", 0, 0, 0, 0, 0, 0, 430, 0, 0, 0, 0, 0, 0, 0, 0, 0, 0, 0, 0, 0, 0, 0, 0, 0, 0, 0, 0, 0, 0, 0, 0, 0, 0, 0, 0, 0, 0, 0, 24, 26, 480
"c:\Users\Marlowe\Desktop\ProjectBible\apps\pwa\src\main.ts", "TypeScript", 0, 0, 0, 0, 0, 0, 4211, 0, 0, 0, 0, 0, 0, 0, 0, 0, 0, 0, 0, 0, 0, 0, 0, 0, 0, 0, 0, 0, 0, 0, 0, 0, 0, 0, 0, 0, 0, 0, 378, 686, 5275
"c:\Users\Marlowe\Desktop\ProjectBible\apps\pwa\tsconfig.json", "JSON with Comments", 0, 9, 0, 0, 0, 0, 0, 0, 0, 0, 0, 0, 0, 0, 0, 0, 0, 0, 0, 0, 0, 0, 0, 0, 0, 0, 0, 0, 0, 0, 0, 0, 0, 0, 0, 0, 0, 0, 0, 1, 10
"c:\Users\Marlowe\Desktop\ProjectBible\apps\pwa\vite.config.ts", "TypeScript", 0, 0, 0, 0, 0, 0, 63, 0, 0, 0, 0, 0, 0, 0, 0, 0, 0, 0, 0, 0, 0, 0, 0, 0, 0, 0, 0, 0, 0, 0, 0, 0, 0, 0, 0, 0, 0, 0, 2, 2, 67
"c:\Users\Marlowe\Desktop\ProjectBible\apps\trivcanon\.question_target.json", "JSON", 0, 0, 1, 0, 0, 0, 0, 0, 0, 0, 0, 0, 0, 0, 0, 0, 0, 0, 0, 0, 0, 0, 0, 0, 0, 0, 0, 0, 0, 0, 0, 0, 0, 0, 0, 0, 0, 0, 0, 0, 1
"c:\Users\Marlowe\Desktop\ProjectBible\apps\trivcanon\CORRECTED_URLS.md", "Markdown", 92, 0, 0, 0, 0, 0, 0, 0, 0, 0, 0, 0, 0, 0, 0, 0, 0, 0, 0, 0, 0, 0, 0, 0, 0, 0, 0, 0, 0, 0, 0, 0, 0, 0, 0, 0, 0, 0, 0, 22, 114
"c:\Users\Marlowe\Desktop\ProjectBible\apps\trivcanon\GENERATOR_README.md", "Markdown", 166, 0, 0, 0, 0, 0, 0, 0, 0, 0, 0, 0, 0, 0, 0, 0, 0, 0, 0, 0, 0, 0, 0, 0, 0, 0, 0, 0, 0, 0, 0, 0, 0, 0, 0, 0, 0, 0, 0, 62, 228
"c:\Users\Marlowe\Desktop\ProjectBible\apps\trivcanon\LOGO_IMPLEMENTATION_CHECKLIST.md", "Markdown", 83, 0, 0, 0, 0, 0, 0, 0, 0, 0, 0, 0, 0, 0, 0, 0, 0, 0, 0, 0, 0, 0, 0, 0, 0, 0, 0, 0, 0, 0, 0, 0, 0, 0, 0, 0, 0, 0, 0, 19, 102
"c:\Users\Marlowe\Desktop\ProjectBible\apps\trivcanon\MIGRATION_SUMMARY.md", "Markdown", 124, 0, 0, 0, 0, 0, 0, 0, 0, 0, 0, 0, 0, 0, 0, 0, 0, 0, 0, 0, 0, 0, 0, 0, 0, 0, 0, 0, 0, 0, 0, 0, 0, 0, 0, 0, 0, 0, 0, 35, 159
"c:\Users\Marlowe\Desktop\ProjectBible\apps\trivcanon\README.md", "Markdown", 100, 0, 0, 0, 0, 0, 0, 0, 0, 0, 0, 0, 0, 0, 0, 0, 0, 0, 0, 0, 0, 0, 0, 0, 0, 0, 0, 0, 0, 0, 0, 0, 0, 0, 0, 0, 0, 0, 0, 25, 125
"c:\Users\Marlowe\Desktop\ProjectBible\apps\trivcanon\SHUFFLED_ROTATION_INFO.md", "Markdown", 82, 0, 0, 0, 0, 0, 0, 0, 0, 0, 0, 0, 0, 0, 0, 0, 0, 0, 0, 0, 0, 0, 0, 0, 0, 0, 0, 0, 0, 0, 0, 0, 0, 0, 0, 0, 0, 0, 0, 35, 117
"c:\Users\Marlowe\Desktop\ProjectBible\apps\trivcanon\_backup_questions_before_dedupe\app\public\questions\apostles\easy.json", "JSON", 0, 0, 992, 0, 0, 0, 0, 0, 0, 0, 0, 0, 0, 0, 0, 0, 0, 0, 0, 0, 0, 0, 0, 0, 0, 0, 0, 0, 0, 0, 0, 0, 0, 0, 0, 0, 0, 0, 0, 1, 993
"c:\Users\Marlowe\Desktop\ProjectBible\apps\trivcanon\_backup_questions_before_dedupe\app\public\questions\apostles\hard.json", "JSON", 0, 0, 1080, 0, 0, 0, 0, 0, 0, 0, 0, 0, 0, 0, 0, 0, 0, 0, 0, 0, 0, 0, 0, 0, 0, 0, 0, 0, 0, 0, 0, 0, 0, 0, 0, 0, 0, 0, 0, 1, 1081
"c:\Users\Marlowe\Desktop\ProjectBible\apps\trivcanon\_backup_questions_before_dedupe\app\public\questions\apostles\medium.json", "JSON", 0, 0, 1102, 0, 0, 0, 0, 0, 0, 0, 0, 0, 0, 0, 0, 0, 0, 0, 0, 0, 0, 0, 0, 0, 0, 0, 0, 0, 0, 0, 0, 0, 0, 0, 0, 0, 0, 0, 0, 1, 1103
"c:\Users\Marlowe\Desktop\ProjectBible\apps\trivcanon\_backup_questions_before_dedupe\app\public\questions\battles-conquests\easy.json", "JSON", 0, 0, 1080, 0, 0, 0, 0, 0, 0, 0, 0, 0, 0, 0, 0, 0, 0, 0, 0, 0, 0, 0, 0, 0, 0, 0, 0, 0, 0, 0, 0, 0, 0, 0, 0, 0, 0, 0, 0, 1, 1081
"c:\Users\Marlowe\Desktop\ProjectBible\apps\trivcanon\_backup_questions_before_dedupe\app\public\questions\battles-conquests\hard.json", "JSON", 0, 0, 1102, 0, 0, 0, 0, 0, 0, 0, 0, 0, 0, 0, 0, 0, 0, 0, 0, 0, 0, 0, 0, 0, 0, 0, 0, 0, 0, 0, 0, 0, 0, 0, 0, 0, 0, 0, 0, 1, 1103
"c:\Users\Marlowe\Desktop\ProjectBible\apps\trivcanon\_backup_questions_before_dedupe\app\public\questions\battles-conquests\medium.json", "JSON", 0, 0, 1102, 0, 0, 0, 0, 0, 0, 0, 0, 0, 0, 0, 0, 0, 0, 0, 0, 0, 0, 0, 0, 0, 0, 0, 0, 0, 0, 0, 0, 0, 0, 0, 0, 0, 0, 0, 0, 1, 1103
"c:\Users\Marlowe\Desktop\ProjectBible\apps\trivcanon\_backup_questions_before_dedupe\app\public\questions\creation-origins\easy.json", "JSON", 0, 0, 1080, 0, 0, 0, 0, 0, 0, 0, 0, 0, 0, 0, 0, 0, 0, 0, 0, 0, 0, 0, 0, 0, 0, 0, 0, 0, 0, 0, 0, 0, 0, 0, 0, 0, 0, 0, 0, 1, 1081
"c:\Users\Marlowe\Desktop\ProjectBible\apps\trivcanon\_backup_questions_before_dedupe\app\public\questions\creation-origins\hard.json", "JSON", 0, 0, 1080, 0, 0, 0, 0, 0, 0, 0, 0, 0, 0, 0, 0, 0, 0, 0, 0, 0, 0, 0, 0, 0, 0, 0, 0, 0, 0, 0, 0, 0, 0, 0, 0, 0, 0, 0, 0, 1, 1081
"c:\Users\Marlowe\Desktop\ProjectBible\apps\trivcanon\_backup_questions_before_dedupe\app\public\questions\creation-origins\medium.json", "JSON", 0, 0, 1102, 0, 0, 0, 0, 0, 0, 0, 0, 0, 0, 0, 0, 0, 0, 0, 0, 0, 0, 0, 0, 0, 0, 0, 0, 0, 0, 0, 0, 0, 0, 0, 0, 0, 0, 0, 0, 1, 1103
"c:\Users\Marlowe\Desktop\ProjectBible\apps\trivcanon\_backup_questions_before_dedupe\app\public\questions\festivals-customs\easy.json", "JSON", 0, 0, 1102, 0, 0, 0, 0, 0, 0, 0, 0, 0, 0, 0, 0, 0, 0, 0, 0, 0, 0, 0, 0, 0, 0, 0, 0, 0, 0, 0, 0, 0, 0, 0, 0, 0, 0, 0, 0, 1, 1103
"c:\Users\Marlowe\Desktop\ProjectBible\apps\trivcanon\_backup_questions_before_dedupe\app\public\questions\festivals-customs\hard.json", "JSON", 0, 0, 1102, 0, 0, 0, 0, 0, 0, 0, 0, 0, 0, 0, 0, 0, 0, 0, 0, 0, 0, 0, 0, 0, 0, 0, 0, 0, 0, 0, 0, 0, 0, 0, 0, 0, 0, 0, 0, 1, 1103
"c:\Users\Marlowe\Desktop\ProjectBible\apps\trivcanon\_backup_questions_before_dedupe\app\public\questions\festivals-customs\medium.json", "JSON", 0, 0, 1102, 0, 0, 0, 0, 0, 0, 0, 0, 0, 0, 0, 0, 0, 0, 0, 0, 0, 0, 0, 0, 0, 0, 0, 0, 0, 0, 0, 0, 0, 0, 0, 0, 0, 0, 0, 0, 1, 1103
"c:\Users\Marlowe\Desktop\ProjectBible\apps\trivcanon\_backup_questions_before_dedupe\app\public\questions\journeys-exile\easy.json", "JSON", 0, 0, 1102, 0, 0, 0, 0, 0, 0, 0, 0, 0, 0, 0, 0, 0, 0, 0, 0, 0, 0, 0, 0, 0, 0, 0, 0, 0, 0, 0, 0, 0, 0, 0, 0, 0, 0, 0, 0, 1, 1103
"c:\Users\Marlowe\Desktop\ProjectBible\apps\trivcanon\_backup_questions_before_dedupe\app\public\questions\journeys-exile\hard.json", "JSON", 0, 0, 1102, 0, 0, 0, 0, 0, 0, 0, 0, 0, 0, 0, 0, 0, 0, 0, 0, 0, 0, 0, 0, 0, 0, 0, 0, 0, 0, 0, 0, 0, 0, 0, 0, 0, 0, 0, 0, 1, 1103
"c:\Users\Marlowe\Desktop\ProjectBible\apps\trivcanon\_backup_questions_before_dedupe\app\public\questions\journeys-exile\medium.json", "JSON", 0, 0, 1102, 0, 0, 0, 0, 0, 0, 0, 0, 0, 0, 0, 0, 0, 0, 0, 0, 0, 0, 0, 0, 0, 0, 0, 0, 0, 0, 0, 0, 0, 0, 0, 0, 0, 0, 0, 0, 1, 1103
"c:\Users\Marlowe\Desktop\ProjectBible\apps\trivcanon\_backup_questions_before_dedupe\app\public\questions\kings-rulers\easy.json", "JSON", 0, 0, 1102, 0, 0, 0, 0, 0, 0, 0, 0, 0, 0, 0, 0, 0, 0, 0, 0, 0, 0, 0, 0, 0, 0, 0, 0, 0, 0, 0, 0, 0, 0, 0, 0, 0, 0, 0, 0, 1, 1103
"c:\Users\Marlowe\Desktop\ProjectBible\apps\trivcanon\_backup_questions_before_dedupe\app\public\questions\kings-rulers\hard.json", "JSON", 0, 0, 1102, 0, 0, 0, 0, 0, 0, 0, 0, 0, 0, 0, 0, 0, 0, 0, 0, 0, 0, 0, 0, 0, 0, 0, 0, 0, 0, 0, 0, 0, 0, 0, 0, 0, 0, 0, 0, 1, 1103
"c:\Users\Marlowe\Desktop\ProjectBible\apps\trivcanon\_backup_questions_before_dedupe\app\public\questions\kings-rulers\medium.json", "JSON", 0, 0, 1102, 0, 0, 0, 0, 0, 0, 0, 0, 0, 0, 0, 0, 0, 0, 0, 0, 0, 0, 0, 0, 0, 0, 0, 0, 0, 0, 0, 0, 0, 0, 0, 0, 0, 0, 0, 0, 1, 1103
"c:\Users\Marlowe\Desktop\ProjectBible\apps\trivcanon\_backup_questions_before_dedupe\app\public\questions\miracles\easy.json", "JSON", 0, 0, 1102, 0, 0, 0, 0, 0, 0, 0, 0, 0, 0, 0, 0, 0, 0, 0, 0, 0, 0, 0, 0, 0, 0, 0, 0, 0, 0, 0, 0, 0, 0, 0, 0, 0, 0, 0, 0, 1, 1103
"c:\Users\Marlowe\Desktop\ProjectBible\apps\trivcanon\_backup_questions_before_dedupe\app\public\questions\miracles\hard.json", "JSON", 0, 0, 1102, 0, 0, 0, 0, 0, 0, 0, 0, 0, 0, 0, 0, 0, 0, 0, 0, 0, 0, 0, 0, 0, 0, 0, 0, 0, 0, 0, 0, 0, 0, 0, 0, 0, 0, 0, 0, 1, 1103
"c:\Users\Marlowe\Desktop\ProjectBible\apps\trivcanon\_backup_questions_before_dedupe\app\public\questions\miracles\medium.json", "JSON", 0, 0, 1102, 0, 0, 0, 0, 0, 0, 0, 0, 0, 0, 0, 0, 0, 0, 0, 0, 0, 0, 0, 0, 0, 0, 0, 0, 0, 0, 0, 0, 0, 0, 0, 0, 0, 0, 0, 0, 1, 1103
"c:\Users\Marlowe\Desktop\ProjectBible\apps\trivcanon\_backup_questions_before_dedupe\app\public\questions\parables-teachings\easy.json", "JSON", 0, 0, 1102, 0, 0, 0, 0, 0, 0, 0, 0, 0, 0, 0, 0, 0, 0, 0, 0, 0, 0, 0, 0, 0, 0, 0, 0, 0, 0, 0, 0, 0, 0, 0, 0, 0, 0, 0, 0, 1, 1103
"c:\Users\Marlowe\Desktop\ProjectBible\apps\trivcanon\_backup_questions_before_dedupe\app\public\questions\parables-teachings\hard.json", "JSON", 0, 0, 1102, 0, 0, 0, 0, 0, 0, 0, 0, 0, 0, 0, 0, 0, 0, 0, 0, 0, 0, 0, 0, 0, 0, 0, 0, 0, 0, 0, 0, 0, 0, 0, 0, 0, 0, 0, 0, 1, 1103
"c:\Users\Marlowe\Desktop\ProjectBible\apps\trivcanon\_backup_questions_before_dedupe\app\public\questions\parables-teachings\medium.json", "JSON", 0, 0, 1102, 0, 0, 0, 0, 0, 0, 0, 0, 0, 0, 0, 0, 0, 0, 0, 0, 0, 0, 0, 0, 0, 0, 0, 0, 0, 0, 0, 0, 0, 0, 0, 0, 0, 0, 0, 0, 1, 1103
"c:\Users\Marlowe\Desktop\ProjectBible\apps\trivcanon\_backup_questions_before_dedupe\app\public\questions\prophecy-end-times\easy.json", "JSON", 0, 0, 1102, 0, 0, 0, 0, 0, 0, 0, 0, 0, 0, 0, 0, 0, 0, 0, 0, 0, 0, 0, 0, 0, 0, 0, 0, 0, 0, 0, 0, 0, 0, 0, 0, 0, 0, 0, 0, 1, 1103
"c:\Users\Marlowe\Desktop\ProjectBible\apps\trivcanon\_backup_questions_before_dedupe\app\public\questions\prophecy-end-times\hard.json", "JSON", 0, 0, 398, 0, 0, 0, 0, 0, 0, 0, 0, 0, 0, 0, 0, 0, 0, 0, 0, 0, 0, 0, 0, 0, 0, 0, 0, 0, 0, 0, 0, 0, 0, 0, 0, 0, 0, 0, 0, 1, 399
"c:\Users\Marlowe\Desktop\ProjectBible\apps\trivcanon\_backup_questions_before_dedupe\app\public\questions\prophecy-end-times\medium.json", "JSON", 0, 0, 1102, 0, 0, 0, 0, 0, 0, 0, 0, 0, 0, 0, 0, 0, 0, 0, 0, 0, 0, 0, 0, 0, 0, 0, 0, 0, 0, 0, 0, 0, 0, 0, 0, 0, 0, 0, 0, 1, 1103
"c:\Users\Marlowe\Desktop\ProjectBible\apps\trivcanon\_backup_questions_before_dedupe\app\public\questions\prophets\easy.json", "JSON", 0, 0, 1080, 0, 0, 0, 0, 0, 0, 0, 0, 0, 0, 0, 0, 0, 0, 0, 0, 0, 0, 0, 0, 0, 0, 0, 0, 0, 0, 0, 0, 0, 0, 0, 0, 0, 0, 0, 0, 1, 1081
"c:\Users\Marlowe\Desktop\ProjectBible\apps\trivcanon\_backup_questions_before_dedupe\app\public\questions\prophets\hard.json", "JSON", 0, 0, 1102, 0, 0, 0, 0, 0, 0, 0, 0, 0, 0, 0, 0, 0, 0, 0, 0, 0, 0, 0, 0, 0, 0, 0, 0, 0, 0, 0, 0, 0, 0, 0, 0, 0, 0, 0, 0, 1, 1103
"c:\Users\Marlowe\Desktop\ProjectBible\apps\trivcanon\_backup_questions_before_dedupe\app\public\questions\prophets\medium.json", "JSON", 0, 0, 1102, 0, 0, 0, 0, 0, 0, 0, 0, 0, 0, 0, 0, 0, 0, 0, 0, 0, 0, 0, 0, 0, 0, 0, 0, 0, 0, 0, 0, 0, 0, 0, 0, 0, 0, 0, 0, 1, 1103
"c:\Users\Marlowe\Desktop\ProjectBible\apps\trivcanon\_backup_questions_before_dedupe\app\public\questions\wisdom-psalms\easy.json", "JSON", 0, 0, 1102, 0, 0, 0, 0, 0, 0, 0, 0, 0, 0, 0, 0, 0, 0, 0, 0, 0, 0, 0, 0, 0, 0, 0, 0, 0, 0, 0, 0, 0, 0, 0, 0, 0, 0, 0, 0, 1, 1103
"c:\Users\Marlowe\Desktop\ProjectBible\apps\trivcanon\_backup_questions_before_dedupe\app\public\questions\wisdom-psalms\hard.json", "JSON", 0, 0, 1080, 0, 0, 0, 0, 0, 0, 0, 0, 0, 0, 0, 0, 0, 0, 0, 0, 0, 0, 0, 0, 0, 0, 0, 0, 0, 0, 0, 0, 0, 0, 0, 0, 0, 0, 0, 0, 1, 1081
"c:\Users\Marlowe\Desktop\ProjectBible\apps\trivcanon\_backup_questions_before_dedupe\app\public\questions\wisdom-psalms\medium.json", "JSON", 0, 0, 1102, 0, 0, 0, 0, 0, 0, 0, 0, 0, 0, 0, 0, 0, 0, 0, 0, 0, 0, 0, 0, 0, 0, 0, 0, 0, 0, 0, 0, 0, 0, 0, 0, 0, 0, 0, 0, 1, 1103
"c:\Users\Marlowe\Desktop\ProjectBible\apps\trivcanon\_backup_questions_before_dedupe\app\public\questions\women-of-faith\easy.json", "JSON", 0, 0, 1080, 0, 0, 0, 0, 0, 0, 0, 0, 0, 0, 0, 0, 0, 0, 0, 0, 0, 0, 0, 0, 0, 0, 0, 0, 0, 0, 0, 0, 0, 0, 0, 0, 0, 0, 0, 0, 1, 1081
"c:\Users\Marlowe\Desktop\ProjectBible\apps\trivcanon\_backup_questions_before_dedupe\app\public\questions\women-of-faith\hard.json", "JSON", 0, 0, 1102, 0, 0, 0, 0, 0, 0, 0, 0, 0, 0, 0, 0, 0, 0, 0, 0, 0, 0, 0, 0, 0, 0, 0, 0, 0, 0, 0, 0, 0, 0, 0, 0, 0, 0, 0, 0, 1, 1103
"c:\Users\Marlowe\Desktop\ProjectBible\apps\trivcanon\_backup_questions_before_dedupe\app\public\questions\women-of-faith\medium.json", "JSON", 0, 0, 1102, 0, 0, 0, 0, 0, 0, 0, 0, 0, 0, 0, 0, 0, 0, 0, 0, 0, 0, 0, 0, 0, 0, 0, 0, 0, 0, 0, 0, 0, 0, 0, 0, 0, 0, 0, 0, 1, 1103
"c:\Users\Marlowe\Desktop\ProjectBible\apps\trivcanon\add_apostles_questions.py", "Python", 0, 0, 0, 0, 0, 0, 0, 808, 0, 0, 0, 0, 0, 0, 0, 0, 0, 0, 0, 0, 0, 0, 0, 0, 0, 0, 0, 0, 0, 0, 0, 0, 0, 0, 0, 0, 0, 0, 6, 12, 826
"c:\Users\Marlowe\Desktop\ProjectBible\apps\trivcanon\add_balancing_questions.py", "Python", 0, 0, 0, 0, 0, 0, 0, 807, 0, 0, 0, 0, 0, 0, 0, 0, 0, 0, 0, 0, 0, 0, 0, 0, 0, 0, 0, 0, 0, 0, 0, 0, 0, 0, 0, 0, 0, 0, 6, 9, 822
"c:\Users\Marlowe\Desktop\ProjectBible\apps\trivcanon\add_questions.py", "Python", 0, 0, 0, 0, 0, 0, 0, 341, 0, 0, 0, 0, 0, 0, 0, 0, 0, 0, 0, 0, 0, 0, 0, 0, 0, 0, 0, 0, 0, 0, 0, 0, 0, 0, 0, 0, 0, 0, 25, 42, 408
"c:\Users\Marlowe\Desktop\ProjectBible\apps\trivcanon\add_questions_simple.py", "Python", 0, 0, 0, 0, 0, 0, 0, 478, 0, 0, 0, 0, 0, 0, 0, 0, 0, 0, 0, 0, 0, 0, 0, 0, 0, 0, 0, 0, 0, 0, 0, 0, 0, 0, 0, 0, 0, 0, 43, 111, 632
"c:\Users\Marlowe\Desktop\ProjectBible\apps\trivcanon\add_wisdom_hard_questions.py", "Python", 0, 0, 0, 0, 0, 0, 0, 382, 0, 0, 0, 0, 0, 0, 0, 0, 0, 0, 0, 0, 0, 0, 0, 0, 0, 0, 0, 0, 0, 0, 0, 0, 0, 0, 0, 0, 0, 0, 5, 8, 395
"c:\Users\Marlowe\Desktop\ProjectBible\apps\trivcanon\add_women_now.py", "Python", 0, 0, 0, 0, 0, 0, 0, 337, 0, 0, 0, 0, 0, 0, 0, 0, 0, 0, 0, 0, 0, 0, 0, 0, 0, 0, 0, 0, 0, 0, 0, 0, 0, 0, 0, 0, 0, 0, 5, 11, 353
"c:\Users\Marlowe\Desktop\ProjectBible\apps\trivcanon\app\README.md", "Markdown", 9, 0, 0, 0, 0, 0, 0, 0, 0, 0, 0, 0, 0, 0, 0, 0, 0, 0, 0, 0, 0, 0, 0, 0, 0, 0, 0, 0, 0, 0, 0, 0, 0, 0, 0, 0, 0, 0, 0, 8, 17
"c:\Users\Marlowe\Desktop\ProjectBible\apps\trivcanon\app\eslint.config.js", "JavaScript", 0, 0, 0, 0, 0, 0, 0, 0, 0, 0, 0, 0, 0, 28, 0, 0, 0, 0, 0, 0, 0, 0, 0, 0, 0, 0, 0, 0, 0, 0, 0, 0, 0, 0, 0, 0, 0, 0, 0, 2, 30
"c:\Users\Marlowe\Desktop\ProjectBible\apps\trivcanon\app\index.html", "HTML", 0, 0, 0, 0, 0, 16, 0, 0, 0, 0, 0, 0, 0, 0, 0, 0, 0, 0, 0, 0, 0, 0, 0, 0, 0, 0, 0, 0, 0, 0, 0, 0, 0, 0, 0, 0, 0, 0, 0, 1, 17
"c:\Users\Marlowe\Desktop\ProjectBible\apps\trivcanon\app\package-lock.json", "JSON", 0, 0, 6987, 0, 0, 0, 0, 0, 0, 0, 0, 0, 0, 0, 0, 0, 0, 0, 0, 0, 0, 0, 0, 0, 0, 0, 0, 0, 0, 0, 0, 0, 0, 0, 0, 0, 0, 0, 0, 1, 6988
"c:\Users\Marlowe\Desktop\ProjectBible\apps\trivcanon\app\package.json", "JSON", 0, 0, 30, 0, 0, 0, 0, 0, 0, 0, 0, 0, 0, 0, 0, 0, 0, 0, 0, 0, 0, 0, 0, 0, 0, 0, 0, 0, 0, 0, 0, 0, 0, 0, 0, 0, 0, 0, 0, 1, 31
"c:\Users\Marlowe\Desktop\ProjectBible\apps\trivcanon\app\public\images\LOGO_REQUIREMENTS.md", "Markdown", 64, 0, 0, 0, 0, 0, 0, 0, 0, 0, 0, 0, 0, 0, 0, 0, 0, 0, 0, 0, 0, 0, 0, 0, 0, 0, 0, 0, 0, 0, 0, 0, 0, 0, 0, 0, 0, 0, 0, 11, 75
"c:\Users\Marlowe\Desktop\ProjectBible\apps\trivcanon\app\public\questions-backup.json", "JSON", 0, 0, 16912, 0, 0, 0, 0, 0, 0, 0, 0, 0, 0, 0, 0, 0, 0, 0, 0, 0, 0, 0, 0, 0, 0, 0, 0, 0, 0, 0, 0, 0, 0, 0, 0, 0, 0, 0, 0, 0, 16912
"c:\Users\Marlowe\Desktop\ProjectBible\apps\trivcanon\app\public\questions\apostles\easy.json", "JSON", 0, 0, 1102, 0, 0, 0, 0, 0, 0, 0, 0, 0, 0, 0, 0, 0, 0, 0, 0, 0, 0, 0, 0, 0, 0, 0, 0, 0, 0, 0, 0, 0, 0, 0, 0, 0, 0, 0, 0, 0, 1102
"c:\Users\Marlowe\Desktop\ProjectBible\apps\trivcanon\app\public\questions\apostles\hard.json", "JSON", 0, 0, 1102, 0, 0, 0, 0, 0, 0, 0, 0, 0, 0, 0, 0, 0, 0, 0, 0, 0, 0, 0, 0, 0, 0, 0, 0, 0, 0, 0, 0, 0, 0, 0, 0, 0, 0, 0, 0, 0, 1102
"c:\Users\Marlowe\Desktop\ProjectBible\apps\trivcanon\app\public\questions\apostles\medium.json", "JSON", 0, 0, 1102, 0, 0, 0, 0, 0, 0, 0, 0, 0, 0, 0, 0, 0, 0, 0, 0, 0, 0, 0, 0, 0, 0, 0, 0, 0, 0, 0, 0, 0, 0, 0, 0, 0, 0, 0, 0, 1, 1103
"c:\Users\Marlowe\Desktop\ProjectBible\apps\trivcanon\app\public\questions\battles-conquests\easy.json", "JSON", 0, 0, 1102, 0, 0, 0, 0, 0, 0, 0, 0, 0, 0, 0, 0, 0, 0, 0, 0, 0, 0, 0, 0, 0, 0, 0, 0, 0, 0, 0, 0, 0, 0, 0, 0, 0, 0, 0, 0, 0, 1102
"c:\Users\Marlowe\Desktop\ProjectBible\apps\trivcanon\app\public\questions\battles-conquests\hard.json", "JSON", 0, 0, 1102, 0, 0, 0, 0, 0, 0, 0, 0, 0, 0, 0, 0, 0, 0, 0, 0, 0, 0, 0, 0, 0, 0, 0, 0, 0, 0, 0, 0, 0, 0, 0, 0, 0, 0, 0, 0, 1, 1103
"c:\Users\Marlowe\Desktop\ProjectBible\apps\trivcanon\app\public\questions\battles-conquests\medium.json", "JSON", 0, 0, 1102, 0, 0, 0, 0, 0, 0, 0, 0, 0, 0, 0, 0, 0, 0, 0, 0, 0, 0, 0, 0, 0, 0, 0, 0, 0, 0, 0, 0, 0, 0, 0, 0, 0, 0, 0, 0, 1, 1103
"c:\Users\Marlowe\Desktop\ProjectBible\apps\trivcanon\app\public\questions\creation-origins\easy.json", "JSON", 0, 0, 1102, 0, 0, 0, 0, 0, 0, 0, 0, 0, 0, 0, 0, 0, 0, 0, 0, 0, 0, 0, 0, 0, 0, 0, 0, 0, 0, 0, 0, 0, 0, 0, 0, 0, 0, 0, 0, 0, 1102
"c:\Users\Marlowe\Desktop\ProjectBible\apps\trivcanon\app\public\questions\creation-origins\hard.json", "JSON", 0, 0, 1102, 0, 0, 0, 0, 0, 0, 0, 0, 0, 0, 0, 0, 0, 0, 0, 0, 0, 0, 0, 0, 0, 0, 0, 0, 0, 0, 0, 0, 0, 0, 0, 0, 0, 0, 0, 0, 0, 1102
"c:\Users\Marlowe\Desktop\ProjectBible\apps\trivcanon\app\public\questions\creation-origins\medium.json", "JSON", 0, 0, 1102, 0, 0, 0, 0, 0, 0, 0, 0, 0, 0, 0, 0, 0, 0, 0, 0, 0, 0, 0, 0, 0, 0, 0, 0, 0, 0, 0, 0, 0, 0, 0, 0, 0, 0, 0, 0, 1, 1103
"c:\Users\Marlowe\Desktop\ProjectBible\apps\trivcanon\app\public\questions\festivals-customs\easy.json", "JSON", 0, 0, 1102, 0, 0, 0, 0, 0, 0, 0, 0, 0, 0, 0, 0, 0, 0, 0, 0, 0, 0, 0, 0, 0, 0, 0, 0, 0, 0, 0, 0, 0, 0, 0, 0, 0, 0, 0, 0, 1, 1103
"c:\Users\Marlowe\Desktop\ProjectBible\apps\trivcanon\app\public\questions\festivals-customs\hard.json", "JSON", 0, 0, 1102, 0, 0, 0, 0, 0, 0, 0, 0, 0, 0, 0, 0, 0, 0, 0, 0, 0, 0, 0, 0, 0, 0, 0, 0, 0, 0, 0, 0, 0, 0, 0, 0, 0, 0, 0, 0, 1, 1103
"c:\Users\Marlowe\Desktop\ProjectBible\apps\trivcanon\app\public\questions\festivals-customs\medium.json", "JSON", 0, 0, 1102, 0, 0, 0, 0, 0, 0, 0, 0, 0, 0, 0, 0, 0, 0, 0, 0, 0, 0, 0, 0, 0, 0, 0, 0, 0, 0, 0, 0, 0, 0, 0, 0, 0, 0, 0, 0, 1, 1103
"c:\Users\Marlowe\Desktop\ProjectBible\apps\trivcanon\app\public\questions\index.json", "JSON", 0, 0, 326, 0, 0, 0, 0, 0, 0, 0, 0, 0, 0, 0, 0, 0, 0, 0, 0, 0, 0, 0, 0, 0, 0, 0, 0, 0, 0, 0, 0, 0, 0, 0, 0, 0, 0, 0, 0, 0, 326
"c:\Users\Marlowe\Desktop\ProjectBible\apps\trivcanon\app\public\questions\journeys-exile\easy.json", "JSON", 0, 0, 1102, 0, 0, 0, 0, 0, 0, 0, 0, 0, 0, 0, 0, 0, 0, 0, 0, 0, 0, 0, 0, 0, 0, 0, 0, 0, 0, 0, 0, 0, 0, 0, 0, 0, 0, 0, 0, 1, 1103
"c:\Users\Marlowe\Desktop\ProjectBible\apps\trivcanon\app\public\questions\journeys-exile\hard.json", "JSON", 0, 0, 1102, 0, 0, 0, 0, 0, 0, 0, 0, 0, 0, 0, 0, 0, 0, 0, 0, 0, 0, 0, 0, 0, 0, 0, 0, 0, 0, 0, 0, 0, 0, 0, 0, 0, 0, 0, 0, 1, 1103
"c:\Users\Marlowe\Desktop\ProjectBible\apps\trivcanon\app\public\questions\journeys-exile\medium.json", "JSON", 0, 0, 1102, 0, 0, 0, 0, 0, 0, 0, 0, 0, 0, 0, 0, 0, 0, 0, 0, 0, 0, 0, 0, 0, 0, 0, 0, 0, 0, 0, 0, 0, 0, 0, 0, 0, 0, 0, 0, 1, 1103
"c:\Users\Marlowe\Desktop\ProjectBible\apps\trivcanon\app\public\questions\kings-rulers\easy.json", "JSON", 0, 0, 1102, 0, 0, 0, 0, 0, 0, 0, 0, 0, 0, 0, 0, 0, 0, 0, 0, 0, 0, 0, 0, 0, 0, 0, 0, 0, 0, 0, 0, 0, 0, 0, 0, 0, 0, 0, 0, 0, 1102
"c:\Users\Marlowe\Desktop\ProjectBible\apps\trivcanon\app\public\questions\kings-rulers\hard.json", "JSON", 0, 0, 1102, 0, 0, 0, 0, 0, 0, 0, 0, 0, 0, 0, 0, 0, 0, 0, 0, 0, 0, 0, 0, 0, 0, 0, 0, 0, 0, 0, 0, 0, 0, 0, 0, 0, 0, 0, 0, 1, 1103
"c:\Users\Marlowe\Desktop\ProjectBible\apps\trivcanon\app\public\questions\kings-rulers\medium.json", "JSON", 0, 0, 1102, 0, 0, 0, 0, 0, 0, 0, 0, 0, 0, 0, 0, 0, 0, 0, 0, 0, 0, 0, 0, 0, 0, 0, 0, 0, 0, 0, 0, 0, 0, 0, 0, 0, 0, 0, 0, 1, 1103
"c:\Users\Marlowe\Desktop\ProjectBible\apps\trivcanon\app\public\questions\miracles\easy.json", "JSON", 0, 0, 1102, 0, 0, 0, 0, 0, 0, 0, 0, 0, 0, 0, 0, 0, 0, 0, 0, 0, 0, 0, 0, 0, 0, 0, 0, 0, 0, 0, 0, 0, 0, 0, 0, 0, 0, 0, 0, 1, 1103
"c:\Users\Marlowe\Desktop\ProjectBible\apps\trivcanon\app\public\questions\miracles\hard.json", "JSON", 0, 0, 1102, 0, 0, 0, 0, 0, 0, 0, 0, 0, 0, 0, 0, 0, 0, 0, 0, 0, 0, 0, 0, 0, 0, 0, 0, 0, 0, 0, 0, 0, 0, 0, 0, 0, 0, 0, 0, 1, 1103
"c:\Users\Marlowe\Desktop\ProjectBible\apps\trivcanon\app\public\questions\miracles\medium.json", "JSON", 0, 0, 1102, 0, 0, 0, 0, 0, 0, 0, 0, 0, 0, 0, 0, 0, 0, 0, 0, 0, 0, 0, 0, 0, 0, 0, 0, 0, 0, 0, 0, 0, 0, 0, 0, 0, 0, 0, 0, 1, 1103
"c:\Users\Marlowe\Desktop\ProjectBible\apps\trivcanon\app\public\questions\parables-teachings\easy.json", "JSON", 0, 0, 1102, 0, 0, 0, 0, 0, 0, 0, 0, 0, 0, 0, 0, 0, 0, 0, 0, 0, 0, 0, 0, 0, 0, 0, 0, 0, 0, 0, 0, 0, 0, 0, 0, 0, 0, 0, 0, 1, 1103
"c:\Users\Marlowe\Desktop\ProjectBible\apps\trivcanon\app\public\questions\parables-teachings\hard.json", "JSON", 0, 0, 1102, 0, 0, 0, 0, 0, 0, 0, 0, 0, 0, 0, 0, 0, 0, 0, 0, 0, 0, 0, 0, 0, 0, 0, 0, 0, 0, 0, 0, 0, 0, 0, 0, 0, 0, 0, 0, 0, 1102
"c:\Users\Marlowe\Desktop\ProjectBible\apps\trivcanon\app\public\questions\parables-teachings\medium.json", "JSON", 0, 0, 1102, 0, 0, 0, 0, 0, 0, 0, 0, 0, 0, 0, 0, 0, 0, 0, 0, 0, 0, 0, 0, 0, 0, 0, 0, 0, 0, 0, 0, 0, 0, 0, 0, 0, 0, 0, 0, 1, 1103
"c:\Users\Marlowe\Desktop\ProjectBible\apps\trivcanon\app\public\questions\prophecy-end-times\easy.json", "JSON", 0, 0, 1102, 0, 0, 0, 0, 0, 0, 0, 0, 0, 0, 0, 0, 0, 0, 0, 0, 0, 0, 0, 0, 0, 0, 0, 0, 0, 0, 0, 0, 0, 0, 0, 0, 0, 0, 0, 0, 1, 1103
"c:\Users\Marlowe\Desktop\ProjectBible\apps\trivcanon\app\public\questions\prophecy-end-times\hard.json", "JSON", 0, 0, 1102, 0, 0, 0, 0, 0, 0, 0, 0, 0, 0, 0, 0, 0, 0, 0, 0, 0, 0, 0, 0, 0, 0, 0, 0, 0, 0, 0, 0, 0, 0, 0, 0, 0, 0, 0, 0, 0, 1102
"c:\Users\Marlowe\Desktop\ProjectBible\apps\trivcanon\app\public\questions\prophecy-end-times\medium.json", "JSON", 0, 0, 1102, 0, 0, 0, 0, 0, 0, 0, 0, 0, 0, 0, 0, 0, 0, 0, 0, 0, 0, 0, 0, 0, 0, 0, 0, 0, 0, 0, 0, 0, 0, 0, 0, 0, 0, 0, 0, 1, 1103
"c:\Users\Marlowe\Desktop\ProjectBible\apps\trivcanon\app\public\questions\prophets\easy.json", "JSON", 0, 0, 1102, 0, 0, 0, 0, 0, 0, 0, 0, 0, 0, 0, 0, 0, 0, 0, 0, 0, 0, 0, 0, 0, 0, 0, 0, 0, 0, 0, 0, 0, 0, 0, 0, 0, 0, 0, 0, 0, 1102
"c:\Users\Marlowe\Desktop\ProjectBible\apps\trivcanon\app\public\questions\prophets\hard.json", "JSON", 0, 0, 1102, 0, 0, 0, 0, 0, 0, 0, 0, 0, 0, 0, 0, 0, 0, 0, 0, 0, 0, 0, 0, 0, 0, 0, 0, 0, 0, 0, 0, 0, 0, 0, 0, 0, 0, 0, 0, 1, 1103
"c:\Users\Marlowe\Desktop\ProjectBible\apps\trivcanon\app\public\questions\prophets\medium.json", "JSON", 0, 0, 1102, 0, 0, 0, 0, 0, 0, 0, 0, 0, 0, 0, 0, 0, 0, 0, 0, 0, 0, 0, 0, 0, 0, 0, 0, 0, 0, 0, 0, 0, 0, 0, 0, 0, 0, 0, 0, 1, 1103
"c:\Users\Marlowe\Desktop\ProjectBible\apps\trivcanon\app\public\questions\wisdom-psalms\easy.json", "JSON", 0, 0, 1102, 0, 0, 0, 0, 0, 0, 0, 0, 0, 0, 0, 0, 0, 0, 0, 0, 0, 0, 0, 0, 0, 0, 0, 0, 0, 0, 0, 0, 0, 0, 0, 0, 0, 0, 0, 0, 1, 1103
"c:\Users\Marlowe\Desktop\ProjectBible\apps\trivcanon\app\public\questions\wisdom-psalms\hard.json", "JSON", 0, 0, 1102, 0, 0, 0, 0, 0, 0, 0, 0, 0, 0, 0, 0, 0, 0, 0, 0, 0, 0, 0, 0, 0, 0, 0, 0, 0, 0, 0, 0, 0, 0, 0, 0, 0, 0, 0, 0, 0, 1102
"c:\Users\Marlowe\Desktop\ProjectBible\apps\trivcanon\app\public\questions\wisdom-psalms\medium.json", "JSON", 0, 0, 1102, 0, 0, 0, 0, 0, 0, 0, 0, 0, 0, 0, 0, 0, 0, 0, 0, 0, 0, 0, 0, 0, 0, 0, 0, 0, 0, 0, 0, 0, 0, 0, 0, 0, 0, 0, 0, 1, 1103
"c:\Users\Marlowe\Desktop\ProjectBible\apps\trivcanon\app\public\questions\women-of-faith\easy.json", "JSON", 0, 0, 1102, 0, 0, 0, 0, 0, 0, 0, 0, 0, 0, 0, 0, 0, 0, 0, 0, 0, 0, 0, 0, 0, 0, 0, 0, 0, 0, 0, 0, 0, 0, 0, 0, 0, 0, 0, 0, 0, 1102
"c:\Users\Marlowe\Desktop\ProjectBible\apps\trivcanon\app\public\questions\women-of-faith\hard.json", "JSON", 0, 0, 1102, 0, 0, 0, 0, 0, 0, 0, 0, 0, 0, 0, 0, 0, 0, 0, 0, 0, 0, 0, 0, 0, 0, 0, 0, 0, 0, 0, 0, 0, 0, 0, 0, 0, 0, 0, 0, 1, 1103
"c:\Users\Marlowe\Desktop\ProjectBible\apps\trivcanon\app\public\questions\women-of-faith\medium.json", "JSON", 0, 0, 1102, 0, 0, 0, 0, 0, 0, 0, 0, 0, 0, 0, 0, 0, 0, 0, 0, 0, 0, 0, 0, 0, 0, 0, 0, 0, 0, 0, 0, 0, 0, 0, 0, 0, 0, 0, 0, 1, 1103
"c:\Users\Marlowe\Desktop\ProjectBible\apps\trivcanon\app\public\vite.svg", "XML", 0, 0, 0, 0, 0, 0, 0, 0, 0, 0, 0, 0, 0, 0, 1, 0, 0, 0, 0, 0, 0, 0, 0, 0, 0, 0, 0, 0, 0, 0, 0, 0, 0, 0, 0, 0, 0, 0, 0, 0, 1
"c:\Users\Marlowe\Desktop\ProjectBible\apps\trivcanon\app\src\App.css", "PostCSS", 0, 0, 0, 0, 0, 0, 0, 0, 0, 0, 0, 0, 0, 0, 0, 0, 0, 0, 0, 162, 0, 0, 0, 0, 0, 0, 0, 0, 0, 0, 0, 0, 0, 0, 0, 0, 0, 0, 0, 20, 182
"c:\Users\Marlowe\Desktop\ProjectBible\apps\trivcanon\app\src\App.jsx", "JavaScript JSX", 0, 0, 0, 0, 0, 0, 0, 0, 0, 0, 0, 0, 0, 0, 0, 0, 0, 0, 0, 0, 224, 0, 0, 0, 0, 0, 0, 0, 0, 0, 0, 0, 0, 0, 0, 0, 0, 0, 17, 38, 279
"c:\Users\Marlowe\Desktop\ProjectBible\apps\trivcanon\app\src\assets\react.svg", "XML", 0, 0, 0, 0, 0, 0, 0, 0, 0, 0, 0, 0, 0, 0, 1, 0, 0, 0, 0, 0, 0, 0, 0, 0, 0, 0, 0, 0, 0, 0, 0, 0, 0, 0, 0, 0, 0, 0, 0, 0, 1
"c:\Users\Marlowe\Desktop\ProjectBible\apps\trivcanon\app\src\components\QuestionFeedback.css", "PostCSS", 0, 0, 0, 0, 0, 0, 0, 0, 0, 0, 0, 0, 0, 0, 0, 0, 0, 0, 0, 178, 0, 0, 0, 0, 0, 0, 0, 0, 0, 0, 0, 0, 0, 0, 0, 0, 0, 0, 0, 32, 210
"c:\Users\Marlowe\Desktop\ProjectBible\apps\trivcanon\app\src\components\QuestionFeedback.jsx", "JavaScript JSX", 0, 0, 0, 0, 0, 0, 0, 0, 0, 0, 0, 0, 0, 0, 0, 0, 0, 0, 0, 0, 59, 0, 0, 0, 0, 0, 0, 0, 0, 0, 0, 0, 0, 0, 0, 0, 0, 0, 1, 10, 70
"c:\Users\Marlowe\Desktop\ProjectBible\apps\trivcanon\app\src\components\QuizQuestion.css", "PostCSS", 0, 0, 0, 0, 0, 0, 0, 0, 0, 0, 0, 0, 0, 0, 0, 0, 0, 0, 0, 169, 0, 0, 0, 0, 0, 0, 0, 0, 0, 0, 0, 0, 0, 0, 0, 0, 0, 0, 0, 25, 194
"c:\Users\Marlowe\Desktop\ProjectBible\apps\trivcanon\app\src\components\QuizQuestion.jsx", "JavaScript JSX", 0, 0, 0, 0, 0, 0, 0, 0, 0, 0, 0, 0, 0, 0, 0, 0, 0, 0, 0, 0, 88, 0, 0, 0, 0, 0, 0, 0, 0, 0, 0, 0, 0, 0, 0, 0, 0, 0, 2, 11, 101
"c:\Users\Marlowe\Desktop\ProjectBible\apps\trivcanon\app\src\components\QuizScore.css", "PostCSS", 0, 0, 0, 0, 0, 0, 0, 0, 0, 0, 0, 0, 0, 0, 0, 0, 0, 0, 0, 151, 0, 0, 0, 0, 0, 0, 0, 0, 0, 0, 0, 0, 0, 0, 0, 0, 0, 0, 0, 29, 180
"c:\Users\Marlowe\Desktop\ProjectBible\apps\trivcanon\app\src\components\QuizScore.jsx", "JavaScript JSX", 0, 0, 0, 0, 0, 0, 0, 0, 0, 0, 0, 0, 0, 0, 0, 0, 0, 0, 0, 0, 68, 0, 0, 0, 0, 0, 0, 0, 0, 0, 0, 0, 0, 0, 0, 0, 0, 0, 2, 10, 80
"c:\Users\Marlowe\Desktop\ProjectBible\apps\trivcanon\app\src\components\ThemeSelector.css", "PostCSS", 0, 0, 0, 0, 0, 0, 0, 0, 0, 0, 0, 0, 0, 0, 0, 0, 0, 0, 0, 352, 0, 0, 0, 0, 0, 0, 0, 0, 0, 0, 0, 0, 0, 0, 0, 0, 0, 0, 5, 60, 417
"c:\Users\Marlowe\Desktop\ProjectBible\apps\trivcanon\app\src\components\ThemeSelector.jsx", "JavaScript JSX", 0, 0, 0, 0, 0, 0, 0, 0, 0, 0, 0, 0, 0, 0, 0, 0, 0, 0, 0, 0, 190, 0, 0, 0, 0, 0, 0, 0, 0, 0, 0, 0, 0, 0, 0, 0, 0, 0, 0, 14, 204
"c:\Users\Marlowe\Desktop\ProjectBible\apps\trivcanon\app\src\db.js", "JavaScript", 0, 0, 0, 0, 0, 0, 0, 0, 0, 0, 0, 0, 0, 55, 0, 0, 0, 0, 0, 0, 0, 0, 0, 0, 0, 0, 0, 0, 0, 0, 0, 0, 0, 0, 0, 0, 0, 0, 23, 19, 97
"c:\Users\Marlowe\Desktop\ProjectBible\apps\trivcanon\app\src\index.css", "PostCSS", 0, 0, 0, 0, 0, 0, 0, 0, 0, 0, 0, 0, 0, 0, 0, 0, 0, 0, 0, 71, 0, 0, 0, 0, 0, 0, 0, 0, 0, 0, 0, 0, 0, 0, 0, 0, 0, 0, 0, 10, 81
"c:\Users\Marlowe\Desktop\ProjectBible\apps\trivcanon\app\src\main.jsx", "JavaScript JSX", 0, 0, 0, 0, 0, 0, 0, 0, 0, 0, 0, 0, 0, 0, 0, 0, 0, 0, 0, 0, 9, 0, 0, 0, 0, 0, 0, 0, 0, 0, 0, 0, 0, 0, 0, 0, 0, 0, 0, 2, 11
"c:\Users\Marlowe\Desktop\ProjectBible\apps\trivcanon\app\src\useQuizRotation.js", "JavaScript", 0, 0, 0, 0, 0, 0, 0, 0, 0, 0, 0, 0, 0, 170, 0, 0, 0, 0, 0, 0, 0, 0, 0, 0, 0, 0, 0, 0, 0, 0, 0, 0, 0, 0, 0, 0, 0, 0, 34, 42, 246
"c:\Users\Marlowe\Desktop\ProjectBible\apps\trivcanon\app\vercel.json", "JSON", 0, 0, 3, 0, 0, 0, 0, 0, 0, 0, 0, 0, 0, 0, 0, 0, 0, 0, 0, 0, 0, 0, 0, 0, 0, 0, 0, 0, 0, 0, 0, 0, 0, 0, 0, 0, 0, 0, 0, 1, 4
"c:\Users\Marlowe\Desktop\ProjectBible\apps\trivcanon\app\vite.config.js", "JavaScript", 0, 0, 0, 0, 0, 0, 0, 0, 0, 0, 0, 0, 0, 49, 0, 0, 0, 0, 0, 0, 0, 0, 0, 0, 0, 0, 0, 0, 0, 0, 0, 0, 0, 0, 0, 0, 0, 0, 1, 2, 52
"c:\Users\Marlowe\Desktop\ProjectBible\apps\trivcanon\audit_questions.py", "Python", 0, 0, 0, 0, 0, 0, 0, 73, 0, 0, 0, 0, 0, 0, 0, 0, 0, 0, 0, 0, 0, 0, 0, 0, 0, 0, 0, 0, 0, 0, 0, 0, 0, 0, 0, 0, 0, 0, 3, 28, 104
"c:\Users\Marlowe\Desktop\ProjectBible\apps\trivcanon\check_parables_dupes.py", "Python", 0, 0, 0, 0, 0, 0, 0, 34, 0, 0, 0, 0, 0, 0, 0, 0, 0, 0, 0, 0, 0, 0, 0, 0, 0, 0, 0, 0, 0, 0, 0, 0, 0, 0, 0, 0, 0, 0, 4, 9, 47
"c:\Users\Marlowe\Desktop\ProjectBible\apps\trivcanon\check_removed.py", "Python", 0, 0, 0, 0, 0, 0, 0, 24, 0, 0, 0, 0, 0, 0, 0, 0, 0, 0, 0, 0, 0, 0, 0, 0, 0, 0, 0, 0, 0, 0, 0, 0, 0, 0, 0, 0, 0, 0, 2, 6, 32
"c:\Users\Marlowe\Desktop\ProjectBible\apps\trivcanon\check_wisdom_hard.py", "Python", 0, 0, 0, 0, 0, 0, 0, 9, 0, 0, 0, 0, 0, 0, 0, 0, 0, 0, 0, 0, 0, 0, 0, 0, 0, 0, 0, 0, 0, 0, 0, 0, 0, 0, 0, 0, 0, 0, 0, 3, 12
"c:\Users\Marlowe\Desktop\ProjectBible\apps\trivcanon\check_women.py", "Python", 0, 0, 0, 0, 0, 0, 0, 8, 0, 0, 0, 0, 0, 0, 0, 0, 0, 0, 0, 0, 0, 0, 0, 0, 0, 0, 0, 0, 0, 0, 0, 0, 0, 0, 0, 0, 0, 0, 1, 3, 12
"c:\Users\Marlowe\Desktop\ProjectBible\apps\trivcanon\check_women_dupes_now.py", "Python", 0, 0, 0, 0, 0, 0, 0, 21, 0, 0, 0, 0, 0, 0, 0, 0, 0, 0, 0, 0, 0, 0, 0, 0, 0, 0, 0, 0, 0, 0, 0, 0, 0, 0, 0, 0, 0, 0, 2, 6, 29
"c:\Users\Marlowe\Desktop\ProjectBible\apps\trivcanon\data\events.json", "JSON", 0, 0, 50212, 0, 0, 0, 0, 0, 0, 0, 0, 0, 0, 0, 0, 0, 0, 0, 0, 0, 0, 0, 0, 0, 0, 0, 0, 0, 0, 0, 0, 0, 0, 0, 0, 0, 0, 0, 0, 0, 50212
"c:\Users\Marlowe\Desktop\ProjectBible\apps\trivcanon\data\people.json", "JSON", 0, 0, 133285, 0, 0, 0, 0, 0, 0, 0, 0, 0, 0, 0, 0, 0, 0, 0, 0, 0, 0, 0, 0, 0, 0, 0, 0, 0, 0, 0, 0, 0, 0, 0, 0, 0, 0, 0, 0, 0, 133285
"c:\Users\Marlowe\Desktop\ProjectBible\apps\trivcanon\data\places.json", "JSON", 0, 0, 50579, 0, 0, 0, 0, 0, 0, 0, 0, 0, 0, 0, 0, 0, 0, 0, 0, 0, 0, 0, 0, 0, 0, 0, 0, 0, 0, 0, 0, 0, 0, 0, 0, 0, 0, 0, 0, 0, 50579
"c:\Users\Marlowe\Desktop\ProjectBible\apps\trivcanon\download_data.py", "Python", 0, 0, 0, 0, 0, 0, 0, 57, 0, 0, 0, 0, 0, 0, 0, 0, 0, 0, 0, 0, 0, 0, 0, 0, 0, 0, 0, 0, 0, 0, 0, 0, 0, 0, 0, 0, 0, 0, 3, 10, 70
"c:\Users\Marlowe\Desktop\ProjectBible\apps\trivcanon\embed_verses.py", "Python", 0, 0, 0, 0, 0, 0, 0, 94, 0, 0, 0, 0, 0, 0, 0, 0, 0, 0, 0, 0, 0, 0, 0, 0, 0, 0, 0, 0, 0, 0, 0, 0, 0, 0, 0, 0, 0, 0, 10, 29, 133
"c:\Users\Marlowe\Desktop\ProjectBible\apps\trivcanon\extract_women.py", "Python", 0, 0, 0, 0, 0, 0, 0, 14, 0, 0, 0, 0, 0, 0, 0, 0, 0, 0, 0, 0, 0, 0, 0, 0, 0, 0, 0, 0, 0, 0, 0, 0, 0, 0, 0, 0, 0, 0, 5, 8, 27
"c:\Users\Marlowe\Desktop\ProjectBible\apps\trivcanon\fill_apostles_gaps.py", "Python", 0, 0, 0, 0, 0, 0, 0, 98, 0, 0, 0, 0, 0, 0, 0, 0, 0, 0, 0, 0, 0, 0, 0, 0, 0, 0, 0, 0, 0, 0, 0, 0, 0, 0, 0, 0, 0, 0, 6, 10, 114
"c:\Users\Marlowe\Desktop\ProjectBible\apps\trivcanon\fill_easy_gaps.py", "Python", 0, 0, 0, 0, 0, 0, 0, 131, 0, 0, 0, 0, 0, 0, 0, 0, 0, 0, 0, 0, 0, 0, 0, 0, 0, 0, 0, 0, 0, 0, 0, 0, 0, 0, 0, 0, 0, 0, 8, 12, 151
"c:\Users\Marlowe\Desktop\ProjectBible\apps\trivcanon\find_duplicates.py", "Python", 0, 0, 0, 0, 0, 0, 0, 35, 0, 0, 0, 0, 0, 0, 0, 0, 0, 0, 0, 0, 0, 0, 0, 0, 0, 0, 0, 0, 0, 0, 0, 0, 0, 0, 0, 0, 0, 0, 5, 13, 53
"c:\Users\Marlowe\Desktop\ProjectBible\apps\trivcanon\fix_medium_dupes.py", "Python", 0, 0, 0, 0, 0, 0, 0, 25, 0, 0, 0, 0, 0, 0, 0, 0, 0, 0, 0, 0, 0, 0, 0, 0, 0, 0, 0, 0, 0, 0, 0, 0, 0, 0, 0, 0, 0, 0, 4, 9, 38
"c:\Users\Marlowe\Desktop\ProjectBible\apps\trivcanon\fix_women_hard.py", "Python", 0, 0, 0, 0, 0, 0, 0, 19, 0, 0, 0, 0, 0, 0, 0, 0, 0, 0, 0, 0, 0, 0, 0, 0, 0, 0, 0, 0, 0, 0, 0, 0, 0, 0, 0, 0, 0, 0, 5, 11, 35
"c:\Users\Marlowe\Desktop\ProjectBible\apps\trivcanon\generate_to_target.py", "Python", 0, 0, 0, 0, 0, 0, 0, 174, 0, 0, 0, 0, 0, 0, 0, 0, 0, 0, 0, 0, 0, 0, 0, 0, 0, 0, 0, 0, 0, 0, 0, 0, 0, 0, 0, 0, 0, 0, 46, 31, 251
"c:\Users\Marlowe\Desktop\ProjectBible\apps\trivcanon\generator\bible_data.py", "Python", 0, 0, 0, 0, 0, 0, 0, 34, 0, 0, 0, 0, 0, 0, 0, 0, 0, 0, 0, 0, 0, 0, 0, 0, 0, 0, 0, 0, 0, 0, 0, 0, 0, 0, 0, 0, 0, 0, 38, 4, 76
"c:\Users\Marlowe\Desktop\ProjectBible\apps\trivcanon\generator\claude_generator.py", "Python", 0, 0, 0, 0, 0, 0, 0, 154, 0, 0, 0, 0, 0, 0, 0, 0, 0, 0, 0, 0, 0, 0, 0, 0, 0, 0, 0, 0, 0, 0, 0, 0, 0, 0, 0, 0, 0, 0, 12, 35, 201
"c:\Users\Marlowe\Desktop\ProjectBible\apps\trivcanon\generator\config.py", "Python", 0, 0, 0, 0, 0, 0, 0, 29, 0, 0, 0, 0, 0, 0, 0, 0, 0, 0, 0, 0, 0, 0, 0, 0, 0, 0, 0, 0, 0, 0, 0, 0, 0, 0, 0, 0, 0, 0, 8, 7, 44
"c:\Users\Marlowe\Desktop\ProjectBible\apps\trivcanon\generator\generate_questions.py", "Python", 0, 0, 0, 0, 0, 0, 0, 116, 0, 0, 0, 0, 0, 0, 0, 0, 0, 0, 0, 0, 0, 0, 0, 0, 0, 0, 0, 0, 0, 0, 0, 0, 0, 0, 0, 0, 0, 0, 16, 39, 171
"c:\Users\Marlowe\Desktop\ProjectBible\apps\trivcanon\generator\question_templates.py", "Python", 0, 0, 0, 0, 0, 0, 0, 216, 0, 0, 0, 0, 0, 0, 0, 0, 0, 0, 0, 0, 0, 0, 0, 0, 0, 0, 0, 0, 0, 0, 0, 0, 0, 0, 0, 0, 0, 0, 24, 44, 284
"c:\Users\Marlowe\Desktop\ProjectBible\apps\trivcanon\inspect_db.py", "Python", 0, 0, 0, 0, 0, 0, 0, 33, 0, 0, 0, 0, 0, 0, 0, 0, 0, 0, 0, 0, 0, 0, 0, 0, 0, 0, 0, 0, 0, 0, 0, 0, 0, 0, 0, 0, 0, 0, 5, 12, 50
"c:\Users\Marlowe\Desktop\ProjectBible\apps\trivcanon\original_questions.json", "JSON", 0, 0, 7092, 0, 0, 0, 0, 0, 0, 0, 0, 0, 0, 0, 0, 0, 0, 0, 0, 0, 0, 0, 0, 0, 0, 0, 0, 0, 0, 0, 0, 0, 0, 0, 0, 0, 0, 0, 0, 1, 7093
"c:\Users\Marlowe\Desktop\ProjectBible\apps\trivcanon\remove_duplicates.py", "Python", 0, 0, 0, 0, 0, 0, 0, 42, 0, 0, 0, 0, 0, 0, 0, 0, 0, 0, 0, 0, 0, 0, 0, 0, 0, 0, 0, 0, 0, 0, 0, 0, 0, 0, 0, 0, 0, 0, 2, 14, 58
"c:\Users\Marlowe\Desktop\ProjectBible\apps\trivcanon\remove_easy_dupes.py", "Python", 0, 0, 0, 0, 0, 0, 0, 28, 0, 0, 0, 0, 0, 0, 0, 0, 0, 0, 0, 0, 0, 0, 0, 0, 0, 0, 0, 0, 0, 0, 0, 0, 0, 0, 0, 0, 0, 0, 4, 8, 40
"c:\Users\Marlowe\Desktop\ProjectBible\apps\trivcanon\remove_parables_dupes.py", "Python", 0, 0, 0, 0, 0, 0, 0, 58, 0, 0, 0, 0, 0, 0, 0, 0, 0, 0, 0, 0, 0, 0, 0, 0, 0, 0, 0, 0, 0, 0, 0, 0, 0, 0, 0, 0, 0, 0, 5, 16, 79
"c:\Users\Marlowe\Desktop\ProjectBible\apps\trivcanon\remove_wisdom_duplicates.py", "Python", 0, 0, 0, 0, 0, 0, 0, 16, 0, 0, 0, 0, 0, 0, 0, 0, 0, 0, 0, 0, 0, 0, 0, 0, 0, 0, 0, 0, 0, 0, 0, 0, 0, 0, 0, 0, 0, 0, 3, 8, 27
"c:\Users\Marlowe\Desktop\ProjectBible\apps\trivcanon\remove_women_duplicates.py", "Python", 0, 0, 0, 0, 0, 0, 0, 46, 0, 0, 0, 0, 0, 0, 0, 0, 0, 0, 0, 0, 0, 0, 0, 0, 0, 0, 0, 0, 0, 0, 0, 0, 0, 0, 0, 0, 0, 0, 4, 13, 63
"c:\Users\Marlowe\Desktop\ProjectBible\apps\trivcanon\requirements.txt", "pip requirements", 0, 0, 0, 0, 0, 0, 0, 0, 0, 0, 0, 0, 0, 0, 0, 0, 0, 0, 0, 0, 0, 2, 0, 0, 0, 0, 0, 0, 0, 0, 0, 0, 0, 0, 0, 0, 0, 0, 0, 1, 3
"c:\Users\Marlowe\Desktop\ProjectBible\apps\trivcanon\restore_women.py", "Python", 0, 0, 0, 0, 0, 0, 0, 33, 0, 0, 0, 0, 0, 0, 0, 0, 0, 0, 0, 0, 0, 0, 0, 0, 0, 0, 0, 0, 0, 0, 0, 0, 0, 0, 0, 0, 0, 0, 7, 14, 54
"c:\Users\Marlowe\Desktop\ProjectBible\apps\trivcanon\show_apostles_dupes.py", "Python", 0, 0, 0, 0, 0, 0, 0, 38, 0, 0, 0, 0, 0, 0, 0, 0, 0, 0, 0, 0, 0, 0, 0, 0, 0, 0, 0, 0, 0, 0, 0, 0, 0, 0, 0, 0, 0, 0, 2, 9, 49
"c:\Users\Marlowe\Desktop\ProjectBible\apps\trivcanon\split_questions.py", "Python", 0, 0, 0, 0, 0, 0, 0, 61, 0, 0, 0, 0, 0, 0, 0, 0, 0, 0, 0, 0, 0, 0, 0, 0, 0, 0, 0, 0, 0, 0, 0, 0, 0, 0, 0, 0, 0, 0, 9, 17, 87
"c:\Users\Marlowe\Desktop\ProjectBible\apps\trivcanon\test_data.py", "Python", 0, 0, 0, 0, 0, 0, 0, 40, 0, 0, 0, 0, 0, 0, 0, 0, 0, 0, 0, 0, 0, 0, 0, 0, 0, 0, 0, 0, 0, 0, 0, 0, 0, 0, 0, 0, 0, 0, 7, 14, 61
"c:\Users\Marlowe\Desktop\ProjectBible\apps\trivcanon\test_lazy_loading.py", "Python", 0, 0, 0, 0, 0, 0, 0, 65, 0, 0, 0, 0, 0, 0, 0, 0, 0, 0, 0, 0, 0, 0, 0, 0, 0, 0, 0, 0, 0, 0, 0, 0, 0, 0, 0, 0, 0, 0, 7, 20, 92
"c:\Users\Marlowe\Desktop\ProjectBible\apps\trivcanon\test_pipeline.py", "Python", 0, 0, 0, 0, 0, 0, 0, 51, 0, 0, 0, 0, 0, 0, 0, 0, 0, 0, 0, 0, 0, 0, 0, 0, 0, 0, 0, 0, 0, 0, 0, 0, 0, 0, 0, 0, 0, 0, 5, 17, 73
"c:\Users\Marlowe\Desktop\ProjectBible\apps\trivcanon\test_shuffled_rotation.js", "JavaScript", 0, 0, 0, 0, 0, 0, 0, 0, 0, 0, 0, 0, 0, 172, 0, 0, 0, 0, 0, 0, 0, 0, 0, 0, 0, 0, 0, 0, 0, 0, 0, 0, 0, 0, 0, 0, 0, 0, 19, 35, 226
"c:\Users\Marlowe\Desktop\ProjectBible\apps\trivcanon\update_index_counts.py", "Python", 0, 0, 0, 0, 0, 0, 0, 20, 0, 0, 0, 0, 0, 0, 0, 0, 0, 0, 0, 0, 0, 0, 0, 0, 0, 0, 0, 0, 0, 0, 0, 0, 0, 0, 0, 0, 0, 0, 6, 9, 35
"c:\Users\Marlowe\Desktop\ProjectBible\apps\trivcanon\verify_and_dedupe_all.py", "Python", 0, 0, 0, 0, 0, 0, 0, 237, 0, 0, 0, 0, 0, 0, 0, 0, 0, 0, 0, 0, 0, 0, 0, 0, 0, 0, 0, 0, 0, 0, 0, 0, 0, 0, 0, 0, 0, 0, 37, 74, 348
"c:\Users\Marlowe\Desktop\ProjectBible\apps\trivcanon\verify_apostles.py", "Python", 0, 0, 0, 0, 0, 0, 0, 26, 0, 0, 0, 0, 0, 0, 0, 0, 0, 0, 0, 0, 0, 0, 0, 0, 0, 0, 0, 0, 0, 0, 0, 0, 0, 0, 0, 0, 0, 0, 3, 8, 37
"c:\Users\Marlowe\Desktop\ProjectBible\apps\trivcanon\verify_balanced_questions.py", "Python", 0, 0, 0, 0, 0, 0, 0, 39, 0, 0, 0, 0, 0, 0, 0, 0, 0, 0, 0, 0, 0, 0, 0, 0, 0, 0, 0, 0, 0, 0, 0, 0, 0, 0, 0, 0, 0, 0, 1, 10, 50
"c:\Users\Marlowe\Desktop\ProjectBible\apps\trivcanon\verify_cleanup.py", "Python", 0, 0, 0, 0, 0, 0, 0, 17, 0, 0, 0, 0, 0, 0, 0, 0, 0, 0, 0, 0, 0, 0, 0, 0, 0, 0, 0, 0, 0, 0, 0, 0, 0, 0, 0, 0, 0, 0, 4, 6, 27
"c:\Users\Marlowe\Desktop\ProjectBible\apps\trivcanon\verify_migration.py", "Python", 0, 0, 0, 0, 0, 0, 0, 88, 0, 0, 0, 0, 0, 0, 0, 0, 0, 0, 0, 0, 0, 0, 0, 0, 0, 0, 0, 0, 0, 0, 0, 0, 0, 0, 0, 0, 0, 0, 9, 26, 123
"c:\Users\Marlowe\Desktop\ProjectBible\apps\trivcanon\women_of_faith_questions.json", "JSON", 0, 0, 1142, 0, 0, 0, 0, 0, 0, 0, 0, 0, 0, 0, 0, 0, 0, 0, 0, 0, 0, 0, 0, 0, 0, 0, 0, 0, 0, 0, 0, 0, 0, 0, 0, 0, 0, 0, 0, 0, 1142
"c:\Users\Marlowe\Desktop\ProjectBible\data-manifests\chronological\chronology-ruleset-v1.json", "JSON", 0, 0, 914, 0, 0, 0, 0, 0, 0, 0, 0, 0, 0, 0, 0, 0, 0, 0, 0, 0, 0, 0, 0, 0, 0, 0, 0, 0, 0, 0, 0, 0, 0, 0, 0, 0, 0, 0, 0, 1, 915
"c:\Users\Marlowe\Desktop\ProjectBible\data-manifests\samples\kjv-sample.json", "JSON", 0, 0, 89, 0, 0, 0, 0, 0, 0, 0, 0, 0, 0, 0, 0, 0, 0, 0, 0, 0, 0, 0, 0, 0, 0, 0, 0, 0, 0, 0, 0, 0, 0, 0, 0, 0, 0, 0, 0, 1, 90
"c:\Users\Marlowe\Desktop\ProjectBible\data-manifests\samples\web-sample.json", "JSON", 0, 0, 89, 0, 0, 0, 0, 0, 0, 0, 0, 0, 0, 0, 0, 0, 0, 0, 0, 0, 0, 0, 0, 0, 0, 0, 0, 0, 0, 0, 0, 0, 0, 0, 0, 0, 0, 0, 0, 1, 90
"c:\Users\Marlowe\Desktop\ProjectBible\data-manifests\samples\web-source.json", "JSON", 0, 0, 14, 0, 0, 0, 0, 0, 0, 0, 0, 0, 0, 0, 0, 0, 0, 0, 0, 0, 0, 0, 0, 0, 0, 0, 0, 0, 0, 0, 0, 0, 0, 0, 0, 0, 0, 0, 0, 1, 15
"c:\Users\Marlowe\Desktop\ProjectBible\data-manifests\schemas\source-manifest.schema.json", "JSON", 0, 0, 36, 0, 0, 0, 0, 0, 0, 0, 0, 0, 0, 0, 0, 0, 0, 0, 0, 0, 0, 0, 0, 0, 0, 0, 0, 0, 0, 0, 0, 0, 0, 0, 0, 0, 0, 0, 0, 1, 37
"c:\Users\Marlowe\Desktop\ProjectBible\data-manifests\word-mapping-reverse.ndjson", "JSON Lines", 0, 0, 0, 0, 0, 0, 0, 0, 0, 0, 0, 0, 0, 0, 0, 0, 0, 0, 0, 0, 0, 0, 0, 0, 98871, 0, 0, 0, 0, 0, 0, 0, 0, 0, 0, 0, 0, 0, 0, 1, 98872
"c:\Users\Marlowe\Desktop\ProjectBible\data-manifests\word-mapping.ndjson", "JSON Lines", 0, 0, 0, 0, 0, 0, 0, 0, 0, 0, 0, 0, 0, 0, 0, 0, 0, 0, 0, 0, 0, 0, 0, 0, 98871, 0, 0, 0, 0, 0, 0, 0, 0, 0, 0, 0, 0, 0, 0, 1, 98872
"c:\Users\Marlowe\Desktop\ProjectBible\docs\ARCHITECTURE.md", "Markdown", 20, 0, 0, 0, 0, 0, 0, 0, 0, 0, 0, 0, 0, 0, 0, 0, 0, 0, 0, 0, 0, 0, 0, 0, 0, 0, 0, 0, 0, 0, 0, 0, 0, 0, 0, 0, 0, 0, 0, 6, 26
"c:\Users\Marlowe\Desktop\ProjectBible\docs\BIBLICAL-GEOGRAPHY-DATA-SOURCES.md", "Markdown", 718, 0, 0, 0, 0, 0, 0, 0, 0, 0, 0, 0, 0, 0, 0, 0, 0, 0, 0, 0, 0, 0, 0, 0, 0, 0, 0, 0, 0, 0, 0, 0, 0, 0, 0, 0, 0, 0, 0, 140, 858
"c:\Users\Marlowe\Desktop\ProjectBible\docs\BIBLICAL-MAP-DATA-SOURCES.md", "Markdown", 262, 0, 0, 0, 0, 0, 0, 0, 0, 0, 0, 0, 0, 0, 0, 0, 0, 0, 0, 0, 0, 0, 0, 0, 0, 0, 0, 0, 0, 0, 0, 0, 0, 0, 0, 0, 0, 0, 0, 75, 337
"c:\Users\Marlowe\Desktop\ProjectBible\docs\CONSOLIDATED-PACKS-IMPLEMENTATION.md", "Markdown", 358, 0, 0, 0, 0, 0, 0, 0, 0, 0, 0, 0, 0, 0, 0, 0, 0, 0, 0, 0, 0, 0, 0, 0, 0, 0, 0, 0, 0, 0, 0, 0, 0, 0, 0, 0, 0, 0, 0, 87, 445
"c:\Users\Marlowe\Desktop\ProjectBible\docs\CROSS-REFERENCES-IMPLEMENTATION.md", "Markdown", 266, 0, 0, 0, 0, 0, 0, 0, 0, 0, 0, 0, 0, 0, 0, 0, 0, 0, 0, 0, 0, 0, 0, 0, 0, 0, 0, 0, 0, 0, 0, 0, 0, 0, 0, 0, 0, 0, 0, 97, 363
"c:\Users\Marlowe\Desktop\ProjectBible\docs\CROSS-REFERENCES.md", "Markdown", 163, 0, 0, 0, 0, 0, 0, 0, 0, 0, 0, 0, 0, 0, 0, 0, 0, 0, 0, 0, 0, 0, 0, 0, 0, 0, 0, 0, 0, 0, 0, 0, 0, 0, 0, 0, 0, 0, 0, 58, 221
"c:\Users\Marlowe\Desktop\ProjectBible\docs\DEV.md", "Markdown", 29, 0, 0, 0, 0, 0, 0, 0, 0, 0, 0, 0, 0, 0, 0, 0, 0, 0, 0, 0, 0, 0, 0, 0, 0, 0, 0, 0, 0, 0, 0, 0, 0, 0, 0, 0, 0, 0, 0, 12, 41
"c:\Users\Marlowe\Desktop\ProjectBible\docs\DICTIONARY-PACK-IMPLEMENTATION.md", "Markdown", 174, 0, 0, 0, 0, 0, 0, 0, 0, 0, 0, 0, 0, 0, 0, 0, 0, 0, 0, 0, 0, 0, 0, 0, 0, 0, 0, 0, 0, 0, 0, 0, 0, 0, 0, 0, 0, 0, 0, 45, 219
"c:\Users\Marlowe\Desktop\ProjectBible\docs\ENGLISH-LEXICAL-INTEGRATION.md", "Markdown", 337, 0, 0, 0, 0, 0, 0, 0, 0, 0, 0, 0, 0, 0, 0, 0, 0, 0, 0, 0, 0, 0, 0, 0, 0, 0, 0, 0, 0, 0, 0, 0, 0, 0, 0, 0, 0, 0, 0, 118, 455
"c:\Users\Marlowe\Desktop\ProjectBible\docs\ENGLISH-LEXICAL-PACKS.md", "Markdown", 210, 0, 0, 0, 0, 0, 0, 0, 0, 0, 0, 0, 0, 0, 0, 0, 0, 0, 0, 0, 0, 0, 0, 0, 0, 0, 0, 0, 0, 0, 0, 0, 0, 0, 0, 0, 0, 0, 0, 40, 250
"c:\Users\Marlowe\Desktop\ProjectBible\docs\ENHANCED-MAPS-SUMMARY.md", "Markdown", 328, 0, 0, 0, 0, 0, 0, 0, 0, 0, 0, 0, 0, 0, 0, 0, 0, 0, 0, 0, 0, 0, 0, 0, 0, 0, 0, 0, 0, 0, 0, 0, 0, 0, 0, 0, 0, 0, 0, 83, 411
"c:\Users\Marlowe\Desktop\ProjectBible\docs\IMPLEMENTATION-2026-01-06.md", "Markdown", 127, 0, 0, 0, 0, 0, 0, 0, 0, 0, 0, 0, 0, 0, 0, 0, 0, 0, 0, 0, 0, 0, 0, 0, 0, 0, 0, 0, 0, 0, 0, 0, 0, 0, 0, 0, 0, 0, 0, 63, 190
"c:\Users\Marlowe\Desktop\ProjectBible\docs\INTEGRATION-COMPLETE.md", "Markdown", 254, 0, 0, 0, 0, 0, 0, 0, 0, 0, 0, 0, 0, 0, 0, 0, 0, 0, 0, 0, 0, 0, 0, 0, 0, 0, 0, 0, 0, 0, 0, 0, 0, 0, 0, 0, 0, 0, 3, 87, 344
"c:\Users\Marlowe\Desktop\ProjectBible\docs\LEXICON.md", "Markdown", 241, 0, 0, 0, 0, 0, 0, 0, 0, 0, 0, 0, 0, 0, 0, 0, 0, 0, 0, 0, 0, 0, 0, 0, 0, 0, 0, 0, 0, 0, 0, 0, 0, 0, 0, 0, 0, 0, 0, 86, 327
"c:\Users\Marlowe\Desktop\ProjectBible\docs\MOBILE-SETUP.md", "Markdown", 143, 0, 0, 0, 0, 0, 0, 0, 0, 0, 0, 0, 0, 0, 0, 0, 0, 0, 0, 0, 0, 0, 0, 0, 0, 0, 0, 0, 0, 0, 0, 0, 0, 0, 0, 0, 0, 0, 0, 41, 184
"c:\Users\Marlowe\Desktop\ProjectBible\docs\MORPHOLOGY-PACKS-STATUS.md", "Markdown", 221, 0, 0, 0, 0, 0, 0, 0, 0, 0, 0, 0, 0, 0, 0, 0, 0, 0, 0, 0, 0, 0, 0, 0, 0, 0, 0, 0, 0, 0, 0, 0, 0, 0, 0, 0, 0, 0, 0, 45, 266
"c:\Users\Marlowe\Desktop\ProjectBible\docs\NAVIGATION-IMPLEMENTATION.md", "Markdown", 100, 0, 0, 0, 0, 0, 0, 0, 0, 0, 0, 0, 0, 0, 0, 0, 0, 0, 0, 0, 0, 0, 0, 0, 0, 0, 0, 0, 0, 0, 0, 0, 0, 0, 0, 0, 0, 0, 0, 25, 125
"c:\Users\Marlowe\Desktop\ProjectBible\docs\OFFLINE-MAP-TILES.md", "Markdown", 300, 0, 0, 0, 0, 0, 0, 0, 0, 0, 0, 0, 0, 0, 0, 0, 0, 0, 0, 0, 0, 0, 0, 0, 0, 0, 0, 0, 0, 0, 0, 0, 0, 0, 0, 0, 0, 0, 0, 89, 389
"c:\Users\Marlowe\Desktop\ProjectBible\docs\OPTIMIZATION-IMPLEMENTATION-COMPLETE.md", "Markdown", 282, 0, 0, 0, 0, 0, 0, 0, 0, 0, 0, 0, 0, 0, 0, 0, 0, 0, 0, 0, 0, 0, 0, 0, 0, 0, 0, 0, 0, 0, 0, 0, 0, 0, 0, 0, 0, 0, 0, 65, 347
"c:\Users\Marlowe\Desktop\ProjectBible\docs\OPTIMIZATION-QUICK-REF.md", "Markdown", 124, 0, 0, 0, 0, 0, 0, 0, 0, 0, 0, 0, 0, 0, 0, 0, 0, 0, 0, 0, 0, 0, 0, 0, 0, 0, 0, 0, 0, 0, 0, 0, 0, 0, 0, 0, 0, 0, 0, 38, 162
"c:\Users\Marlowe\Desktop\ProjectBible\docs\PACK-MANAGEMENT.md", "Markdown", 127, 0, 0, 0, 0, 0, 0, 0, 0, 0, 0, 0, 0, 0, 0, 0, 0, 0, 0, 0, 0, 0, 0, 0, 0, 0, 0, 0, 0, 0, 0, 0, 0, 0, 0, 0, 0, 0, 0, 38, 165
"c:\Users\Marlowe\Desktop\ProjectBible\docs\PACK-STANDARD-V1.md", "Markdown", 421, 0, 0, 0, 0, 0, 0, 0, 0, 0, 0, 0, 0, 0, 0, 0, 0, 0, 0, 0, 0, 0, 0, 0, 0, 0, 0, 0, 0, 0, 0, 0, 0, 0, 0, 0, 0, 0, 0, 154, 575
"c:\Users\Marlowe\Desktop\ProjectBible\docs\PACK-SYSTEM-IMPLEMENTATION.md", "Markdown", 177, 0, 0, 0, 0, 0, 0, 0, 0, 0, 0, 0, 0, 0, 0, 0, 0, 0, 0, 0, 0, 0, 0, 0, 0, 0, 0, 0, 0, 0, 0, 0, 0, 0, 0, 0, 0, 0, 0, 45, 222
"c:\Users\Marlowe\Desktop\ProjectBible\docs\PERFORMANCE-OPTIMIZATION.md", "Markdown", 319, 0, 0, 0, 0, 0, 0, 0, 0, 0, 0, 0, 0, 0, 0, 0, 0, 0, 0, 0, 0, 0, 0, 0, 0, 0, 0, 0, 0, 0, 0, 0, 0, 0, 0, 0, 0, 0, 0, 89, 408
"c:\Users\Marlowe\Desktop\ProjectBible\docs\PLACES.md", "Markdown", 228, 0, 0, 0, 0, 0, 0, 0, 0, 0, 0, 0, 0, 0, 0, 0, 0, 0, 0, 0, 0, 0, 0, 0, 0, 0, 0, 0, 0, 0, 0, 0, 0, 0, 0, 0, 0, 0, 0, 84, 312
"c:\Users\Marlowe\Desktop\ProjectBible\docs\POWER-SEARCH-SESSION-2026-01-15.md", "Markdown", 54, 0, 0, 0, 0, 0, 0, 0, 0, 0, 0, 0, 0, 0, 0, 0, 0, 0, 0, 0, 0, 0, 0, 0, 0, 0, 0, 0, 0, 0, 0, 0, 0, 0, 0, 0, 0, 0, 0, 12, 66
"c:\Users\Marlowe\Desktop\ProjectBible\docs\ProjectBible.code-workspace", "JSON with Comments", 0, 18, 0, 0, 0, 0, 0, 0, 0, 0, 0, 0, 0, 0, 0, 0, 0, 0, 0, 0, 0, 0, 0, 0, 0, 0, 0, 0, 0, 0, 0, 0, 0, 0, 0, 0, 0, 0, 0, 0, 18
"c:\Users\Marlowe\Desktop\ProjectBible\docs\QUICKSTART.md", "Markdown", 182, 0, 0, 0, 0, 0, 0, 0, 0, 0, 0, 0, 0, 0, 0, 0, 0, 0, 0, 0, 0, 0, 0, 0, 0, 0, 0, 0, 0, 0, 0, 0, 0, 0, 0, 0, 0, 0, 0, 67, 249
"c:\Users\Marlowe\Desktop\ProjectBible\docs\READING-HISTORY.md", "Markdown", 327, 0, 0, 0, 0, 0, 0, 0, 0, 0, 0, 0, 0, 0, 0, 0, 0, 0, 0, 0, 0, 0, 0, 0, 0, 0, 0, 0, 0, 0, 0, 0, 0, 0, 0, 0, 0, 0, 0, 114, 441
"c:\Users\Marlowe\Desktop\ProjectBible\docs\READING-PLANS.md", "Markdown", 98, 0, 0, 0, 0, 0, 0, 0, 0, 0, 0, 0, 0, 0, 0, 0, 0, 0, 0, 0, 0, 0, 0, 0, 0, 0, 0, 0, 0, 0, 0, 0, 0, 0, 0, 0, 0, 0, 0, 38, 136
"c:\Users\Marlowe\Desktop\ProjectBible\docs\SWORD-INTEGRATION.md", "Markdown", 237, 0, 0, 0, 0, 0, 0, 0, 0, 0, 0, 0, 0, 0, 0, 0, 0, 0, 0, 0, 0, 0, 0, 0, 0, 0, 0, 0, 0, 0, 0, 0, 0, 0, 0, 0, 0, 0, 0, 92, 329
"c:\Users\Marlowe\Desktop\ProjectBible\docs\USER-DATA.md", "Markdown", 167, 0, 0, 0, 0, 0, 0, 0, 0, 0, 0, 0, 0, 0, 0, 0, 0, 0, 0, 0, 0, 0, 0, 0, 0, 0, 0, 0, 0, 0, 0, 0, 0, 0, 0, 0, 0, 0, 0, 61, 228
"c:\Users\Marlowe\Desktop\ProjectBible\docs\VERCEL-DEPLOYMENT.md", "Markdown", 280, 0, 0, 0, 0, 0, 0, 0, 0, 0, 0, 0, 0, 0, 0, 0, 0, 0, 0, 0, 0, 0, 0, 0, 0, 0, 0, 0, 0, 0, 0, 0, 0, 0, 0, 0, 0, 0, 0, 62, 342
"c:\Users\Marlowe\Desktop\ProjectBible\external-repos\AI_Commentary\README.md", "Markdown", 40, 0, 0, 0, 0, 0, 0, 0, 0, 0, 0, 0, 0, 0, 0, 0, 0, 0, 0, 0, 0, 0, 0, 0, 0, 0, 0, 0, 0, 0, 0, 0, 0, 0, 0, 0, 0, 0, 0, 24, 64
"c:\Users\Marlowe\Desktop\ProjectBible\external-repos\AI_Commentary\create_ai_commentary.py", "Python", 0, 0, 0, 0, 0, 0, 0, 157, 0, 0, 0, 0, 0, 0, 0, 0, 0, 0, 0, 0, 0, 0, 0, 0, 0, 0, 0, 0, 0, 0, 0, 0, 0, 0, 0, 0, 0, 0, 31, 26, 214
"c:\Users\Marlowe\Desktop\ProjectBible\external-repos\AI_Commentary\create_ai_commentary_sc.py", "Python", 0, 0, 0, 0, 0, 0, 0, 59, 0, 0, 0, 0, 0, 0, 0, 0, 0, 0, 0, 0, 0, 0, 0, 0, 0, 0, 0, 0, 0, 0, 0, 0, 0, 0, 0, 0, 0, 0, 17, 16, 92
"c:\Users\Marlowe\Desktop\ProjectBible\external-repos\AI_Commentary\create_ai_commentary_zh.py", "Python", 0, 0, 0, 0, 0, 0, 0, 163, 0, 0, 0, 0, 0, 0, 0, 0, 0, 0, 0, 0, 0, 0, 0, 0, 0, 0, 0, 0, 0, 0, 0, 0, 0, 0, 0, 0, 0, 0, 30, 29, 222
"c:\Users\Marlowe\Desktop\ProjectBible\external-repos\AI_Commentary\refine.py", "Python", 0, 0, 0, 0, 0, 0, 0, 95, 0, 0, 0, 0, 0, 0, 0, 0, 0, 0, 0, 0, 0, 0, 0, 0, 0, 0, 0, 0, 0, 0, 0, 0, 0, 0, 0, 0, 0, 0, 21, 20, 136
"c:\Users\Marlowe\Desktop\ProjectBible\external-repos\AI_Commentary\verse_alignment\CUV.md", "Markdown", 22, 0, 0, 0, 0, 0, 0, 0, 0, 0, 0, 0, 0, 0, 0, 0, 0, 0, 0, 0, 0, 0, 0, 0, 0, 0, 0, 0, 0, 0, 0, 0, 0, 0, 0, 0, 0, 0, 0, 6, 28
"c:\Users\Marlowe\Desktop\ProjectBible\external-repos\AI_Commentary\verse_alignment\NET.md", "Markdown", 4, 0, 0, 0, 0, 0, 0, 0, 0, 0, 0, 0, 0, 0, 0, 0, 0, 0, 0, 0, 0, 0, 0, 0, 0, 0, 0, 0, 0, 0, 0, 0, 0, 0, 0, 0, 0, 0, 0, 3, 7
"c:\Users\Marlowe\Desktop\ProjectBible\external-repos\BibleOrgSys\.travis.yml", "YAML", 0, 0, 0, 0, 21, 0, 0, 0, 0, 0, 0, 0, 0, 0, 0, 0, 0, 0, 0, 0, 0, 0, 0, 0, 0, 0, 0, 0, 0, 0, 0, 0, 0, 0, 0, 0, 0, 0, 8, 8, 37
"c:\Users\Marlowe\Desktop\ProjectBible\external-repos\BibleOrgSys\Apps\CheckuWLiteralNTvsGreek.py", "Python", 0, 0, 0, 0, 0, 0, 0, 72, 0, 0, 0, 0, 0, 0, 0, 0, 0, 0, 0, 0, 0, 0, 0, 0, 0, 0, 0, 0, 0, 0, 0, 0, 0, 0, 0, 0, 0, 0, 90, 21, 183
"c:\Users\Marlowe\Desktop\ProjectBible\external-repos\BibleOrgSys\Apps\CreateDistributableResources.py", "Python", 0, 0, 0, 0, 0, 0, 0, 834, 0, 0, 0, 0, 0, 0, 0, 0, 0, 0, 0, 0, 0, 0, 0, 0, 0, 0, 0, 0, 0, 0, 0, 0, 0, 0, 0, 0, 0, 0, 194, 70, 1098
"c:\Users\Marlowe\Desktop\ProjectBible\external-repos\BibleOrgSys\Apps\EvaluateBibleLiteralness.py", "Python", 0, 0, 0, 0, 0, 0, 0, 908, 0, 0, 0, 0, 0, 0, 0, 0, 0, 0, 0, 0, 0, 0, 0, 0, 0, 0, 0, 0, 0, 0, 0, 0, 0, 0, 0, 0, 0, 0, 306, 120, 1334
"c:\Users\Marlowe\Desktop\ProjectBible\external-repos\BibleOrgSys\Apps\FreeBibleConvert.py", "Python", 0, 0, 0, 0, 0, 0, 0, 167, 0, 0, 0, 0, 0, 0, 0, 0, 0, 0, 0, 0, 0, 0, 0, 0, 0, 0, 0, 0, 0, 0, 0, 0, 0, 0, 0, 0, 0, 0, 77, 44, 288
"c:\Users\Marlowe\Desktop\ProjectBible\external-repos\BibleOrgSys\Apps\GetKJVVerseNumber.py", "Python", 0, 0, 0, 0, 0, 0, 0, 59, 0, 0, 0, 0, 0, 0, 0, 0, 0, 0, 0, 0, 0, 0, 0, 0, 0, 0, 0, 0, 0, 0, 0, 0, 0, 0, 0, 0, 0, 0, 75, 19, 153
"c:\Users\Marlowe\Desktop\ProjectBible\external-repos\BibleOrgSys\Apps\MakePhotoBible.py", "Python", 0, 0, 0, 0, 0, 0, 0, 39, 0, 0, 0, 0, 0, 0, 0, 0, 0, 0, 0, 0, 0, 0, 0, 0, 0, 0, 0, 0, 0, 0, 0, 0, 0, 0, 0, 0, 0, 0, 93, 19, 151
"c:\Users\Marlowe\Desktop\ProjectBible\external-repos\BibleOrgSys\Apps\ReorderSongs.py", "Python", 0, 0, 0, 0, 0, 0, 0, 57, 0, 0, 0, 0, 0, 0, 0, 0, 0, 0, 0, 0, 0, 0, 0, 0, 0, 0, 0, 0, 0, 0, 0, 0, 0, 0, 0, 0, 0, 0, 62, 19, 138
"c:\Users\Marlowe\Desktop\ProjectBible\external-repos\BibleOrgSys\Apps\TestBooksCodesRE.py", "Python", 0, 0, 0, 0, 0, 0, 0, 69, 0, 0, 0, 0, 0, 0, 0, 0, 0, 0, 0, 0, 0, 0, 0, 0, 0, 0, 0, 0, 0, 0, 0, 0, 0, 0, 0, 0, 0, 0, 57, 22, 148
"c:\Users\Marlowe\Desktop\ProjectBible\external-repos\BibleOrgSys\BOS_LOSM_Timeout.sh", "Shell Script", 0, 0, 0, 0, 0, 0, 0, 0, 0, 0, 0, 0, 0, 0, 0, 0, 0, 2, 0, 0, 0, 0, 0, 0, 0, 0, 0, 0, 0, 0, 0, 0, 0, 0, 0, 0, 0, 0, 15, 3, 20
"c:\Users\Marlowe\Desktop\ProjectBible\external-repos\BibleOrgSys\BibleOrgSys\Apps\Bible2USX.py", "Python", 0, 0, 0, 0, 0, 0, 0, 44, 0, 0, 0, 0, 0, 0, 0, 0, 0, 0, 0, 0, 0, 0, 0, 0, 0, 0, 0, 0, 0, 0, 0, 0, 0, 0, 0, 0, 0, 0, 95, 21, 160
"c:\Users\Marlowe\Desktop\ProjectBible\external-repos\BibleOrgSys\BibleOrgSys\Apps\Bible2USX_minimal.py", "Python", 0, 0, 0, 0, 0, 0, 0, 18, 0, 0, 0, 0, 0, 0, 0, 0, 0, 0, 0, 0, 0, 0, 0, 0, 0, 0, 0, 0, 0, 0, 0, 0, 0, 0, 0, 0, 0, 0, 34, 9, 61
"c:\Users\Marlowe\Desktop\ProjectBible\external-repos\BibleOrgSys\BibleOrgSys\Apps\__init__.py", "Python", 0, 0, 0, 0, 0, 0, 0, 0, 0, 0, 0, 0, 0, 0, 0, 0, 0, 0, 0, 0, 0, 0, 0, 0, 0, 0, 0, 0, 0, 0, 0, 0, 0, 0, 0, 0, 0, 0, 0, 1, 1
"c:\Users\Marlowe\Desktop\ProjectBible\external-repos\BibleOrgSys\BibleOrgSys\Bible.py", "Python", 0, 0, 0, 0, 0, 0, 0, 55, 0, 0, 0, 0, 0, 0, 0, 0, 0, 0, 0, 0, 0, 0, 0, 0, 0, 0, 0, 0, 0, 0, 0, 0, 0, 0, 0, 0, 0, 0, 97, 30, 182
"c:\Users\Marlowe\Desktop\ProjectBible\external-repos\BibleOrgSys\BibleOrgSys\BibleOrgSysGlobals.py", "Python", 0, 0, 0, 0, 0, 0, 0, 805, 0, 0, 0, 0, 0, 0, 0, 0, 0, 0, 0, 0, 0, 0, 0, 0, 0, 0, 0, 0, 0, 0, 0, 0, 0, 0, 0, 0, 0, 0, 816, 185, 1806
"c:\Users\Marlowe\Desktop\ProjectBible\external-repos\BibleOrgSys\BibleOrgSys\BibleWriter.py", "Python", 0, 0, 0, 0, 0, 0, 0, 7421, 0, 0, 0, 0, 0, 0, 0, 0, 0, 0, 0, 0, 0, 0, 0, 0, 0, 0, 0, 0, 0, 0, 0, 0, 0, 0, 0, 0, 0, 0, 2361, 933, 10715
"c:\Users\Marlowe\Desktop\ProjectBible\external-repos\BibleOrgSys\BibleOrgSys\DataFiles\BibleBooksCodes.xml", "XML", 0, 0, 0, 0, 0, 0, 0, 0, 0, 0, 0, 0, 0, 0, 4262, 0, 0, 0, 0, 0, 0, 0, 0, 0, 0, 0, 0, 0, 0, 0, 0, 0, 0, 0, 0, 0, 0, 0, 170, 36, 4468
"c:\Users\Marlowe\Desktop\ProjectBible\external-repos\BibleOrgSys\BibleOrgSys\DataFiles\BibleOrganisationalSystems.xml", "XML", 0, 0, 0, 0, 0, 0, 0, 0, 0, 0, 0, 0, 0, 0, 2242, 0, 0, 0, 0, 0, 0, 0, 0, 0, 0, 0, 0, 0, 0, 0, 0, 0, 0, 0, 0, 0, 0, 0, 44, 176, 2462
"c:\Users\Marlowe\Desktop\ProjectBible\external-repos\BibleOrgSys\BibleOrgSys\DataFiles\BookNames\BibleBooksNames_deu_traditional.xml", "XML", 0, 0, 0, 0, 0, 0, 0, 0, 0, 0, 0, 0, 0, 0, 1054, 0, 0, 0, 0, 0, 0, 0, 0, 0, 0, 0, 0, 0, 0, 0, 0, 0, 0, 0, 0, 0, 0, 0, 46, 21, 1121
"c:\Users\Marlowe\Desktop\ProjectBible\external-repos\BibleOrgSys\BibleOrgSys\DataFiles\BookNames\BibleBooksNames_dut_traditional.xml", "XML", 0, 0, 0, 0, 0, 0, 0, 0, 0, 0, 0, 0, 0, 0, 993, 0, 0, 0, 0, 0, 0, 0, 0, 0, 0, 0, 0, 0, 0, 0, 0, 0, 0, 0, 0, 0, 0, 0, 45, 22, 1060
"c:\Users\Marlowe\Desktop\ProjectBible\external-repos\BibleOrgSys\BibleOrgSys\DataFiles\BookNames\BibleBooksNames_eng_deuterocanon.xml", "XML", 0, 0, 0, 0, 0, 0, 0, 0, 0, 0, 0, 0, 0, 0, 1050, 0, 0, 0, 0, 0, 0, 0, 0, 0, 0, 0, 0, 0, 0, 0, 0, 0, 0, 0, 0, 0, 0, 0, 49, 24, 1123
"c:\Users\Marlowe\Desktop\ProjectBible\external-repos\BibleOrgSys\BibleOrgSys\DataFiles\BookNames\BibleBooksNames_eng_extensive.xml", "XML", 0, 0, 0, 0, 0, 0, 0, 0, 0, 0, 0, 0, 0, 0, 1439, 0, 0, 0, 0, 0, 0, 0, 0, 0, 0, 0, 0, 0, 0, 0, 0, 0, 0, 0, 0, 0, 0, 0, 54, 39, 1532
"c:\Users\Marlowe\Desktop\ProjectBible\external-repos\BibleOrgSys\BibleOrgSys\DataFiles\BookNames\BibleBooksNames_eng_traditional.xml", "XML", 0, 0, 0, 0, 0, 0, 0, 0, 0, 0, 0, 0, 0, 0, 710, 0, 0, 0, 0, 0, 0, 0, 0, 0, 0, 0, 0, 0, 0, 0, 0, 0, 0, 0, 0, 0, 0, 0, 49, 18, 777
"c:\Users\Marlowe\Desktop\ProjectBible\external-repos\BibleOrgSys\BibleOrgSys\DataFiles\BookNames\BibleBooksNames_fra_traditional.xml", "XML", 0, 0, 0, 0, 0, 0, 0, 0, 0, 0, 0, 0, 0, 0, 1010, 0, 0, 0, 0, 0, 0, 0, 0, 0, 0, 0, 0, 0, 0, 0, 0, 0, 0, 0, 0, 0, 0, 0, 45, 22, 1077
"c:\Users\Marlowe\Desktop\ProjectBible\external-repos\BibleOrgSys\BibleOrgSys\DataFiles\BookNames\BibleBooksNames_mbt.xml", "XML", 0, 0, 0, 0, 0, 0, 0, 0, 0, 0, 0, 0, 0, 0, 640, 0, 0, 0, 0, 0, 0, 0, 0, 0, 0, 0, 0, 0, 0, 0, 0, 0, 0, 0, 0, 0, 0, 0, 42, 12, 694
"c:\Users\Marlowe\Desktop\ProjectBible\external-repos\BibleOrgSys\BibleOrgSys\DataFiles\BookNames\BibleBooksNames_por_traditional.xml", "XML", 0, 0, 0, 0, 0, 0, 0, 0, 0, 0, 0, 0, 0, 0, 1010, 0, 0, 0, 0, 0, 0, 0, 0, 0, 0, 0, 0, 0, 0, 0, 0, 0, 0, 0, 0, 0, 0, 0, 45, 22, 1077
"c:\Users\Marlowe\Desktop\ProjectBible\external-repos\BibleOrgSys\BibleOrgSys\DataFiles\BookNames\BibleBooksNames_rus_traditional.xml", "XML", 0, 0, 0, 0, 0, 0, 0, 0, 0, 0, 0, 0, 0, 0, 785, 0, 0, 0, 0, 0, 0, 0, 0, 0, 0, 0, 0, 0, 0, 0, 0, 0, 0, 0, 0, 0, 0, 0, 45, 22, 852
"c:\Users\Marlowe\Desktop\ProjectBible\external-repos\BibleOrgSys\BibleOrgSys\DataFiles\BookNames\BibleBooksNames_spa_traditional.xml", "XML", 0, 0, 0, 0, 0, 0, 0, 0, 0, 0, 0, 0, 0, 0, 1010, 0, 0, 0, 0, 0, 0, 0, 0, 0, 0, 0, 0, 0, 0, 0, 0, 0, 0, 0, 0, 0, 0, 0, 45, 22, 1077
"c:\Users\Marlowe\Desktop\ProjectBible\external-repos\BibleOrgSys\BibleOrgSys\DataFiles\BookNames\__init__.py", "Python", 0, 0, 0, 0, 0, 0, 0, 0, 0, 0, 0, 0, 0, 0, 0, 0, 0, 0, 0, 0, 0, 0, 0, 0, 0, 0, 0, 0, 0, 0, 0, 0, 0, 0, 0, 0, 0, 0, 0, 1, 1
"c:\Users\Marlowe\Desktop\ProjectBible\external-repos\BibleOrgSys\BibleOrgSys\DataFiles\BookOrders\BibleBookOrder_ALL.xml", "XML", 0, 0, 0, 0, 0, 0, 0, 0, 0, 0, 0, 0, 0, 0, 219, 0, 0, 0, 0, 0, 0, 0, 0, 0, 0, 0, 0, 0, 0, 0, 0, 0, 0, 0, 0, 0, 0, 0, 15, 6, 240
"c:\Users\Marlowe\Desktop\ProjectBible\external-repos\BibleOrgSys\BibleOrgSys\DataFiles\BookOrders\BibleBookOrder_ArmenianNewTestament.xml", "XML", 0, 0, 0, 0, 0, 0, 0, 0, 0, 0, 0, 0, 0, 0, 57, 0, 0, 0, 0, 0, 0, 0, 0, 0, 0, 0, 0, 0, 0, 0, 0, 0, 0, 0, 0, 0, 0, 0, 15, 6, 78
"c:\Users\Marlowe\Desktop\ProjectBible\external-repos\BibleOrgSys\BibleOrgSys\DataFiles\BookOrders\BibleBookOrder_EthiopianProtestantBible.xml", "XML", 0, 0, 0, 0, 0, 0, 0, 0, 0, 0, 0, 0, 0, 0, 96, 0, 0, 0, 0, 0, 0, 0, 0, 0, 0, 0, 0, 0, 0, 0, 0, 0, 0, 0, 0, 0, 0, 0, 15, 6, 117
"c:\Users\Marlowe\Desktop\ProjectBible\external-repos\BibleOrgSys\BibleOrgSys\DataFiles\BookOrders\BibleBookOrder_EuropeanBible.xml", "XML", 0, 0, 0, 0, 0, 0, 0, 0, 0, 0, 0, 0, 0, 0, 102, 0, 0, 0, 0, 0, 0, 0, 0, 0, 0, 0, 0, 0, 0, 0, 0, 0, 0, 0, 0, 0, 0, 0, 15, 6, 123
"c:\Users\Marlowe\Desktop\ProjectBible\external-repos\BibleOrgSys\BibleOrgSys\DataFiles\BookOrders\BibleBookOrder_GutenbergNewTestament.xml", "XML", 0, 0, 0, 0, 0, 0, 0, 0, 0, 0, 0, 0, 0, 0, 57, 0, 0, 0, 0, 0, 0, 0, 0, 0, 0, 0, 0, 0, 0, 0, 0, 0, 0, 0, 0, 0, 0, 0, 15, 6, 78
"c:\Users\Marlowe\Desktop\ProjectBible\external-repos\BibleOrgSys\BibleOrgSys\DataFiles\BookOrders\BibleBookOrder_HebrewLetteris.xml", "XML", 0, 0, 0, 0, 0, 0, 0, 0, 0, 0, 0, 0, 0, 0, 54, 0, 0, 0, 0, 0, 0, 0, 0, 0, 0, 0, 0, 0, 0, 0, 0, 0, 0, 0, 0, 0, 0, 0, 15, 6, 75
"c:\Users\Marlowe\Desktop\ProjectBible\external-repos\BibleOrgSys\BibleOrgSys\DataFiles\BookOrders\BibleBookOrder_HebrewStuttgart.xml", "XML", 0, 0, 0, 0, 0, 0, 0, 0, 0, 0, 0, 0, 0, 0, 54, 0, 0, 0, 0, 0, 0, 0, 0, 0, 0, 0, 0, 0, 0, 0, 0, 0, 0, 0, 0, 0, 0, 0, 15, 6, 75
"c:\Users\Marlowe\Desktop\ProjectBible\external-repos\BibleOrgSys\BibleOrgSys\DataFiles\BookOrders\BibleBookOrder_KJVwithApocrypha.xml", "XML", 0, 0, 0, 0, 0, 0, 0, 0, 0, 0, 0, 0, 0, 0, 109, 0, 0, 0, 0, 0, 0, 0, 0, 0, 0, 0, 0, 0, 0, 0, 0, 0, 0, 0, 0, 0, 0, 0, 15, 6, 130
"c:\Users\Marlowe\Desktop\ProjectBible\external-repos\BibleOrgSys\BibleOrgSys\DataFiles\BookOrders\BibleBookOrder_Leningradensis.xml", "XML", 0, 0, 0, 0, 0, 0, 0, 0, 0, 0, 0, 0, 0, 0, 68, 0, 0, 0, 0, 0, 0, 0, 0, 0, 0, 0, 0, 0, 0, 0, 0, 0, 0, 0, 0, 0, 0, 0, 15, 6, 89
"c:\Users\Marlowe\Desktop\ProjectBible\external-repos\BibleOrgSys\BibleOrgSys\DataFiles\BookOrders\BibleBookOrder_LutheranBible.xml", "XML", 0, 0, 0, 0, 0, 0, 0, 0, 0, 0, 0, 0, 0, 0, 105, 0, 0, 0, 0, 0, 0, 0, 0, 0, 0, 0, 0, 0, 0, 0, 0, 0, 0, 0, 0, 0, 0, 0, 15, 6, 126
"c:\Users\Marlowe\Desktop\ProjectBible\external-repos\BibleOrgSys\BibleOrgSys\DataFiles\BookOrders\BibleBookOrder_MasoreticText.xml", "XML", 0, 0, 0, 0, 0, 0, 0, 0, 0, 0, 0, 0, 0, 0, 68, 0, 0, 0, 0, 0, 0, 0, 0, 0, 0, 0, 0, 0, 0, 0, 0, 0, 0, 0, 0, 0, 0, 0, 15, 6, 89
"c:\Users\Marlowe\Desktop\ProjectBible\external-repos\BibleOrgSys\BibleOrgSys\DataFiles\BookOrders\BibleBookOrder_ModernJewish.xml", "XML", 0, 0, 0, 0, 0, 0, 0, 0, 0, 0, 0, 0, 0, 0, 68, 0, 0, 0, 0, 0, 0, 0, 0, 0, 0, 0, 0, 0, 0, 0, 0, 0, 0, 0, 0, 0, 0, 0, 15, 6, 89
"c:\Users\Marlowe\Desktop\ProjectBible\external-repos\BibleOrgSys\BibleOrgSys\DataFiles\BookOrders\BibleBookOrder_NRSVwithApocrypha.xml", "XML", 0, 0, 0, 0, 0, 0, 0, 0, 0, 0, 0, 0, 0, 0, 112, 0, 0, 0, 0, 0, 0, 0, 0, 0, 0, 0, 0, 0, 0, 0, 0, 0, 0, 0, 0, 0, 0, 0, 15, 6, 133
"c:\Users\Marlowe\Desktop\ProjectBible\external-repos\BibleOrgSys\BibleOrgSys\DataFiles\BookOrders\BibleBookOrder_Septuagint.xml", "XML", 0, 0, 0, 0, 0, 0, 0, 0, 0, 0, 0, 0, 0, 0, 83, 0, 0, 0, 0, 0, 0, 0, 0, 0, 0, 0, 0, 0, 0, 0, 0, 0, 0, 0, 0, 0, 0, 0, 15, 6, 104
"c:\Users\Marlowe\Desktop\ProjectBible\external-repos\BibleOrgSys\BibleOrgSys\DataFiles\BookOrders\BibleBookOrder_SynodalBible.xml", "XML", 0, 0, 0, 0, 0, 0, 0, 0, 0, 0, 0, 0, 0, 0, 107, 0, 0, 0, 0, 0, 0, 0, 0, 0, 0, 0, 0, 0, 0, 0, 0, 0, 0, 0, 0, 0, 0, 0, 15, 6, 128
"c:\Users\Marlowe\Desktop\ProjectBible\external-repos\BibleOrgSys\BibleOrgSys\DataFiles\BookOrders\BibleBookOrder_SyriacNewTestament.xml", "XML", 0, 0, 0, 0, 0, 0, 0, 0, 0, 0, 0, 0, 0, 0, 57, 0, 0, 0, 0, 0, 0, 0, 0, 0, 0, 0, 0, 0, 0, 0, 0, 0, 0, 0, 0, 0, 0, 0, 15, 6, 78
"c:\Users\Marlowe\Desktop\ProjectBible\external-repos\BibleOrgSys\BibleOrgSys\DataFiles\BookOrders\BibleBookOrder_VulgateBible.xml", "XML", 0, 0, 0, 0, 0, 0, 0, 0, 0, 0, 0, 0, 0, 0, 107, 0, 0, 0, 0, 0, 0, 0, 0, 0, 0, 0, 0, 0, 0, 0, 0, 0, 0, 0, 0, 0, 0, 0, 15, 6, 128
"c:\Users\Marlowe\Desktop\ProjectBible\external-repos\BibleOrgSys\BibleOrgSys\DataFiles\BookOrders\__init__.py", "Python", 0, 0, 0, 0, 0, 0, 0, 0, 0, 0, 0, 0, 0, 0, 0, 0, 0, 0, 0, 0, 0, 0, 0, 0, 0, 0, 0, 0, 0, 0, 0, 0, 0, 0, 0, 0, 0, 0, 0, 1, 1
"c:\Users\Marlowe\Desktop\ProjectBible\external-repos\BibleOrgSys\BibleOrgSys\DataFiles\DerivedFiles\BibleBookOrders_Tables.c", "C", 0, 0, 0, 0, 0, 0, 0, 0, 0, 0, 0, 0, 0, 0, 0, 0, 0, 0, 0, 0, 0, 0, 0, 0, 0, 0, 0, 0, 0, 2164, 0, 0, 0, 0, 0, 0, 0, 0, 93, 55, 2312
"c:\Users\Marlowe\Desktop\ProjectBible\external-repos\BibleOrgSys\BibleOrgSys\DataFiles\DerivedFiles\BibleBookOrders_Tables.h", "C++", 0, 0, 0, 0, 0, 0, 0, 0, 0, 0, 0, 16, 0, 0, 0, 0, 0, 0, 0, 0, 0, 0, 0, 0, 0, 0, 0, 0, 0, 0, 0, 0, 0, 0, 0, 0, 0, 0, 5, 6, 27
"c:\Users\Marlowe\Desktop\ProjectBible\external-repos\BibleOrgSys\BibleOrgSys\DataFiles\DerivedFiles\BibleBookOrders_Tables.json", "JSON", 0, 0, 2146, 0, 0, 0, 0, 0, 0, 0, 0, 0, 0, 0, 0, 0, 0, 0, 0, 0, 0, 0, 0, 0, 0, 0, 0, 0, 0, 0, 0, 0, 0, 0, 0, 0, 0, 0, 0, 0, 2146
"c:\Users\Marlowe\Desktop\ProjectBible\external-repos\BibleOrgSys\BibleOrgSys\DataFiles\DerivedFiles\BibleBookOrders_Tables.py", "Python", 0, 0, 0, 0, 0, 0, 0, 2114, 0, 0, 0, 0, 0, 0, 0, 0, 0, 0, 0, 0, 0, 0, 0, 0, 0, 0, 0, 0, 0, 0, 0, 0, 0, 0, 0, 0, 0, 0, 79, 40, 2233
"c:\Users\Marlowe\Desktop\ProjectBible\external-repos\BibleOrgSys\BibleOrgSys\DataFiles\DerivedFiles\BibleBooksCodes_Tables.json", "JSON", 0, 0, 25679, 0, 0, 0, 0, 0, 0, 0, 0, 0, 0, 0, 0, 0, 0, 0, 0, 0, 0, 0, 0, 0, 0, 0, 0, 0, 0, 0, 0, 0, 0, 0, 0, 0, 0, 0, 0, 0, 25679
"c:\Users\Marlowe\Desktop\ProjectBible\external-repos\BibleOrgSys\BibleOrgSys\DataFiles\DerivedFiles\BibleBooksCodes_Tables.tsv", "TSV", 0, 0, 0, 0, 0, 0, 0, 0, 0, 0, 0, 0, 0, 0, 0, 0, 0, 0, 0, 0, 0, 0, 0, 0, 0, 0, 0, 0, 0, 0, 258, 0, 0, 0, 0, 0, 0, 0, 0, 1, 259
"c:\Users\Marlowe\Desktop\ProjectBible\external-repos\BibleOrgSys\BibleOrgSys\DataFiles\DerivedFiles\BibleBooksNames_Tables.json", "JSON", 0, 0, 14646, 0, 0, 0, 0, 0, 0, 0, 0, 0, 0, 0, 0, 0, 0, 0, 0, 0, 0, 0, 0, 0, 0, 0, 0, 0, 0, 0, 0, 0, 0, 0, 0, 0, 0, 0, 0, 0, 14646
"c:\Users\Marlowe\Desktop\ProjectBible\external-repos\BibleOrgSys\BibleOrgSys\DataFiles\DerivedFiles\BibleOrganisationalSystems_Tables.json", "JSON", 0, 0, 9854, 0, 0, 0, 0, 0, 0, 0, 0, 0, 0, 0, 0, 0, 0, 0, 0, 0, 0, 0, 0, 0, 0, 0, 0, 0, 0, 0, 0, 0, 0, 0, 0, 0, 0, 0, 0, 0, 9854
"c:\Users\Marlowe\Desktop\ProjectBible\external-repos\BibleOrgSys\BibleOrgSys\DataFiles\DerivedFiles\BiblePunctuationSystems_Tables.c", "C", 0, 0, 0, 0, 0, 0, 0, 0, 0, 0, 0, 0, 0, 0, 0, 0, 0, 0, 0, 0, 0, 0, 0, 0, 0, 0, 0, 0, 0, 96, 0, 0, 0, 0, 0, 0, 0, 0, 17, 10, 123
"c:\Users\Marlowe\Desktop\ProjectBible\external-repos\BibleOrgSys\BibleOrgSys\DataFiles\DerivedFiles\BiblePunctuationSystems_Tables.h", "C++", 0, 0, 0, 0, 0, 0, 0, 0, 0, 0, 0, 16, 0, 0, 0, 0, 0, 0, 0, 0, 0, 0, 0, 0, 0, 0, 0, 0, 0, 0, 0, 0, 0, 0, 0, 0, 0, 0, 5, 6, 27
"c:\Users\Marlowe\Desktop\ProjectBible\external-repos\BibleOrgSys\BibleOrgSys\DataFiles\DerivedFiles\BiblePunctuationSystems_Tables.json", "JSON", 0, 0, 89, 0, 0, 0, 0, 0, 0, 0, 0, 0, 0, 0, 0, 0, 0, 0, 0, 0, 0, 0, 0, 0, 0, 0, 0, 0, 0, 0, 0, 0, 0, 0, 0, 0, 0, 0, 0, 0, 89
"c:\Users\Marlowe\Desktop\ProjectBible\external-repos\BibleOrgSys\BibleOrgSys\DataFiles\DerivedFiles\BiblePunctuationSystems_Tables.py", "Python", 0, 0, 0, 0, 0, 0, 0, 89, 0, 0, 0, 0, 0, 0, 0, 0, 0, 0, 0, 0, 0, 0, 0, 0, 0, 0, 0, 0, 0, 0, 0, 0, 0, 0, 0, 0, 0, 0, 15, 8, 112
"c:\Users\Marlowe\Desktop\ProjectBible\external-repos\BibleOrgSys\BibleOrgSys\DataFiles\DerivedFiles\BibleVersificationSystems_Tables.c", "C", 0, 0, 0, 0, 0, 0, 0, 0, 0, 0, 0, 0, 0, 0, 0, 0, 0, 0, 0, 0, 0, 0, 0, 0, 0, 0, 0, 0, 0, 1, 0, 0, 0, 0, 0, 0, 0, 0, 6, 3, 10
"c:\Users\Marlowe\Desktop\ProjectBible\external-repos\BibleOrgSys\BibleOrgSys\DataFiles\DerivedFiles\BibleVersificationSystems_Tables.h", "C++", 0, 0, 0, 0, 0, 0, 0, 0, 0, 0, 0, 2, 0, 0, 0, 0, 0, 0, 0, 0, 0, 0, 0, 0, 0, 0, 0, 0, 0, 0, 0, 0, 0, 0, 0, 0, 0, 0, 4, 3, 9
"c:\Users\Marlowe\Desktop\ProjectBible\external-repos\BibleOrgSys\BibleOrgSys\DataFiles\DerivedFiles\BibleVersificationSystems_Tables.json", "JSON", 0, 0, 63778, 0, 0, 0, 0, 0, 0, 0, 0, 0, 0, 0, 0, 0, 0, 0, 0, 0, 0, 0, 0, 0, 0, 0, 0, 0, 0, 0, 0, 0, 0, 0, 0, 0, 0, 0, 0, 0, 63778
"c:\Users\Marlowe\Desktop\ProjectBible\external-repos\BibleOrgSys\BibleOrgSys\DataFiles\DerivedFiles\BibleVersificationSystems_Tables.py", "Python", 0, 0, 0, 0, 0, 0, 0, 2311, 0, 0, 0, 0, 0, 0, 0, 0, 0, 0, 0, 0, 0, 0, 0, 0, 0, 0, 0, 0, 0, 0, 0, 0, 0, 0, 0, 0, 0, 0, 222, 110, 2643
"c:\Users\Marlowe\Desktop\ProjectBible\external-repos\BibleOrgSys\BibleOrgSys\DataFiles\DerivedFiles\USFM2Markers_Tables.json", "JSON", 0, 0, 2677, 0, 0, 0, 0, 0, 0, 0, 0, 0, 0, 0, 0, 0, 0, 0, 0, 0, 0, 0, 0, 0, 0, 0, 0, 0, 0, 0, 0, 0, 0, 0, 0, 0, 0, 0, 0, 0, 2677
"c:\Users\Marlowe\Desktop\ProjectBible\external-repos\BibleOrgSys\BibleOrgSys\DataFiles\DerivedFiles\USFM3Markers_Tables.json", "JSON", 0, 0, 2821, 0, 0, 0, 0, 0, 0, 0, 0, 0, 0, 0, 0, 0, 0, 0, 0, 0, 0, 0, 0, 0, 0, 0, 0, 0, 0, 0, 0, 0, 0, 0, 0, 0, 0, 0, 0, 0, 2821
"c:\Users\Marlowe\Desktop\ProjectBible\external-repos\BibleOrgSys\BibleOrgSys\DataFiles\DerivedFiles\__init__.py", "Python", 0, 0, 0, 0, 0, 0, 0, 0, 0, 0, 0, 0, 0, 0, 0, 0, 0, 0, 0, 0, 0, 0, 0, 0, 0, 0, 0, 0, 0, 0, 0, 0, 0, 0, 0, 0, 0, 0, 0, 1, 1
"c:\Users\Marlowe\Desktop\ProjectBible\external-repos\BibleOrgSys\BibleOrgSys\DataFiles\DerivedFiles\iso_639_3_Languages_Tables.json", "JSON", 0, 0, 62998, 0, 0, 0, 0, 0, 0, 0, 0, 0, 0, 0, 0, 0, 0, 0, 0, 0, 0, 0, 0, 0, 0, 0, 0, 0, 0, 0, 0, 0, 0, 0, 0, 0, 0, 0, 0, 0, 62998
"c:\Users\Marlowe\Desktop\ProjectBible\external-repos\BibleOrgSys\BibleOrgSys\DataFiles\PunctuationSystems\BiblePunctuationSystem_English.xml", "XML", 0, 0, 0, 0, 0, 0, 0, 0, 0, 0, 0, 0, 0, 0, 79, 0, 0, 0, 0, 0, 0, 0, 0, 0, 0, 0, 0, 0, 0, 0, 0, 0, 0, 0, 0, 0, 0, 0, 57, 12, 148
"c:\Users\Marlowe\Desktop\ProjectBible\external-repos\BibleOrgSys\BibleOrgSys\DataFiles\PunctuationSystems\BiblePunctuationSystem_English_brief.xml", "XML", 0, 0, 0, 0, 0, 0, 0, 0, 0, 0, 0, 0, 0, 0, 79, 0, 0, 0, 0, 0, 0, 0, 0, 0, 0, 0, 0, 0, 0, 0, 0, 0, 0, 0, 0, 0, 0, 0, 57, 12, 148
"c:\Users\Marlowe\Desktop\ProjectBible\external-repos\BibleOrgSys\BibleOrgSys\DataFiles\PunctuationSystems\BiblePunctuationSystem_Matigsalug.xml", "XML", 0, 0, 0, 0, 0, 0, 0, 0, 0, 0, 0, 0, 0, 0, 79, 0, 0, 0, 0, 0, 0, 0, 0, 0, 0, 0, 0, 0, 0, 0, 0, 0, 0, 0, 0, 0, 0, 0, 57, 12, 148
"c:\Users\Marlowe\Desktop\ProjectBible\external-repos\BibleOrgSys\BibleOrgSys\DataFiles\PunctuationSystems\__init__.py", "Python", 0, 0, 0, 0, 0, 0, 0, 0, 0, 0, 0, 0, 0, 0, 0, 0, 0, 0, 0, 0, 0, 0, 0, 0, 0, 0, 0, 0, 0, 0, 0, 0, 0, 0, 0, 0, 0, 0, 0, 1, 1
"c:\Users\Marlowe\Desktop\ProjectBible\external-repos\BibleOrgSys\BibleOrgSys\DataFiles\USFM2Markers.xml", "XML", 0, 0, 0, 0, 0, 0, 0, 0, 0, 0, 0, 0, 0, 0, 1842, 0, 0, 0, 0, 0, 0, 0, 0, 0, 0, 0, 0, 0, 0, 0, 0, 0, 0, 0, 0, 0, 0, 0, 40, 148, 2030
"c:\Users\Marlowe\Desktop\ProjectBible\external-repos\BibleOrgSys\BibleOrgSys\DataFiles\USFM3Markers.xml", "XML", 0, 0, 0, 0, 0, 0, 0, 0, 0, 0, 0, 0, 0, 0, 2203, 0, 0, 0, 0, 0, 0, 0, 0, 0, 0, 0, 0, 0, 0, 0, 0, 0, 0, 0, 0, 0, 0, 0, 44, 177, 2424
"c:\Users\Marlowe\Desktop\ProjectBible\external-repos\BibleOrgSys\BibleOrgSys\DataFiles\VersificationSystems\BibleVersificationSystem_BibMaxRef.xml", "XML", 0, 0, 0, 0, 0, 0, 0, 0, 0, 0, 0, 0, 0, 0, 2218, 0, 0, 0, 0, 0, 0, 0, 0, 0, 0, 0, 0, 0, 0, 0, 0, 0, 0, 0, 0, 0, 0, 0, 17, 7, 2242
"c:\Users\Marlowe\Desktop\ProjectBible\external-repos\BibleOrgSys\BibleOrgSys\DataFiles\VersificationSystems\BibleVersificationSystem_Catholic.xml", "XML", 0, 0, 0, 0, 0, 0, 0, 0, 0, 0, 0, 0, 0, 0, 1730, 0, 0, 0, 0, 0, 0, 0, 0, 0, 0, 0, 0, 0, 0, 0, 0, 0, 0, 0, 0, 0, 0, 0, 17, 7, 1754
"c:\Users\Marlowe\Desktop\ProjectBible\external-repos\BibleOrgSys\BibleOrgSys\DataFiles\VersificationSystems\BibleVersificationSystem_CatholicEsther16.xml", "XML", 0, 0, 0, 0, 0, 0, 0, 0, 0, 0, 0, 0, 0, 0, 1736, 0, 0, 0, 0, 0, 0, 0, 0, 0, 0, 0, 0, 0, 0, 0, 0, 0, 0, 0, 0, 0, 0, 0, 17, 7, 1760
"c:\Users\Marlowe\Desktop\ProjectBible\external-repos\BibleOrgSys\BibleOrgSys\DataFiles\VersificationSystems\BibleVersificationSystem_Cebuano_BUGV.xml", "XML", 0, 0, 0, 0, 0, 0, 0, 0, 0, 0, 0, 0, 0, 0, 1556, 0, 0, 0, 0, 0, 0, 0, 0, 0, 0, 0, 0, 0, 0, 0, 0, 0, 0, 0, 0, 0, 0, 0, 17, 7, 1580
"c:\Users\Marlowe\Desktop\ProjectBible\external-repos\BibleOrgSys\BibleOrgSys\DataFiles\VersificationSystems\BibleVersificationSystem_DutchTraditional.xml", "XML", 0, 0, 0, 0, 0, 0, 0, 0, 0, 0, 0, 0, 0, 0, 1556, 0, 0, 0, 0, 0, 0, 0, 0, 0, 0, 0, 0, 0, 0, 0, 0, 0, 0, 0, 0, 0, 0, 0, 17, 7, 1580
"c:\Users\Marlowe\Desktop\ProjectBible\external-repos\BibleOrgSys\BibleOrgSys\DataFiles\VersificationSystems\BibleVersificationSystem_GNT92.xml", "XML", 0, 0, 0, 0, 0, 0, 0, 0, 0, 0, 0, 0, 0, 0, 1819, 0, 0, 0, 0, 0, 0, 0, 0, 0, 0, 0, 0, 0, 0, 0, 0, 0, 0, 0, 0, 0, 0, 0, 17, 7, 1843
"c:\Users\Marlowe\Desktop\ProjectBible\external-repos\BibleOrgSys\BibleOrgSys\DataFiles\VersificationSystems\BibleVersificationSystem_GNTUK.xml", "XML", 0, 0, 0, 0, 0, 0, 0, 0, 0, 0, 0, 0, 0, 0, 1807, 0, 0, 0, 0, 0, 0, 0, 0, 0, 0, 0, 0, 0, 0, 0, 0, 0, 0, 0, 0, 0, 0, 0, 17, 7, 1831
"c:\Users\Marlowe\Desktop\ProjectBible\external-repos\BibleOrgSys\BibleOrgSys\DataFiles\VersificationSystems\BibleVersificationSystem_KJV.xml", "XML", 0, 0, 0, 0, 0, 0, 0, 0, 0, 0, 0, 0, 0, 0, 1808, 0, 0, 0, 0, 0, 0, 0, 0, 0, 0, 0, 0, 0, 0, 0, 0, 0, 0, 0, 0, 0, 0, 0, 17, 7, 1832
"c:\Users\Marlowe\Desktop\ProjectBible\external-repos\BibleOrgSys\BibleOrgSys\DataFiles\VersificationSystems\BibleVersificationSystem_Luther.xml", "XML", 0, 0, 0, 0, 0, 0, 0, 0, 0, 0, 0, 0, 0, 0, 1754, 0, 0, 0, 0, 0, 0, 0, 0, 0, 0, 0, 0, 0, 0, 0, 0, 0, 0, 0, 0, 0, 0, 0, 17, 7, 1778
"c:\Users\Marlowe\Desktop\ProjectBible\external-repos\BibleOrgSys\BibleOrgSys\DataFiles\VersificationSystems\BibleVersificationSystem_NIV84.xml", "XML", 0, 0, 0, 0, 0, 0, 0, 0, 0, 0, 0, 0, 0, 0, 1555, 0, 0, 0, 0, 0, 0, 0, 0, 0, 0, 0, 0, 0, 0, 0, 0, 0, 0, 0, 0, 0, 0, 0, 17, 7, 1579
"c:\Users\Marlowe\Desktop\ProjectBible\external-repos\BibleOrgSys\BibleOrgSys\DataFiles\VersificationSystems\BibleVersificationSystem_NLT96.xml", "XML", 0, 0, 0, 0, 0, 0, 0, 0, 0, 0, 0, 0, 0, 0, 1555, 0, 0, 0, 0, 0, 0, 0, 0, 0, 0, 0, 0, 0, 0, 0, 0, 0, 0, 0, 0, 0, 0, 0, 17, 7, 1579
"c:\Users\Marlowe\Desktop\ProjectBible\external-repos\BibleOrgSys\BibleOrgSys\DataFiles\VersificationSystems\BibleVersificationSystem_NRS89.xml", "XML", 0, 0, 0, 0, 0, 0, 0, 0, 0, 0, 0, 0, 0, 0, 1853, 0, 0, 0, 0, 0, 0, 0, 0, 0, 0, 0, 0, 0, 0, 0, 0, 0, 0, 0, 0, 0, 0, 0, 17, 7, 1877
"c:\Users\Marlowe\Desktop\ProjectBible\external-repos\BibleOrgSys\BibleOrgSys\DataFiles\VersificationSystems\BibleVersificationSystem_NRSV.xml", "XML", 0, 0, 0, 0, 0, 0, 0, 0, 0, 0, 0, 0, 0, 0, 1849, 0, 0, 0, 0, 0, 0, 0, 0, 0, 0, 0, 0, 0, 0, 0, 0, 0, 0, 0, 0, 0, 0, 0, 17, 7, 1873
"c:\Users\Marlowe\Desktop\ProjectBible\external-repos\BibleOrgSys\BibleOrgSys\DataFiles\VersificationSystems\BibleVersificationSystem_Original.xml", "XML", 0, 0, 0, 0, 0, 0, 0, 0, 0, 0, 0, 0, 0, 0, 1990, 0, 0, 0, 0, 0, 0, 0, 0, 0, 0, 0, 0, 0, 0, 0, 0, 0, 0, 0, 0, 0, 0, 0, 17, 7, 2014
"c:\Users\Marlowe\Desktop\ProjectBible\external-repos\BibleOrgSys\BibleOrgSys\DataFiles\VersificationSystems\BibleVersificationSystem_REB89.xml", "XML", 0, 0, 0, 0, 0, 0, 0, 0, 0, 0, 0, 0, 0, 0, 1818, 0, 0, 0, 0, 0, 0, 0, 0, 0, 0, 0, 0, 0, 0, 0, 0, 0, 0, 0, 0, 0, 0, 0, 17, 7, 1842
"c:\Users\Marlowe\Desktop\ProjectBible\external-repos\BibleOrgSys\BibleOrgSys\DataFiles\VersificationSystems\BibleVersificationSystem_RSV52.xml", "XML", 0, 0, 0, 0, 0, 0, 0, 0, 0, 0, 0, 0, 0, 0, 1845, 0, 0, 0, 0, 0, 0, 0, 0, 0, 0, 0, 0, 0, 0, 0, 0, 0, 0, 0, 0, 0, 0, 0, 17, 7, 1869
"c:\Users\Marlowe\Desktop\ProjectBible\external-repos\BibleOrgSys\BibleOrgSys\DataFiles\VersificationSystems\BibleVersificationSystem_Rahlfs.xml", "XML", 0, 0, 0, 0, 0, 0, 0, 0, 0, 0, 0, 0, 0, 0, 1540, 0, 0, 0, 0, 0, 0, 0, 0, 0, 0, 0, 0, 0, 0, 0, 0, 0, 0, 0, 0, 0, 0, 0, 17, 7, 1564
"c:\Users\Marlowe\Desktop\ProjectBible\external-repos\BibleOrgSys\BibleOrgSys\DataFiles\VersificationSystems\BibleVersificationSystem_RussianCanonical.xml", "XML", 0, 0, 0, 0, 0, 0, 0, 0, 0, 0, 0, 0, 0, 0, 1556, 0, 0, 0, 0, 0, 0, 0, 0, 0, 0, 0, 0, 0, 0, 0, 0, 0, 0, 0, 0, 0, 0, 0, 17, 7, 1580
"c:\Users\Marlowe\Desktop\ProjectBible\external-repos\BibleOrgSys\BibleOrgSys\DataFiles\VersificationSystems\BibleVersificationSystem_RussianOrthodox.xml", "XML", 0, 0, 0, 0, 0, 0, 0, 0, 0, 0, 0, 0, 0, 0, 1824, 0, 0, 0, 0, 0, 0, 0, 0, 0, 0, 0, 0, 0, 0, 0, 0, 0, 0, 0, 0, 0, 0, 0, 17, 7, 1848
"c:\Users\Marlowe\Desktop\ProjectBible\external-repos\BibleOrgSys\BibleOrgSys\DataFiles\VersificationSystems\BibleVersificationSystem_Septuagint.xml", "XML", 0, 0, 0, 0, 0, 0, 0, 0, 0, 0, 0, 0, 0, 0, 2195, 0, 0, 0, 0, 0, 0, 0, 0, 0, 0, 0, 0, 0, 0, 0, 0, 0, 0, 0, 0, 0, 0, 0, 17, 7, 2219
"c:\Users\Marlowe\Desktop\ProjectBible\external-repos\BibleOrgSys\BibleOrgSys\DataFiles\VersificationSystems\BibleVersificationSystem_Spanish.xml", "XML", 0, 0, 0, 0, 0, 0, 0, 0, 0, 0, 0, 0, 0, 0, 1556, 0, 0, 0, 0, 0, 0, 0, 0, 0, 0, 0, 0, 0, 0, 0, 0, 0, 0, 0, 0, 0, 0, 0, 17, 7, 1580
"c:\Users\Marlowe\Desktop\ProjectBible\external-repos\BibleOrgSys\BibleOrgSys\DataFiles\VersificationSystems\BibleVersificationSystem_Synodal.xml", "XML", 0, 0, 0, 0, 0, 0, 0, 0, 0, 0, 0, 0, 0, 0, 1789, 0, 0, 0, 0, 0, 0, 0, 0, 0, 0, 0, 0, 0, 0, 0, 0, 0, 0, 0, 0, 0, 0, 0, 17, 7, 1813
"c:\Users\Marlowe\Desktop\ProjectBible\external-repos\BibleOrgSys\BibleOrgSys\DataFiles\VersificationSystems\BibleVersificationSystem_Syriac.xml", "XML", 0, 0, 0, 0, 0, 0, 0, 0, 0, 0, 0, 0, 0, 0, 1863, 0, 0, 0, 0, 0, 0, 0, 0, 0, 0, 0, 0, 0, 0, 0, 0, 0, 0, 0, 0, 0, 0, 0, 17, 7, 1887
"c:\Users\Marlowe\Desktop\ProjectBible\external-repos\BibleOrgSys\BibleOrgSys\DataFiles\VersificationSystems\BibleVersificationSystem_Vulgate.xml", "XML", 0, 0, 0, 0, 0, 0, 0, 0, 0, 0, 0, 0, 0, 0, 1908, 0, 0, 0, 0, 0, 0, 0, 0, 0, 0, 0, 0, 0, 0, 0, 0, 0, 0, 0, 0, 0, 0, 0, 17, 7, 1932
"c:\Users\Marlowe\Desktop\ProjectBible\external-repos\BibleOrgSys\BibleOrgSys\DataFiles\VersificationSystems\BibleVersificationSystem_Vulgate1.xml", "XML", 0, 0, 0, 0, 0, 0, 0, 0, 0, 0, 0, 0, 0, 0, 1795, 0, 0, 0, 0, 0, 0, 0, 0, 0, 0, 0, 0, 0, 0, 0, 0, 0, 0, 0, 0, 0, 0, 0, 17, 8, 1820
"c:\Users\Marlowe\Desktop\ProjectBible\external-repos\BibleOrgSys\BibleOrgSys\DataFiles\VersificationSystems\BibleVersificationSystem_Vulgate2.xml", "XML", 0, 0, 0, 0, 0, 0, 0, 0, 0, 0, 0, 0, 0, 0, 1795, 0, 0, 0, 0, 0, 0, 0, 0, 0, 0, 0, 0, 0, 0, 0, 0, 0, 0, 0, 0, 0, 0, 0, 17, 8, 1820
"c:\Users\Marlowe\Desktop\ProjectBible\external-repos\BibleOrgSys\BibleOrgSys\DataFiles\VersificationSystems\__init__.py", "Python", 0, 0, 0, 0, 0, 0, 0, 0, 0, 0, 0, 0, 0, 0, 0, 0, 0, 0, 0, 0, 0, 0, 0, 0, 0, 0, 0, 0, 0, 0, 0, 0, 0, 0, 0, 0, 0, 0, 0, 1, 1
"c:\Users\Marlowe\Desktop\ProjectBible\external-repos\BibleOrgSys\BibleOrgSys\DataFiles\__init__.py", "Python", 0, 0, 0, 0, 0, 0, 0, 0, 0, 0, 0, 0, 0, 0, 0, 0, 0, 0, 0, 0, 0, 0, 0, 0, 0, 0, 0, 0, 0, 0, 0, 0, 0, 0, 0, 0, 0, 0, 0, 1, 1
"c:\Users\Marlowe\Desktop\ProjectBible\external-repos\BibleOrgSys\BibleOrgSys\DataFiles\iso_15924.xml", "XML", 0, 0, 0, 0, 0, 0, 0, 0, 0, 0, 0, 0, 0, 0, 688, 0, 0, 0, 0, 0, 0, 0, 0, 0, 0, 0, 0, 0, 0, 0, 0, 0, 0, 0, 0, 0, 0, 0, 25, 4, 717
"c:\Users\Marlowe\Desktop\ProjectBible\external-repos\BibleOrgSys\BibleOrgSys\DataFiles\iso_639.xml", "XML", 0, 0, 0, 0, 0, 0, 0, 0, 0, 0, 0, 0, 0, 0, 2148, 0, 0, 0, 0, 0, 0, 0, 0, 0, 0, 0, 0, 0, 0, 0, 0, 0, 0, 0, 0, 0, 0, 0, 24, 4, 2176
"c:\Users\Marlowe\Desktop\ProjectBible\external-repos\BibleOrgSys\BibleOrgSys\DataFiles\iso_639_3.xml", "XML", 0, 0, 0, 0, 0, 0, 0, 0, 0, 0, 0, 0, 0, 0, 57143, 0, 0, 0, 0, 0, 0, 0, 0, 0, 0, 0, 0, 0, 0, 0, 0, 0, 0, 0, 0, 0, 0, 0, 23, 4, 57170
"c:\Users\Marlowe\Desktop\ProjectBible\external-repos\BibleOrgSys\BibleOrgSys\DataFiles\iso_639_5.xml", "XML", 0, 0, 0, 0, 0, 0, 0, 0, 0, 0, 0, 0, 0, 0, 7594, 0, 0, 0, 0, 0, 0, 0, 0, 0, 0, 0, 0, 0, 0, 0, 0, 0, 0, 0, 0, 0, 0, 0, 22, 4, 7620
"c:\Users\Marlowe\Desktop\ProjectBible\external-repos\BibleOrgSys\BibleOrgSys\Formats\BCVBible.py", "Python", 0, 0, 0, 0, 0, 0, 0, 478, 0, 0, 0, 0, 0, 0, 0, 0, 0, 0, 0, 0, 0, 0, 0, 0, 0, 0, 0, 0, 0, 0, 0, 0, 0, 0, 0, 0, 0, 0, 207, 86, 771
"c:\Users\Marlowe\Desktop\ProjectBible\external-repos\BibleOrgSys\BibleOrgSys\Formats\CSVBible.py", "Python", 0, 0, 0, 0, 0, 0, 0, 1000, 0, 0, 0, 0, 0, 0, 0, 0, 0, 0, 0, 0, 0, 0, 0, 0, 0, 0, 0, 0, 0, 0, 0, 0, 0, 0, 0, 0, 0, 0, 302, 118, 1420
"c:\Users\Marlowe\Desktop\ProjectBible\external-repos\BibleOrgSys\BibleOrgSys\Formats\DBLBible.py", "Python", 0, 0, 0, 0, 0, 0, 0, 1410, 0, 0, 0, 0, 0, 0, 0, 0, 0, 0, 0, 0, 0, 0, 0, 0, 0, 0, 0, 0, 0, 0, 0, 0, 0, 0, 0, 0, 0, 0, 447, 146, 2003
"c:\Users\Marlowe\Desktop\ProjectBible\external-repos\BibleOrgSys\BibleOrgSys\Formats\DrupalBible.py", "Python", 0, 0, 0, 0, 0, 0, 0, 277, 0, 0, 0, 0, 0, 0, 0, 0, 0, 0, 0, 0, 0, 0, 0, 0, 0, 0, 0, 0, 0, 0, 0, 0, 0, 0, 0, 0, 0, 0, 141, 59, 477
"c:\Users\Marlowe\Desktop\ProjectBible\external-repos\BibleOrgSys\BibleOrgSys\Formats\ESFMBible.py", "Python", 0, 0, 0, 0, 0, 0, 0, 563, 0, 0, 0, 0, 0, 0, 0, 0, 0, 0, 0, 0, 0, 0, 0, 0, 0, 0, 0, 0, 0, 0, 0, 0, 0, 0, 0, 0, 0, 0, 342, 87, 992
"c:\Users\Marlowe\Desktop\ProjectBible\external-repos\BibleOrgSys\BibleOrgSys\Formats\ESFMBibleBook.py", "Python", 0, 0, 0, 0, 0, 0, 0, 431, 0, 0, 0, 0, 0, 0, 0, 0, 0, 0, 0, 0, 0, 0, 0, 0, 0, 0, 0, 0, 0, 0, 0, 0, 0, 0, 0, 0, 0, 0, 224, 74, 729
"c:\Users\Marlowe\Desktop\ProjectBible\external-repos\BibleOrgSys\BibleOrgSys\Formats\ESwordBible.py", "Python", 0, 0, 0, 0, 0, 0, 0, 995, 0, 0, 0, 0, 0, 0, 0, 0, 0, 0, 0, 0, 0, 0, 0, 0, 0, 0, 0, 0, 0, 0, 0, 0, 0, 0, 0, 0, 0, 0, 728, 204, 1927
"c:\Users\Marlowe\Desktop\ProjectBible\external-repos\BibleOrgSys\BibleOrgSys\Formats\ESwordCommentary.py", "Python", 0, 0, 0, 0, 0, 0, 0, 785, 0, 0, 0, 0, 0, 0, 0, 0, 0, 0, 0, 0, 0, 0, 0, 0, 0, 0, 0, 0, 0, 0, 0, 0, 0, 0, 0, 0, 0, 0, 420, 153, 1358
"c:\Users\Marlowe\Desktop\ProjectBible\external-repos\BibleOrgSys\BibleOrgSys\Formats\EasyWorshipBible.py", "Python", 0, 0, 0, 0, 0, 0, 0, 624, 0, 0, 0, 0, 0, 0, 0, 0, 0, 0, 0, 0, 0, 0, 0, 0, 0, 0, 0, 0, 0, 0, 0, 0, 0, 0, 0, 0, 0, 0, 244, 86, 954
"c:\Users\Marlowe\Desktop\ProjectBible\external-repos\BibleOrgSys\BibleOrgSys\Formats\EpubBible.py", "Python", 0, 0, 0, 0, 0, 0, 0, 566, 0, 0, 0, 0, 0, 0, 0, 0, 0, 0, 0, 0, 0, 0, 0, 0, 0, 0, 0, 0, 0, 0, 0, 0, 0, 0, 0, 0, 0, 0, 196, 74, 836
"c:\Users\Marlowe\Desktop\ProjectBible\external-repos\BibleOrgSys\BibleOrgSys\Formats\ForgeForSwordSearcherBible.py", "Python", 0, 0, 0, 0, 0, 0, 0, 443, 0, 0, 0, 0, 0, 0, 0, 0, 0, 0, 0, 0, 0, 0, 0, 0, 0, 0, 0, 0, 0, 0, 0, 0, 0, 0, 0, 0, 0, 0, 150, 64, 657
"c:\Users\Marlowe\Desktop\ProjectBible\external-repos\BibleOrgSys\BibleOrgSys\Formats\GoBible.py", "Python", 0, 0, 0, 0, 0, 0, 0, 507, 0, 0, 0, 0, 0, 0, 0, 0, 0, 0, 0, 0, 0, 0, 0, 0, 0, 0, 0, 0, 0, 0, 0, 0, 0, 0, 0, 0, 0, 0, 174, 97, 778
"c:\Users\Marlowe\Desktop\ProjectBible\external-repos\BibleOrgSys\BibleOrgSys\Formats\HaggaiXMLBible.py", "Python", 0, 0, 0, 0, 0, 0, 0, 569, 0, 0, 0, 0, 0, 0, 0, 0, 0, 0, 0, 0, 0, 0, 0, 0, 0, 0, 0, 0, 0, 0, 0, 0, 0, 0, 0, 0, 0, 0, 206, 72, 847
"c:\Users\Marlowe\Desktop\ProjectBible\external-repos\BibleOrgSys\BibleOrgSys\Formats\LEBXMLBible.py", "Python", 0, 0, 0, 0, 0, 0, 0, 865, 0, 0, 0, 0, 0, 0, 0, 0, 0, 0, 0, 0, 0, 0, 0, 0, 0, 0, 0, 0, 0, 0, 0, 0, 0, 0, 0, 0, 0, 0, 350, 109, 1324
"c:\Users\Marlowe\Desktop\ProjectBible\external-repos\BibleOrgSys\BibleOrgSys\Formats\MyBibleBible.py", "Python", 0, 0, 0, 0, 0, 0, 0, 1091, 0, 0, 0, 0, 0, 0, 0, 0, 0, 0, 0, 0, 0, 0, 0, 0, 0, 0, 0, 0, 0, 0, 0, 0, 0, 0, 0, 0, 0, 0, 487, 180, 1758
"c:\Users\Marlowe\Desktop\ProjectBible\external-repos\BibleOrgSys\BibleOrgSys\Formats\MySwordBible.py", "Python", 0, 0, 0, 0, 0, 0, 0, 590, 0, 0, 0, 0, 0, 0, 0, 0, 0, 0, 0, 0, 0, 0, 0, 0, 0, 0, 0, 0, 0, 0, 0, 0, 0, 0, 0, 0, 0, 0, 196, 118, 904
"c:\Users\Marlowe\Desktop\ProjectBible\external-repos\BibleOrgSys\BibleOrgSys\Formats\OSISXMLBible.py", "Python", 0, 0, 0, 0, 0, 0, 0, 2620, 0, 0, 0, 0, 0, 0, 0, 0, 0, 0, 0, 0, 0, 0, 0, 0, 0, 0, 0, 0, 0, 0, 0, 0, 0, 0, 0, 0, 0, 0, 967, 166, 3753
"c:\Users\Marlowe\Desktop\ProjectBible\external-repos\BibleOrgSys\BibleOrgSys\Formats\OpenSongXMLBible.py", "Python", 0, 0, 0, 0, 0, 0, 0, 469, 0, 0, 0, 0, 0, 0, 0, 0, 0, 0, 0, 0, 0, 0, 0, 0, 0, 0, 0, 0, 0, 0, 0, 0, 0, 0, 0, 0, 0, 0, 164, 73, 706
"c:\Users\Marlowe\Desktop\ProjectBible\external-repos\BibleOrgSys\BibleOrgSys\Formats\PTX7Bible.py", "Python", 0, 0, 0, 0, 0, 0, 0, 1369, 0, 0, 0, 0, 0, 0, 0, 0, 0, 0, 0, 0, 0, 0, 0, 0, 0, 0, 0, 0, 0, 0, 0, 0, 0, 0, 0, 0, 0, 0, 464, 241, 2074
"c:\Users\Marlowe\Desktop\ProjectBible\external-repos\BibleOrgSys\BibleOrgSys\Formats\PTX8Bible.py", "Python", 0, 0, 0, 0, 0, 0, 0, 2246, 0, 0, 0, 0, 0, 0, 0, 0, 0, 0, 0, 0, 0, 0, 0, 0, 0, 0, 0, 0, 0, 0, 0, 0, 0, 0, 0, 0, 0, 0, 638, 404, 3288
"c:\Users\Marlowe\Desktop\ProjectBible\external-repos\BibleOrgSys\BibleOrgSys\Formats\PalmDBBible.py", "Python", 0, 0, 0, 0, 0, 0, 0, 648, 0, 0, 0, 0, 0, 0, 0, 0, 0, 0, 0, 0, 0, 0, 0, 0, 0, 0, 0, 0, 0, 0, 0, 0, 0, 0, 0, 0, 0, 0, 266, 76, 990
"c:\Users\Marlowe\Desktop\ProjectBible\external-repos\BibleOrgSys\BibleOrgSys\Formats\PickledBible.py", "Python", 0, 0, 0, 0, 0, 0, 0, 809, 0, 0, 0, 0, 0, 0, 0, 0, 0, 0, 0, 0, 0, 0, 0, 0, 0, 0, 0, 0, 0, 0, 0, 0, 0, 0, 0, 0, 0, 0, 259, 109, 1177
"c:\Users\Marlowe\Desktop\ProjectBible\external-repos\BibleOrgSys\BibleOrgSys\Formats\PierceOnlineBible.py", "Python", 0, 0, 0, 0, 0, 0, 0, 927, 0, 0, 0, 0, 0, 0, 0, 0, 0, 0, 0, 0, 0, 0, 0, 0, 0, 0, 0, 0, 0, 0, 0, 0, 0, 0, 0, 0, 0, 0, 376, 147, 1450
"c:\Users\Marlowe\Desktop\ProjectBible\external-repos\BibleOrgSys\BibleOrgSys\Formats\ScriptureBurritoBible.py", "Python", 0, 0, 0, 0, 0, 0, 0, 480, 0, 0, 0, 0, 0, 0, 0, 0, 0, 0, 0, 0, 0, 0, 0, 0, 0, 0, 0, 0, 0, 0, 0, 0, 0, 0, 0, 0, 0, 0, 170, 94, 744
"c:\Users\Marlowe\Desktop\ProjectBible\external-repos\BibleOrgSys\BibleOrgSys\Formats\SwordBible.py", "Python", 0, 0, 0, 0, 0, 0, 0, 361, 0, 0, 0, 0, 0, 0, 0, 0, 0, 0, 0, 0, 0, 0, 0, 0, 0, 0, 0, 0, 0, 0, 0, 0, 0, 0, 0, 0, 0, 0, 244, 80, 685
"c:\Users\Marlowe\Desktop\ProjectBible\external-repos\BibleOrgSys\BibleOrgSys\Formats\SwordModules.py", "Python", 0, 0, 0, 0, 0, 0, 0, 1770, 0, 0, 0, 0, 0, 0, 0, 0, 0, 0, 0, 0, 0, 0, 0, 0, 0, 0, 0, 0, 0, 0, 0, 0, 0, 0, 0, 0, 0, 0, 642, 254, 2666
"c:\Users\Marlowe\Desktop\ProjectBible\external-repos\BibleOrgSys\BibleOrgSys\Formats\SwordResources.py", "Python", 0, 0, 0, 0, 0, 0, 0, 1430, 0, 0, 0, 0, 0, 0, 0, 0, 0, 0, 0, 0, 0, 0, 0, 0, 0, 0, 0, 0, 0, 0, 0, 0, 0, 0, 0, 0, 0, 0, 604, 184, 2218
"c:\Users\Marlowe\Desktop\ProjectBible\external-repos\BibleOrgSys\BibleOrgSys\Formats\TyndaleNotesBible.py", "Python", 0, 0, 0, 0, 0, 0, 0, 333, 0, 0, 0, 0, 0, 0, 0, 0, 0, 0, 0, 0, 0, 0, 0, 0, 0, 0, 0, 0, 0, 0, 0, 0, 0, 0, 0, 0, 0, 0, 229, 62, 624
"c:\Users\Marlowe\Desktop\ProjectBible\external-repos\BibleOrgSys\BibleOrgSys\Formats\USFM2Bible.py", "Python", 0, 0, 0, 0, 0, 0, 0, 676, 0, 0, 0, 0, 0, 0, 0, 0, 0, 0, 0, 0, 0, 0, 0, 0, 0, 0, 0, 0, 0, 0, 0, 0, 0, 0, 0, 0, 0, 0, 287, 86, 1049
"c:\Users\Marlowe\Desktop\ProjectBible\external-repos\BibleOrgSys\BibleOrgSys\Formats\USFM2BibleBook.py", "Python", 0, 0, 0, 0, 0, 0, 0, 244, 0, 0, 0, 0, 0, 0, 0, 0, 0, 0, 0, 0, 0, 0, 0, 0, 0, 0, 0, 0, 0, 0, 0, 0, 0, 0, 0, 0, 0, 0, 103, 43, 390
"c:\Users\Marlowe\Desktop\ProjectBible\external-repos\BibleOrgSys\BibleOrgSys\Formats\USFMBible.py", "Python", 0, 0, 0, 0, 0, 0, 0, 668, 0, 0, 0, 0, 0, 0, 0, 0, 0, 0, 0, 0, 0, 0, 0, 0, 0, 0, 0, 0, 0, 0, 0, 0, 0, 0, 0, 0, 0, 0, 288, 89, 1045
"c:\Users\Marlowe\Desktop\ProjectBible\external-repos\BibleOrgSys\BibleOrgSys\Formats\USFMBibleBook.py", "Python", 0, 0, 0, 0, 0, 0, 0, 558, 0, 0, 0, 0, 0, 0, 0, 0, 0, 0, 0, 0, 0, 0, 0, 0, 0, 0, 0, 0, 0, 0, 0, 0, 0, 0, 0, 0, 0, 0, 224, 71, 853
"c:\Users\Marlowe\Desktop\ProjectBible\external-repos\BibleOrgSys\BibleOrgSys\Formats\USFXXMLBible.py", "Python", 0, 0, 0, 0, 0, 0, 0, 786, 0, 0, 0, 0, 0, 0, 0, 0, 0, 0, 0, 0, 0, 0, 0, 0, 0, 0, 0, 0, 0, 0, 0, 0, 0, 0, 0, 0, 0, 0, 239, 77, 1102
"c:\Users\Marlowe\Desktop\ProjectBible\external-repos\BibleOrgSys\BibleOrgSys\Formats\USXXMLBible.py", "Python", 0, 0, 0, 0, 0, 0, 0, 882, 0, 0, 0, 0, 0, 0, 0, 0, 0, 0, 0, 0, 0, 0, 0, 0, 0, 0, 0, 0, 0, 0, 0, 0, 0, 0, 0, 0, 0, 0, 343, 101, 1326
"c:\Users\Marlowe\Desktop\ProjectBible\external-repos\BibleOrgSys\BibleOrgSys\Formats\USXXMLBibleBook.py", "Python", 0, 0, 0, 0, 0, 0, 0, 649, 0, 0, 0, 0, 0, 0, 0, 0, 0, 0, 0, 0, 0, 0, 0, 0, 0, 0, 0, 0, 0, 0, 0, 0, 0, 0, 0, 0, 0, 0, 269, 67, 985
"c:\Users\Marlowe\Desktop\ProjectBible\external-repos\BibleOrgSys\BibleOrgSys\Formats\UnboundBible.py", "Python", 0, 0, 0, 0, 0, 0, 0, 339, 0, 0, 0, 0, 0, 0, 0, 0, 0, 0, 0, 0, 0, 0, 0, 0, 0, 0, 0, 0, 0, 0, 0, 0, 0, 0, 0, 0, 0, 0, 157, 68, 564
"c:\Users\Marlowe\Desktop\ProjectBible\external-repos\BibleOrgSys\BibleOrgSys\Formats\VPLBible.py", "Python", 0, 0, 0, 0, 0, 0, 0, 668, 0, 0, 0, 0, 0, 0, 0, 0, 0, 0, 0, 0, 0, 0, 0, 0, 0, 0, 0, 0, 0, 0, 0, 0, 0, 0, 0, 0, 0, 0, 357, 87, 1112
"c:\Users\Marlowe\Desktop\ProjectBible\external-repos\BibleOrgSys\BibleOrgSys\Formats\VerseViewXMLBible.py", "Python", 0, 0, 0, 0, 0, 0, 0, 354, 0, 0, 0, 0, 0, 0, 0, 0, 0, 0, 0, 0, 0, 0, 0, 0, 0, 0, 0, 0, 0, 0, 0, 0, 0, 0, 0, 0, 0, 0, 250, 69, 673
"c:\Users\Marlowe\Desktop\ProjectBible\external-repos\BibleOrgSys\BibleOrgSys\Formats\YETBible.py", "Python", 0, 0, 0, 0, 0, 0, 0, 386, 0, 0, 0, 0, 0, 0, 0, 0, 0, 0, 0, 0, 0, 0, 0, 0, 0, 0, 0, 0, 0, 0, 0, 0, 0, 0, 0, 0, 0, 0, 172, 58, 616
"c:\Users\Marlowe\Desktop\ProjectBible\external-repos\BibleOrgSys\BibleOrgSys\Formats\ZefaniaXMLBible.py", "Python", 0, 0, 0, 0, 0, 0, 0, 687, 0, 0, 0, 0, 0, 0, 0, 0, 0, 0, 0, 0, 0, 0, 0, 0, 0, 0, 0, 0, 0, 0, 0, 0, 0, 0, 0, 0, 0, 0, 194, 78, 959
"c:\Users\Marlowe\Desktop\ProjectBible\external-repos\BibleOrgSys\BibleOrgSys\Formats\__init__.py", "Python", 0, 0, 0, 0, 0, 0, 0, 0, 0, 0, 0, 0, 0, 0, 0, 0, 0, 0, 0, 0, 0, 0, 0, 0, 0, 0, 0, 0, 0, 0, 0, 0, 0, 0, 0, 0, 0, 0, 0, 1, 1
"c:\Users\Marlowe\Desktop\ProjectBible\external-repos\BibleOrgSys\BibleOrgSys\Formats\theWordBible.py", "Python", 0, 0, 0, 0, 0, 0, 0, 1058, 0, 0, 0, 0, 0, 0, 0, 0, 0, 0, 0, 0, 0, 0, 0, 0, 0, 0, 0, 0, 0, 0, 0, 0, 0, 0, 0, 0, 0, 0, 350, 151, 1559
"c:\Users\Marlowe\Desktop\ProjectBible\external-repos\BibleOrgSys\BibleOrgSys\Formats\uWNotesBible.py", "Python", 0, 0, 0, 0, 0, 0, 0, 641, 0, 0, 0, 0, 0, 0, 0, 0, 0, 0, 0, 0, 0, 0, 0, 0, 0, 0, 0, 0, 0, 0, 0, 0, 0, 0, 0, 0, 0, 0, 243, 92, 976
"c:\Users\Marlowe\Desktop\ProjectBible\external-repos\BibleOrgSys\BibleOrgSys\Formats\uWOBSBible.py", "Python", 0, 0, 0, 0, 0, 0, 0, 396, 0, 0, 0, 0, 0, 0, 0, 0, 0, 0, 0, 0, 0, 0, 0, 0, 0, 0, 0, 0, 0, 0, 0, 0, 0, 0, 0, 0, 0, 0, 195, 77, 668
"c:\Users\Marlowe\Desktop\ProjectBible\external-repos\BibleOrgSys\BibleOrgSys\InputOutput\ControlFiles.py", "Python", 0, 0, 0, 0, 0, 0, 0, 93, 0, 0, 0, 0, 0, 0, 0, 0, 0, 0, 0, 0, 0, 0, 0, 0, 0, 0, 0, 0, 0, 0, 0, 0, 0, 0, 0, 0, 0, 0, 55, 31, 179
"c:\Users\Marlowe\Desktop\ProjectBible\external-repos\BibleOrgSys\BibleOrgSys\InputOutput\ESFMFile.py", "Python", 0, 0, 0, 0, 0, 0, 0, 80, 0, 0, 0, 0, 0, 0, 0, 0, 0, 0, 0, 0, 0, 0, 0, 0, 0, 0, 0, 0, 0, 0, 0, 0, 0, 0, 0, 0, 0, 0, 78, 32, 190
"c:\Users\Marlowe\Desktop\ProjectBible\external-repos\BibleOrgSys\BibleOrgSys\InputOutput\MLWriter.py", "Python", 0, 0, 0, 0, 0, 0, 0, 491, 0, 0, 0, 0, 0, 0, 0, 0, 0, 0, 0, 0, 0, 0, 0, 0, 0, 0, 0, 0, 0, 0, 0, 0, 0, 0, 0, 0, 0, 0, 235, 98, 824
"c:\Users\Marlowe\Desktop\ProjectBible\external-repos\BibleOrgSys\BibleOrgSys\InputOutput\SFMFile.py", "Python", 0, 0, 0, 0, 0, 0, 0, 229, 0, 0, 0, 0, 0, 0, 0, 0, 0, 0, 0, 0, 0, 0, 0, 0, 0, 0, 0, 0, 0, 0, 0, 0, 0, 0, 0, 0, 0, 0, 144, 54, 427
"c:\Users\Marlowe\Desktop\ProjectBible\external-repos\BibleOrgSys\BibleOrgSys\InputOutput\TextFile.py", "Python", 0, 0, 0, 0, 0, 0, 0, 87, 0, 0, 0, 0, 0, 0, 0, 0, 0, 0, 0, 0, 0, 0, 0, 0, 0, 0, 0, 0, 0, 0, 0, 0, 0, 0, 0, 0, 0, 0, 56, 39, 182
"c:\Users\Marlowe\Desktop\ProjectBible\external-repos\BibleOrgSys\BibleOrgSys\InputOutput\USFMFile.py", "Python", 0, 0, 0, 0, 0, 0, 0, 109, 0, 0, 0, 0, 0, 0, 0, 0, 0, 0, 0, 0, 0, 0, 0, 0, 0, 0, 0, 0, 0, 0, 0, 0, 0, 0, 0, 0, 0, 0, 92, 37, 238
"c:\Users\Marlowe\Desktop\ProjectBible\external-repos\BibleOrgSys\BibleOrgSys\InputOutput\USFMFilenames.py", "Python", 0, 0, 0, 0, 0, 0, 0, 411, 0, 0, 0, 0, 0, 0, 0, 0, 0, 0, 0, 0, 0, 0, 0, 0, 0, 0, 0, 0, 0, 0, 0, 0, 0, 0, 0, 0, 0, 0, 175, 61, 647
"c:\Users\Marlowe\Desktop\ProjectBible\external-repos\BibleOrgSys\BibleOrgSys\InputOutput\USXFilenames.py", "Python", 0, 0, 0, 0, 0, 0, 0, 213, 0, 0, 0, 0, 0, 0, 0, 0, 0, 0, 0, 0, 0, 0, 0, 0, 0, 0, 0, 0, 0, 0, 0, 0, 0, 0, 0, 0, 0, 0, 157, 45, 415
"c:\Users\Marlowe\Desktop\ProjectBible\external-repos\BibleOrgSys\BibleOrgSys\InputOutput\XMLFile.py", "Python", 0, 0, 0, 0, 0, 0, 0, 166, 0, 0, 0, 0, 0, 0, 0, 0, 0, 0, 0, 0, 0, 0, 0, 0, 0, 0, 0, 0, 0, 0, 0, 0, 0, 0, 0, 0, 0, 0, 75, 46, 287
"c:\Users\Marlowe\Desktop\ProjectBible\external-repos\BibleOrgSys\BibleOrgSys\InputOutput\__init__.py", "Python", 0, 0, 0, 0, 0, 0, 0, 0, 0, 0, 0, 0, 0, 0, 0, 0, 0, 0, 0, 0, 0, 0, 0, 0, 0, 0, 0, 0, 0, 0, 0, 0, 0, 0, 0, 0, 0, 0, 0, 1, 1
"c:\Users\Marlowe\Desktop\ProjectBible\external-repos\BibleOrgSys\BibleOrgSys\Internals\InternalBible.py", "Python", 0, 0, 0, 0, 0, 0, 0, 2319, 0, 0, 0, 0, 0, 0, 0, 0, 0, 0, 0, 0, 0, 0, 0, 0, 0, 0, 0, 0, 0, 0, 0, 0, 0, 0, 0, 0, 0, 0, 920, 289, 3528
"c:\Users\Marlowe\Desktop\ProjectBible\external-repos\BibleOrgSys\BibleOrgSys\Internals\InternalBibleBook.py", "Python", 0, 0, 0, 0, 0, 0, 0, 3686, 0, 0, 0, 0, 0, 0, 0, 0, 0, 0, 0, 0, 0, 0, 0, 0, 0, 0, 0, 0, 0, 0, 0, 0, 0, 0, 0, 0, 0, 0, 1380, 403, 5469
"c:\Users\Marlowe\Desktop\ProjectBible\external-repos\BibleOrgSys\BibleOrgSys\Internals\InternalBibleIndexes.py", "Python", 0, 0, 0, 0, 0, 0, 0, 963, 0, 0, 0, 0, 0, 0, 0, 0, 0, 0, 0, 0, 0, 0, 0, 0, 0, 0, 0, 0, 0, 0, 0, 0, 0, 0, 0, 0, 0, 0, 735, 174, 1872
"c:\Users\Marlowe\Desktop\ProjectBible\external-repos\BibleOrgSys\BibleOrgSys\Internals\InternalBibleInternals.py", "Python", 0, 0, 0, 0, 0, 0, 0, 422, 0, 0, 0, 0, 0, 0, 0, 0, 0, 0, 0, 0, 0, 0, 0, 0, 0, 0, 0, 0, 0, 0, 0, 0, 0, 0, 0, 0, 0, 0, 455, 123, 1000
"c:\Users\Marlowe\Desktop\ProjectBible\external-repos\BibleOrgSys\BibleOrgSys\Internals\__init__.py", "Python", 0, 0, 0, 0, 0, 0, 0, 0, 0, 0, 0, 0, 0, 0, 0, 0, 0, 0, 0, 0, 0, 0, 0, 0, 0, 0, 0, 0, 0, 0, 0, 0, 0, 0, 0, 0, 0, 0, 0, 1, 1
"c:\Users\Marlowe\Desktop\ProjectBible\external-repos\BibleOrgSys\BibleOrgSys\Misc\CompareBibles.py", "Python", 0, 0, 0, 0, 0, 0, 0, 851, 0, 0, 0, 0, 0, 0, 0, 0, 0, 0, 0, 0, 0, 0, 0, 0, 0, 0, 0, 0, 0, 0, 0, 0, 0, 0, 0, 0, 0, 0, 402, 120, 1373
"c:\Users\Marlowe\Desktop\ProjectBible\external-repos\BibleOrgSys\BibleOrgSys\Misc\NoisyReplaceFunctions.py", "Python", 0, 0, 0, 0, 0, 0, 0, 108, 0, 0, 0, 0, 0, 0, 0, 0, 0, 0, 0, 0, 0, 0, 0, 0, 0, 0, 0, 0, 0, 0, 0, 0, 0, 0, 0, 0, 0, 0, 65, 41, 214
"c:\Users\Marlowe\Desktop\ProjectBible\external-repos\BibleOrgSys\BibleOrgSys\Misc\USFMBookCompare.py", "Python", 0, 0, 0, 0, 0, 0, 0, 280, 0, 0, 0, 0, 0, 0, 0, 0, 0, 0, 0, 0, 0, 0, 0, 0, 0, 0, 0, 0, 0, 0, 0, 0, 0, 0, 0, 0, 0, 0, 68, 44, 392
"c:\Users\Marlowe\Desktop\ProjectBible\external-repos\BibleOrgSys\BibleOrgSys\Misc\__init__.py", "Python", 0, 0, 0, 0, 0, 0, 0, 0, 0, 0, 0, 0, 0, 0, 0, 0, 0, 0, 0, 0, 0, 0, 0, 0, 0, 0, 0, 0, 0, 0, 0, 0, 0, 0, 0, 0, 0, 0, 0, 1, 1
"c:\Users\Marlowe\Desktop\ProjectBible\external-repos\BibleOrgSys\BibleOrgSys\Misc\singleton.py", "Python", 0, 0, 0, 0, 0, 0, 0, 7, 0, 0, 0, 0, 0, 0, 0, 0, 0, 0, 0, 0, 0, 0, 0, 0, 0, 0, 0, 0, 0, 0, 0, 0, 0, 0, 0, 0, 0, 0, 17, 4, 28
"c:\Users\Marlowe\Desktop\ProjectBible\external-repos\BibleOrgSys\BibleOrgSys\Online\BibleBrainOnline.py", "Python", 0, 0, 0, 0, 0, 0, 0, 340, 0, 0, 0, 0, 0, 0, 0, 0, 0, 0, 0, 0, 0, 0, 0, 0, 0, 0, 0, 0, 0, 0, 0, 0, 0, 0, 0, 0, 0, 0, 361, 104, 805
"c:\Users\Marlowe\Desktop\ProjectBible\external-repos\BibleOrgSys\BibleOrgSys\Online\Door43ContentServiceOnline.py", "Python", 0, 0, 0, 0, 0, 0, 0, 338, 0, 0, 0, 0, 0, 0, 0, 0, 0, 0, 0, 0, 0, 0, 0, 0, 0, 0, 0, 0, 0, 0, 0, 0, 0, 0, 0, 0, 0, 0, 212, 74, 624
"c:\Users\Marlowe\Desktop\ProjectBible\external-repos\BibleOrgSys\BibleOrgSys\Online\Door43OnlineCatalog.py", "Python", 0, 0, 0, 0, 0, 0, 0, 412, 0, 0, 0, 0, 0, 0, 0, 0, 0, 0, 0, 0, 0, 0, 0, 0, 0, 0, 0, 0, 0, 0, 0, 0, 0, 0, 0, 0, 0, 0, 219, 76, 707
"c:\Users\Marlowe\Desktop\ProjectBible\external-repos\BibleOrgSys\BibleOrgSys\Online\GenericOnlineBible.py", "Python", 0, 0, 0, 0, 0, 0, 0, 104, 0, 0, 0, 0, 0, 0, 0, 0, 0, 0, 0, 0, 0, 0, 0, 0, 0, 0, 0, 0, 0, 0, 0, 0, 0, 0, 0, 0, 0, 0, 109, 51, 264
"c:\Users\Marlowe\Desktop\ProjectBible\external-repos\BibleOrgSys\BibleOrgSys\Online\SwordInstallManager.py", "Python", 0, 0, 0, 0, 0, 0, 0, 503, 0, 0, 0, 0, 0, 0, 0, 0, 0, 0, 0, 0, 0, 0, 0, 0, 0, 0, 0, 0, 0, 0, 0, 0, 0, 0, 0, 0, 0, 0, 178, 109, 790
"c:\Users\Marlowe\Desktop\ProjectBible\external-repos\BibleOrgSys\BibleOrgSys\Online\__init__.py", "Python", 0, 0, 0, 0, 0, 0, 0, 0, 0, 0, 0, 0, 0, 0, 0, 0, 0, 0, 0, 0, 0, 0, 0, 0, 0, 0, 0, 0, 0, 0, 0, 0, 0, 0, 0, 0, 0, 0, 0, 1, 1
"c:\Users\Marlowe\Desktop\ProjectBible\external-repos\BibleOrgSys\BibleOrgSys\OriginalLanguages\BibleLexicon.py", "Python", 0, 0, 0, 0, 0, 0, 0, 154, 0, 0, 0, 0, 0, 0, 0, 0, 0, 0, 0, 0, 0, 0, 0, 0, 0, 0, 0, 0, 0, 0, 0, 0, 0, 0, 0, 0, 0, 0, 297, 43, 494
"c:\Users\Marlowe\Desktop\ProjectBible\external-repos\BibleOrgSys\BibleOrgSys\OriginalLanguages\Converters\GreekLexiconConverter.py", "Python", 0, 0, 0, 0, 0, 0, 0, 235, 0, 0, 0, 0, 0, 0, 0, 0, 0, 0, 0, 0, 0, 0, 0, 0, 0, 0, 0, 0, 0, 0, 0, 0, 0, 0, 0, 0, 0, 0, 127, 46, 408
"c:\Users\Marlowe\Desktop\ProjectBible\external-repos\BibleOrgSys\BibleOrgSys\OriginalLanguages\Converters\HebrewLexiconConverter.py", "Python", 0, 0, 0, 0, 0, 0, 0, 531, 0, 0, 0, 0, 0, 0, 0, 0, 0, 0, 0, 0, 0, 0, 0, 0, 0, 0, 0, 0, 0, 0, 0, 0, 0, 0, 0, 0, 0, 0, 305, 123, 959
"c:\Users\Marlowe\Desktop\ProjectBible\external-repos\BibleOrgSys\BibleOrgSys\OriginalLanguages\Converters\__init__.py", "Python", 0, 0, 0, 0, 0, 0, 0, 0, 0, 0, 0, 0, 0, 0, 0, 0, 0, 0, 0, 0, 0, 0, 0, 0, 0, 0, 0, 0, 0, 0, 0, 0, 0, 0, 0, 0, 0, 0, 0, 1, 1
"c:\Users\Marlowe\Desktop\ProjectBible\external-repos\BibleOrgSys\BibleOrgSys\OriginalLanguages\Greek.py", "Python", 0, 0, 0, 0, 0, 0, 0, 187, 0, 0, 0, 0, 0, 0, 0, 0, 0, 0, 0, 0, 0, 0, 0, 0, 0, 0, 0, 0, 0, 0, 0, 0, 0, 0, 0, 0, 0, 0, 108, 42, 337
"c:\Users\Marlowe\Desktop\ProjectBible\external-repos\BibleOrgSys\BibleOrgSys\OriginalLanguages\GreekLexicon.py", "Python", 0, 0, 0, 0, 0, 0, 0, 109, 0, 0, 0, 0, 0, 0, 0, 0, 0, 0, 0, 0, 0, 0, 0, 0, 0, 0, 0, 0, 0, 0, 0, 0, 0, 0, 0, 0, 0, 0, 105, 33, 247
"c:\Users\Marlowe\Desktop\ProjectBible\external-repos\BibleOrgSys\BibleOrgSys\OriginalLanguages\GreekNT.py", "Python", 0, 0, 0, 0, 0, 0, 0, 256, 0, 0, 0, 0, 0, 0, 0, 0, 0, 0, 0, 0, 0, 0, 0, 0, 0, 0, 0, 0, 0, 0, 0, 0, 0, 0, 0, 0, 0, 0, 195, 45, 496
"c:\Users\Marlowe\Desktop\ProjectBible\external-repos\BibleOrgSys\BibleOrgSys\OriginalLanguages\Hebrew.py", "Python", 0, 0, 0, 0, 0, 0, 0, 369, 0, 0, 0, 0, 0, 0, 0, 0, 0, 0, 0, 0, 0, 0, 0, 0, 0, 0, 0, 0, 0, 0, 0, 0, 0, 0, 0, 0, 0, 0, 150, 59, 578
"c:\Users\Marlowe\Desktop\ProjectBible\external-repos\BibleOrgSys\BibleOrgSys\OriginalLanguages\HebrewLexicon.py", "Python", 0, 0, 0, 0, 0, 0, 0, 355, 0, 0, 0, 0, 0, 0, 0, 0, 0, 0, 0, 0, 0, 0, 0, 0, 0, 0, 0, 0, 0, 0, 0, 0, 0, 0, 0, 0, 0, 0, 272, 86, 713
"c:\Users\Marlowe\Desktop\ProjectBible\external-repos\BibleOrgSys\BibleOrgSys\OriginalLanguages\HebrewWLCBible.py", "Python", 0, 0, 0, 0, 0, 0, 0, 701, 0, 0, 0, 0, 0, 0, 0, 0, 0, 0, 0, 0, 0, 0, 0, 0, 0, 0, 0, 0, 0, 0, 0, 0, 0, 0, 0, 0, 0, 0, 239, 107, 1047
"c:\Users\Marlowe\Desktop\ProjectBible\external-repos\BibleOrgSys\BibleOrgSys\OriginalLanguages\__init__.py", "Python", 0, 0, 0, 0, 0, 0, 0, 0, 0, 0, 0, 0, 0, 0, 0, 0, 0, 0, 0, 0, 0, 0, 0, 0, 0, 0, 0, 0, 0, 0, 0, 0, 0, 0, 0, 0, 0, 0, 0, 1, 1
"c:\Users\Marlowe\Desktop\ProjectBible\external-repos\BibleOrgSys\BibleOrgSys\Reference\BibleBookOrders.py", "Python", 0, 0, 0, 0, 0, 0, 0, 255, 0, 0, 0, 0, 0, 0, 0, 0, 0, 0, 0, 0, 0, 0, 0, 0, 0, 0, 0, 0, 0, 0, 0, 0, 0, 0, 0, 0, 0, 0, 143, 73, 471
"c:\Users\Marlowe\Desktop\ProjectBible\external-repos\BibleOrgSys\BibleOrgSys\Reference\BibleBooksCodes.py", "Python", 0, 0, 0, 0, 0, 0, 0, 529, 0, 0, 0, 0, 0, 0, 0, 0, 0, 0, 0, 0, 0, 0, 0, 0, 0, 0, 0, 0, 0, 0, 0, 0, 0, 0, 0, 0, 0, 0, 384, 147, 1060
"c:\Users\Marlowe\Desktop\ProjectBible\external-repos\BibleOrgSys\BibleOrgSys\Reference\BibleBooksNames.py", "Python", 0, 0, 0, 0, 0, 0, 0, 350, 0, 0, 0, 0, 0, 0, 0, 0, 0, 0, 0, 0, 0, 0, 0, 0, 0, 0, 0, 0, 0, 0, 0, 0, 0, 0, 0, 0, 0, 0, 259, 84, 693
"c:\Users\Marlowe\Desktop\ProjectBible\external-repos\BibleOrgSys\BibleOrgSys\Reference\BibleOrganisationalSystems.py", "Python", 0, 0, 0, 0, 0, 0, 0, 332, 0, 0, 0, 0, 0, 0, 0, 0, 0, 0, 0, 0, 0, 0, 0, 0, 0, 0, 0, 0, 0, 0, 0, 0, 0, 0, 0, 0, 0, 0, 264, 82, 678
"c:\Users\Marlowe\Desktop\ProjectBible\external-repos\BibleOrgSys\BibleOrgSys\Reference\BiblePunctuationSystems.py", "Python", 0, 0, 0, 0, 0, 0, 0, 173, 0, 0, 0, 0, 0, 0, 0, 0, 0, 0, 0, 0, 0, 0, 0, 0, 0, 0, 0, 0, 0, 0, 0, 0, 0, 0, 0, 0, 0, 0, 148, 42, 363
"c:\Users\Marlowe\Desktop\ProjectBible\external-repos\BibleOrgSys\BibleOrgSys\Reference\BibleReferences.py", "Python", 0, 0, 0, 0, 0, 0, 0, 1600, 0, 0, 0, 0, 0, 0, 0, 0, 0, 0, 0, 0, 0, 0, 0, 0, 0, 0, 0, 0, 0, 0, 0, 0, 0, 0, 0, 0, 0, 0, 454, 112, 2166
"c:\Users\Marlowe\Desktop\ProjectBible\external-repos\BibleOrgSys\BibleOrgSys\Reference\BibleReferencesLinks.py", "Python", 0, 0, 0, 0, 0, 0, 0, 107, 0, 0, 0, 0, 0, 0, 0, 0, 0, 0, 0, 0, 0, 0, 0, 0, 0, 0, 0, 0, 0, 0, 0, 0, 0, 0, 0, 0, 0, 0, 211, 61, 379
"c:\Users\Marlowe\Desktop\ProjectBible\external-repos\BibleOrgSys\BibleOrgSys\Reference\BibleStylesheets.py", "Python", 0, 0, 0, 0, 0, 0, 0, 398, 0, 0, 0, 0, 0, 0, 0, 0, 0, 0, 0, 0, 0, 0, 0, 0, 0, 0, 0, 0, 0, 0, 0, 0, 0, 0, 0, 0, 0, 0, 157, 74, 629
"c:\Users\Marlowe\Desktop\ProjectBible\external-repos\BibleOrgSys\BibleOrgSys\Reference\BibleVersificationSystems.py", "Python", 0, 0, 0, 0, 0, 0, 0, 694, 0, 0, 0, 0, 0, 0, 0, 0, 0, 0, 0, 0, 0, 0, 0, 0, 0, 0, 0, 0, 0, 0, 0, 0, 0, 0, 0, 0, 0, 0, 301, 104, 1099
"c:\Users\Marlowe\Desktop\ProjectBible\external-repos\BibleOrgSys\BibleOrgSys\Reference\Converters\BibleBookOrdersConverter.py", "Python", 0, 0, 0, 0, 0, 0, 0, 337, 0, 0, 0, 0, 0, 0, 0, 0, 0, 0, 0, 0, 0, 0, 0, 0, 0, 0, 0, 0, 0, 0, 0, 0, 0, 0, 0, 0, 0, 0, 168, 75, 580
"c:\Users\Marlowe\Desktop\ProjectBible\external-repos\BibleOrgSys\BibleOrgSys\Reference\Converters\BibleBooksCodesConverter.py", "Python", 0, 0, 0, 0, 0, 0, 0, 781, 0, 0, 0, 0, 0, 0, 0, 0, 0, 0, 0, 0, 0, 0, 0, 0, 0, 0, 0, 0, 0, 0, 0, 0, 0, 0, 0, 0, 0, 0, 253, 107, 1141
"c:\Users\Marlowe\Desktop\ProjectBible\external-repos\BibleOrgSys\BibleOrgSys\Reference\Converters\BibleBooksNamesConverter.py", "Python", 0, 0, 0, 0, 0, 0, 0, 388, 0, 0, 0, 0, 0, 0, 0, 0, 0, 0, 0, 0, 0, 0, 0, 0, 0, 0, 0, 0, 0, 0, 0, 0, 0, 0, 0, 0, 0, 0, 171, 69, 628
"c:\Users\Marlowe\Desktop\ProjectBible\external-repos\BibleOrgSys\BibleOrgSys\Reference\Converters\BibleOrganisationalSystemsConverter.py", "Python", 0, 0, 0, 0, 0, 0, 0, 345, 0, 0, 0, 0, 0, 0, 0, 0, 0, 0, 0, 0, 0, 0, 0, 0, 0, 0, 0, 0, 0, 0, 0, 0, 0, 0, 0, 0, 0, 0, 127, 78, 550
"c:\Users\Marlowe\Desktop\ProjectBible\external-repos\BibleOrgSys\BibleOrgSys\Reference\Converters\BiblePunctuationSystemsConverter.py", "Python", 0, 0, 0, 0, 0, 0, 0, 359, 0, 0, 0, 0, 0, 0, 0, 0, 0, 0, 0, 0, 0, 0, 0, 0, 0, 0, 0, 0, 0, 0, 0, 0, 0, 0, 0, 0, 0, 0, 127, 74, 560
"c:\Users\Marlowe\Desktop\ProjectBible\external-repos\BibleOrgSys\BibleOrgSys\Reference\Converters\BibleReferencesLinksConverter.py", "Python", 0, 0, 0, 0, 0, 0, 0, 479, 0, 0, 0, 0, 0, 0, 0, 0, 0, 0, 0, 0, 0, 0, 0, 0, 0, 0, 0, 0, 0, 0, 0, 0, 0, 0, 0, 0, 0, 0, 169, 106, 754
"c:\Users\Marlowe\Desktop\ProjectBible\external-repos\BibleOrgSys\BibleOrgSys\Reference\Converters\BibleVersificationSystemsConverter.py", "Python", 0, 0, 0, 0, 0, 0, 0, 445, 0, 0, 0, 0, 0, 0, 0, 0, 0, 0, 0, 0, 0, 0, 0, 0, 0, 0, 0, 0, 0, 0, 0, 0, 0, 0, 0, 0, 0, 0, 166, 86, 697
"c:\Users\Marlowe\Desktop\ProjectBible\external-repos\BibleOrgSys\BibleOrgSys\Reference\Converters\ISO_639_3_LanguagesConverter.py", "Python", 0, 0, 0, 0, 0, 0, 0, 241, 0, 0, 0, 0, 0, 0, 0, 0, 0, 0, 0, 0, 0, 0, 0, 0, 0, 0, 0, 0, 0, 0, 0, 0, 0, 0, 0, 0, 0, 0, 118, 63, 422
"c:\Users\Marlowe\Desktop\ProjectBible\external-repos\BibleOrgSys\BibleOrgSys\Reference\Converters\USFM2MarkersConverter.py", "Python", 0, 0, 0, 0, 0, 0, 0, 389, 0, 0, 0, 0, 0, 0, 0, 0, 0, 0, 0, 0, 0, 0, 0, 0, 0, 0, 0, 0, 0, 0, 0, 0, 0, 0, 0, 0, 0, 0, 149, 69, 607
"c:\Users\Marlowe\Desktop\ProjectBible\external-repos\BibleOrgSys\BibleOrgSys\Reference\Converters\USFM3MarkersConverter.py", "Python", 0, 0, 0, 0, 0, 0, 0, 401, 0, 0, 0, 0, 0, 0, 0, 0, 0, 0, 0, 0, 0, 0, 0, 0, 0, 0, 0, 0, 0, 0, 0, 0, 0, 0, 0, 0, 0, 0, 153, 69, 623
"c:\Users\Marlowe\Desktop\ProjectBible\external-repos\BibleOrgSys\BibleOrgSys\Reference\Converters\__init__.py", "Python", 0, 0, 0, 0, 0, 0, 0, 0, 0, 0, 0, 0, 0, 0, 0, 0, 0, 0, 0, 0, 0, 0, 0, 0, 0, 0, 0, 0, 0, 0, 0, 0, 0, 0, 0, 0, 0, 0, 0, 1, 1
"c:\Users\Marlowe\Desktop\ProjectBible\external-repos\BibleOrgSys\BibleOrgSys\Reference\EuropeanToEnglish.py", "Python", 0, 0, 0, 0, 0, 0, 0, 5893, 0, 0, 0, 0, 0, 0, 0, 0, 0, 0, 0, 0, 0, 0, 0, 0, 0, 0, 0, 0, 0, 0, 0, 0, 0, 0, 0, 0, 0, 0, 85, 31, 6009
"c:\Users\Marlowe\Desktop\ProjectBible\external-repos\BibleOrgSys\BibleOrgSys\Reference\ISO_639_3_Languages.py", "Python", 0, 0, 0, 0, 0, 0, 0, 109, 0, 0, 0, 0, 0, 0, 0, 0, 0, 0, 0, 0, 0, 0, 0, 0, 0, 0, 0, 0, 0, 0, 0, 0, 0, 0, 0, 0, 0, 0, 84, 30, 223
"c:\Users\Marlowe\Desktop\ProjectBible\external-repos\BibleOrgSys\BibleOrgSys\Reference\LDML.py", "Python", 0, 0, 0, 0, 0, 0, 0, 3135, 0, 0, 0, 0, 0, 0, 0, 0, 0, 0, 0, 0, 0, 0, 0, 0, 0, 0, 0, 0, 0, 0, 0, 0, 0, 0, 0, 0, 0, 0, 668, 91, 3894
"c:\Users\Marlowe\Desktop\ProjectBible\external-repos\BibleOrgSys\BibleOrgSys\Reference\OldBiblicalEnglish.py", "Python", 0, 0, 0, 0, 0, 0, 0, 2939, 0, 0, 0, 0, 0, 0, 0, 0, 0, 0, 0, 0, 0, 0, 0, 0, 0, 0, 0, 0, 0, 0, 0, 0, 0, 0, 0, 0, 0, 0, 104, 42, 3085
"c:\Users\Marlowe\Desktop\ProjectBible\external-repos\BibleOrgSys\BibleOrgSys\Reference\USFM2Markers.py", "Python", 0, 0, 0, 0, 0, 0, 0, 554, 0, 0, 0, 0, 0, 0, 0, 0, 0, 0, 0, 0, 0, 0, 0, 0, 0, 0, 0, 0, 0, 0, 0, 0, 0, 0, 0, 0, 0, 0, 231, 107, 892
"c:\Users\Marlowe\Desktop\ProjectBible\external-repos\BibleOrgSys\BibleOrgSys\Reference\USFM3Markers.py", "Python", 0, 0, 0, 0, 0, 0, 0, 579, 0, 0, 0, 0, 0, 0, 0, 0, 0, 0, 0, 0, 0, 0, 0, 0, 0, 0, 0, 0, 0, 0, 0, 0, 0, 0, 0, 0, 0, 0, 236, 108, 923
"c:\Users\Marlowe\Desktop\ProjectBible\external-repos\BibleOrgSys\BibleOrgSys\Reference\VerseReferences.py", "Python", 0, 0, 0, 0, 0, 0, 0, 1382, 0, 0, 0, 0, 0, 0, 0, 0, 0, 0, 0, 0, 0, 0, 0, 0, 0, 0, 0, 0, 0, 0, 0, 0, 0, 0, 0, 0, 0, 0, 397, 109, 1888
"c:\Users\Marlowe\Desktop\ProjectBible\external-repos\BibleOrgSys\BibleOrgSys\Reference\__init__.py", "Python", 0, 0, 0, 0, 0, 0, 0, 0, 0, 0, 0, 0, 0, 0, 0, 0, 0, 0, 0, 0, 0, 0, 0, 0, 0, 0, 0, 0, 0, 0, 0, 0, 0, 0, 0, 0, 0, 0, 0, 1, 1
"c:\Users\Marlowe\Desktop\ProjectBible\external-repos\BibleOrgSys\BibleOrgSys\UnknownBible.py", "Python", 0, 0, 0, 0, 0, 0, 0, 904, 0, 0, 0, 0, 0, 0, 0, 0, 0, 0, 0, 0, 0, 0, 0, 0, 0, 0, 0, 0, 0, 0, 0, 0, 0, 0, 0, 0, 0, 0, 201, 112, 1217
"c:\Users\Marlowe\Desktop\ProjectBible\external-repos\BibleOrgSys\BibleOrgSys\__init__.py", "Python", 0, 0, 0, 0, 0, 0, 0, 0, 0, 0, 0, 0, 0, 0, 0, 0, 0, 0, 0, 0, 0, 0, 0, 0, 0, 0, 0, 0, 0, 0, 0, 0, 0, 0, 0, 0, 0, 0, 0, 1, 1
"c:\Users\Marlowe\Desktop\ProjectBible\external-repos\BibleOrgSys\ControlFiles\Bible1.cls", "TeX", 0, 0, 0, 0, 0, 0, 0, 0, 0, 0, 0, 0, 0, 0, 0, 0, 0, 0, 0, 0, 0, 0, 0, 0, 0, 0, 0, 0, 95, 0, 0, 0, 0, 0, 0, 0, 0, 0, 68, 37, 200
"c:\Users\Marlowe\Desktop\ProjectBible\external-repos\BibleOrgSys\ControlFiles\Bible2.cls", "TeX", 0, 0, 0, 0, 0, 0, 0, 0, 0, 0, 0, 0, 0, 0, 0, 0, 0, 0, 0, 0, 0, 0, 0, 0, 0, 0, 0, 0, 98, 0, 0, 0, 0, 0, 0, 0, 0, 0, 68, 38, 204
"c:\Users\Marlowe\Desktop\ProjectBible\external-repos\BibleOrgSys\ControlFiles\BibleBook.css", "PostCSS", 0, 0, 0, 0, 0, 0, 0, 0, 0, 0, 0, 0, 0, 0, 0, 0, 0, 0, 0, 146, 0, 0, 0, 0, 0, 0, 0, 0, 0, 0, 0, 0, 0, 0, 0, 0, 0, 0, 95, 68, 309
"c:\Users\Marlowe\Desktop\ProjectBible\external-repos\BibleOrgSys\ControlFiles\SwordProject.conf", "Properties", 0, 0, 0, 0, 0, 0, 0, 0, 0, 0, 23, 0, 0, 0, 0, 0, 0, 0, 0, 0, 0, 0, 0, 0, 0, 0, 0, 0, 0, 0, 0, 0, 0, 0, 0, 0, 0, 0, 0, 1, 24
"c:\Users\Marlowe\Desktop\ProjectBible\external-repos\BibleOrgSys\ControlFiles\lettrine.sty", "TeX", 0, 0, 0, 0, 0, 0, 0, 0, 0, 0, 0, 0, 0, 0, 0, 0, 0, 0, 0, 0, 0, 0, 0, 0, 0, 0, 0, 0, 173, 0, 0, 0, 0, 0, 0, 0, 0, 0, 24, 1, 198
"c:\Users\Marlowe\Desktop\ProjectBible\external-repos\BibleOrgSys\Documentation\Authors.md", "Markdown", 10, 0, 0, 0, 0, 0, 0, 0, 0, 0, 0, 0, 0, 0, 0, 0, 0, 0, 0, 0, 0, 0, 0, 0, 0, 0, 0, 0, 0, 0, 0, 0, 0, 0, 0, 0, 0, 0, 0, 8, 18
"c:\Users\Marlowe\Desktop\ProjectBible\external-repos\BibleOrgSys\ExternalSchemas\DerivedFiles\usx_2.0.rng", "XML", 0, 0, 0, 0, 0, 0, 0, 0, 0, 0, 0, 0, 0, 0, 717, 0, 0, 0, 0, 0, 0, 0, 0, 0, 0, 0, 0, 0, 0, 0, 0, 0, 0, 0, 0, 0, 0, 0, 440, 1, 1158
"c:\Users\Marlowe\Desktop\ProjectBible\external-repos\BibleOrgSys\ExternalSchemas\DerivedFiles\usx_2.6.rng", "XML", 0, 0, 0, 0, 0, 0, 0, 0, 0, 0, 0, 0, 0, 0, 816, 0, 0, 0, 0, 0, 0, 0, 0, 0, 0, 0, 0, 0, 0, 0, 0, 0, 0, 0, 0, 0, 0, 0, 458, 1, 1275
"c:\Users\Marlowe\Desktop\ProjectBible\external-repos\BibleOrgSys\ExternalSchemas\DerivedFiles\usx_3.0.7.rng", "XML", 0, 0, 0, 0, 0, 0, 0, 0, 0, 0, 0, 0, 0, 0, 1339, 0, 0, 0, 0, 0, 0, 0, 0, 0, 0, 0, 0, 0, 0, 0, 0, 0, 0, 0, 0, 0, 0, 0, 388, 1, 1728
"c:\Users\Marlowe\Desktop\ProjectBible\external-repos\BibleOrgSys\ExternalSchemas\DerivedFiles\usx_3.0.rng", "XML", 0, 0, 0, 0, 0, 0, 0, 0, 0, 0, 0, 0, 0, 0, 1141, 0, 0, 0, 0, 0, 0, 0, 0, 0, 0, 0, 0, 0, 0, 0, 0, 0, 0, 0, 0, 0, 0, 0, 409, 1, 1551
"c:\Users\Marlowe\Desktop\ProjectBible\external-repos\BibleOrgSys\ExternalSchemas\ReadMe.md", "Markdown", 11, 0, 0, 0, 0, 0, 0, 0, 0, 0, 0, 0, 0, 0, 0, 0, 0, 0, 0, 0, 0, 0, 0, 0, 0, 0, 0, 0, 0, 0, 0, 0, 0, 0, 0, 0, 0, 0, 0, 4, 15
"c:\Users\Marlowe\Desktop\ProjectBible\external-repos\BibleOrgSys\ExternalSchemas\haggai_20130620.xsd", "XML", 0, 0, 0, 0, 0, 0, 0, 0, 0, 0, 0, 0, 0, 0, 627, 0, 0, 0, 0, 0, 0, 0, 0, 0, 0, 0, 0, 0, 0, 0, 0, 0, 0, 0, 0, 0, 0, 0, 20, 7, 654
"c:\Users\Marlowe\Desktop\ProjectBible\external-repos\BibleOrgSys\ExternalSchemas\osisCore.2.1.1-cw1.xsd", "XML", 0, 0, 0, 0, 0, 0, 0, 0, 0, 0, 0, 0, 0, 0, 1932, 0, 0, 0, 0, 0, 0, 0, 0, 0, 0, 0, 0, 0, 0, 0, 0, 0, 0, 0, 0, 0, 0, 0, 13, 1, 1946
"c:\Users\Marlowe\Desktop\ProjectBible\external-repos\BibleOrgSys\ExternalSchemas\osisCore.2.1.1.xsd", "XML", 0, 0, 0, 0, 0, 0, 0, 0, 0, 0, 0, 0, 0, 0, 1921, 0, 0, 0, 0, 0, 0, 0, 0, 0, 0, 0, 0, 0, 0, 0, 0, 0, 0, 0, 0, 0, 0, 0, 13, 1940, 3874
"c:\Users\Marlowe\Desktop\ProjectBible\external-repos\BibleOrgSys\ExternalSchemas\usfx.xsd", "XML", 0, 0, 0, 0, 0, 0, 0, 0, 0, 0, 0, 0, 0, 0, 1085, 0, 0, 0, 0, 0, 0, 0, 0, 0, 0, 0, 0, 0, 0, 0, 0, 0, 0, 0, 0, 0, 0, 0, 1, 4, 1090
"c:\Users\Marlowe\Desktop\ProjectBible\external-repos\BibleOrgSys\ExternalSchemas\zef2014.xsd", "XML", 0, 0, 0, 0, 0, 0, 0, 0, 0, 0, 0, 0, 0, 0, 337, 0, 0, 0, 0, 0, 0, 0, 0, 0, 0, 0, 0, 0, 0, 0, 0, 0, 0, 0, 0, 0, 0, 0, 5, 7, 349
"c:\Users\Marlowe\Desktop\ProjectBible\external-repos\BibleOrgSys\README.md", "Markdown", 66, 0, 0, 0, 0, 0, 0, 0, 0, 0, 0, 0, 0, 0, 0, 0, 0, 0, 0, 0, 0, 0, 0, 0, 0, 0, 0, 0, 0, 0, 0, 0, 0, 0, 0, 0, 0, 0, 0, 20, 86
"c:\Users\Marlowe\Desktop\ProjectBible\external-repos\BibleOrgSys\README.rst", "reStructuredText", 0, 0, 0, 0, 0, 0, 0, 0, 0, 0, 0, 0, 0, 0, 0, 0, 0, 0, 0, 0, 0, 0, 0, 0, 0, 0, 0, 16, 0, 0, 0, 0, 0, 0, 0, 0, 0, 0, 0, 7, 23
"c:\Users\Marlowe\Desktop\ProjectBible\external-repos\BibleOrgSys\Rust\bible_organisational_system\src\cv_index_bindings.rs", "Rust", 0, 0, 0, 0, 0, 0, 0, 0, 0, 0, 0, 0, 0, 0, 0, 0, 0, 0, 0, 0, 0, 0, 0, 0, 0, 0, 399, 0, 0, 0, 0, 0, 0, 0, 0, 0, 0, 0, 161, 89, 649
"c:\Users\Marlowe\Desktop\ProjectBible\external-repos\BibleOrgSys\Rust\bible_organisational_system\src\lib.rs", "Rust", 0, 0, 0, 0, 0, 0, 0, 0, 0, 0, 0, 0, 0, 0, 0, 0, 0, 0, 0, 0, 0, 0, 0, 0, 0, 0, 19, 0, 0, 0, 0, 0, 0, 0, 0, 0, 0, 0, 7, 6, 32
"c:\Users\Marlowe\Desktop\ProjectBible\external-repos\BibleOrgSys\Rust\bible_organisational_system\src\parsing_bindings.rs", "Rust", 0, 0, 0, 0, 0, 0, 0, 0, 0, 0, 0, 0, 0, 0, 0, 0, 0, 0, 0, 0, 0, 0, 0, 0, 0, 0, 31, 0, 0, 0, 0, 0, 0, 0, 0, 0, 0, 0, 7, 9, 47
"c:\Users\Marlowe\Desktop\ProjectBible\external-repos\BibleOrgSys\Rust\bos-internals\src\chapter_verse.rs", "Rust", 0, 0, 0, 0, 0, 0, 0, 0, 0, 0, 0, 0, 0, 0, 0, 0, 0, 0, 0, 0, 0, 0, 0, 0, 0, 0, 218, 0, 0, 0, 0, 0, 0, 0, 0, 0, 0, 0, 64, 49, 331
"c:\Users\Marlowe\Desktop\ProjectBible\external-repos\BibleOrgSys\Rust\bos-internals\src\entry.rs", "Rust", 0, 0, 0, 0, 0, 0, 0, 0, 0, 0, 0, 0, 0, 0, 0, 0, 0, 0, 0, 0, 0, 0, 0, 0, 0, 0, 351, 0, 0, 0, 0, 0, 0, 0, 0, 0, 0, 0, 147, 58, 556
"c:\Users\Marlowe\Desktop\ProjectBible\external-repos\BibleOrgSys\Rust\bos-internals\src\entry_extra_list.rs", "Rust", 0, 0, 0, 0, 0, 0, 0, 0, 0, 0, 0, 0, 0, 0, 0, 0, 0, 0, 0, 0, 0, 0, 0, 0, 0, 0, 445, 0, 0, 0, 0, 0, 0, 0, 0, 0, 0, 0, 98, 85, 628
"c:\Users\Marlowe\Desktop\ProjectBible\external-repos\BibleOrgSys\Rust\bos-internals\src\error.rs", "Rust", 0, 0, 0, 0, 0, 0, 0, 0, 0, 0, 0, 0, 0, 0, 0, 0, 0, 0, 0, 0, 0, 0, 0, 0, 0, 0, 78, 0, 0, 0, 0, 0, 0, 0, 0, 0, 0, 0, 9, 34, 121
"c:\Users\Marlowe\Desktop\ProjectBible\external-repos\BibleOrgSys\Rust\bos-internals\src\indexes\cv_index.rs", "Rust", 0, 0, 0, 0, 0, 0, 0, 0, 0, 0, 0, 0, 0, 0, 0, 0, 0, 0, 0, 0, 0, 0, 0, 0, 0, 0, 373, 0, 0, 0, 0, 0, 0, 0, 0, 0, 0, 0, 115, 78, 566
"c:\Users\Marlowe\Desktop\ProjectBible\external-repos\BibleOrgSys\Rust\bos-internals\src\indexes\mod.rs", "Rust", 0, 0, 0, 0, 0, 0, 0, 0, 0, 0, 0, 0, 0, 0, 0, 0, 0, 0, 0, 0, 0, 0, 0, 0, 0, 0, 4, 0, 0, 0, 0, 0, 0, 0, 0, 0, 0, 0, 5, 3, 12
"c:\Users\Marlowe\Desktop\ProjectBible\external-repos\BibleOrgSys\Rust\bos-internals\src\indexes\section_index.rs", "Rust", 0, 0, 0, 0, 0, 0, 0, 0, 0, 0, 0, 0, 0, 0, 0, 0, 0, 0, 0, 0, 0, 0, 0, 0, 0, 0, 309, 0, 0, 0, 0, 0, 0, 0, 0, 0, 0, 0, 70, 59, 438
"c:\Users\Marlowe\Desktop\ProjectBible\external-repos\BibleOrgSys\Rust\bos-internals\src\lib.rs", "Rust", 0, 0, 0, 0, 0, 0, 0, 0, 0, 0, 0, 0, 0, 0, 0, 0, 0, 0, 0, 0, 0, 0, 0, 0, 0, 0, 14, 0, 0, 0, 0, 0, 0, 0, 0, 0, 0, 0, 80, 3, 97
"c:\Users\Marlowe\Desktop\ProjectBible\external-repos\BibleOrgSys\Rust\bos-internals\src\markers.rs", "Rust", 0, 0, 0, 0, 0, 0, 0, 0, 0, 0, 0, 0, 0, 0, 0, 0, 0, 0, 0, 0, 0, 0, 0, 0, 0, 0, 249, 0, 0, 0, 0, 0, 0, 0, 0, 0, 0, 0, 59, 35, 343
"c:\Users\Marlowe\Desktop\ProjectBible\external-repos\BibleOrgSys\Rust\bos-internals\src\parsing.rs", "Rust", 0, 0, 0, 0, 0, 0, 0, 0, 0, 0, 0, 0, 0, 0, 0, 0, 0, 0, 0, 0, 0, 0, 0, 0, 0, 0, 308, 0, 0, 0, 0, 0, 0, 0, 0, 0, 0, 0, 97, 44, 449
"c:\Users\Marlowe\Desktop\ProjectBible\external-repos\BibleOrgSys\Tests\DemoTests.py", "Python", 0, 0, 0, 0, 0, 0, 0, 1535, 0, 0, 0, 0, 0, 0, 0, 0, 0, 0, 0, 0, 0, 0, 0, 0, 0, 0, 0, 0, 0, 0, 0, 0, 0, 0, 0, 0, 0, 0, 216, 202, 1953
"c:\Users\Marlowe\Desktop\ProjectBible\external-repos\BibleOrgSys\Tests\TestSuite.py", "Python", 0, 0, 0, 0, 0, 0, 0, 51, 0, 0, 0, 0, 0, 0, 0, 0, 0, 0, 0, 0, 0, 0, 0, 0, 0, 0, 0, 0, 0, 0, 0, 0, 0, 0, 0, 0, 0, 0, 33, 26, 110
"c:\Users\Marlowe\Desktop\ProjectBible\external-repos\BibleOrgSys\Tests\USX_test.py", "Python", 0, 0, 0, 0, 0, 0, 0, 141, 0, 0, 0, 0, 0, 0, 0, 0, 0, 0, 0, 0, 0, 0, 0, 0, 0, 0, 0, 0, 0, 0, 0, 0, 0, 0, 0, 0, 0, 0, 85, 36, 262
"c:\Users\Marlowe\Desktop\ProjectBible\external-repos\BibleOrgSys\Tests\test_BOSGlobals.py", "Python", 0, 0, 0, 0, 0, 0, 0, 14, 0, 0, 0, 0, 0, 0, 0, 0, 0, 0, 0, 0, 0, 0, 0, 0, 0, 0, 0, 0, 0, 0, 0, 0, 0, 0, 0, 0, 0, 0, 0, 5, 19
"c:\Users\Marlowe\Desktop\ProjectBible\external-repos\BibleOrgSys\Tests\test_BibleBookOrders.py", "Python", 0, 0, 0, 0, 0, 0, 0, 174, 0, 0, 0, 0, 0, 0, 0, 0, 0, 0, 0, 0, 0, 0, 0, 0, 0, 0, 0, 0, 0, 0, 0, 0, 0, 0, 0, 0, 0, 0, 109, 49, 332
"c:\Users\Marlowe\Desktop\ProjectBible\external-repos\BibleOrgSys\Tests\test_BibleBooksCodes.py", "Python", 0, 0, 0, 0, 0, 0, 0, 474, 0, 0, 0, 0, 0, 0, 0, 0, 0, 0, 0, 0, 0, 0, 0, 0, 0, 0, 0, 0, 0, 0, 0, 0, 0, 0, 0, 0, 0, 0, 151, 64, 689
"c:\Users\Marlowe\Desktop\ProjectBible\external-repos\BibleOrgSys\Tests\test_BibleBooksNames.py", "Python", 0, 0, 0, 0, 0, 0, 0, 165, 0, 0, 0, 0, 0, 0, 0, 0, 0, 0, 0, 0, 0, 0, 0, 0, 0, 0, 0, 0, 0, 0, 0, 0, 0, 0, 0, 0, 0, 0, 88, 44, 297
"c:\Users\Marlowe\Desktop\ProjectBible\external-repos\BibleOrgSys\Tests\test_BibleOrganisationalSystems.py", "Python", 0, 0, 0, 0, 0, 0, 0, 160, 0, 0, 0, 0, 0, 0, 0, 0, 0, 0, 0, 0, 0, 0, 0, 0, 0, 0, 0, 0, 0, 0, 0, 0, 0, 0, 0, 0, 0, 0, 114, 47, 321
"c:\Users\Marlowe\Desktop\ProjectBible\external-repos\BibleOrgSys\Tests\test_BiblePunctuationSystems.py", "Python", 0, 0, 0, 0, 0, 0, 0, 130, 0, 0, 0, 0, 0, 0, 0, 0, 0, 0, 0, 0, 0, 0, 0, 0, 0, 0, 0, 0, 0, 0, 0, 0, 0, 0, 0, 0, 0, 0, 84, 40, 254
"c:\Users\Marlowe\Desktop\ProjectBible\external-repos\BibleOrgSys\Tests\test_BibleReferences.py", "Python", 0, 0, 0, 0, 0, 0, 0, 218, 0, 0, 0, 0, 0, 0, 0, 0, 0, 0, 0, 0, 0, 0, 0, 0, 0, 0, 0, 0, 0, 0, 0, 0, 0, 0, 0, 0, 0, 0, 82, 20, 320
"c:\Users\Marlowe\Desktop\ProjectBible\external-repos\BibleOrgSys\Tests\test_BibleVersificationSystems.py", "Python", 0, 0, 0, 0, 0, 0, 0, 132, 0, 0, 0, 0, 0, 0, 0, 0, 0, 0, 0, 0, 0, 0, 0, 0, 0, 0, 0, 0, 0, 0, 0, 0, 0, 0, 0, 0, 0, 0, 87, 41, 260
"c:\Users\Marlowe\Desktop\ProjectBible\external-repos\BibleOrgSys\Tests\test_ISO_639-3_Languages.py", "Python", 0, 0, 0, 0, 0, 0, 0, 150, 0, 0, 0, 0, 0, 0, 0, 0, 0, 0, 0, 0, 0, 0, 0, 0, 0, 0, 0, 0, 0, 0, 0, 0, 0, 0, 0, 0, 0, 0, 72, 34, 256
"c:\Users\Marlowe\Desktop\ProjectBible\external-repos\BibleOrgSys\Tests\test_USFM2Markers.py", "Python", 0, 0, 0, 0, 0, 0, 0, 419, 0, 0, 0, 0, 0, 0, 0, 0, 0, 0, 0, 0, 0, 0, 0, 0, 0, 0, 0, 0, 0, 0, 0, 0, 0, 0, 0, 0, 0, 0, 109, 52, 580
"c:\Users\Marlowe\Desktop\ProjectBible\external-repos\BibleOrgSys\Tests\test_USFM3Markers.py", "Python", 0, 0, 0, 0, 0, 0, 0, 419, 0, 0, 0, 0, 0, 0, 0, 0, 0, 0, 0, 0, 0, 0, 0, 0, 0, 0, 0, 0, 0, 0, 0, 0, 0, 0, 0, 0, 0, 0, 109, 52, 580
"c:\Users\Marlowe\Desktop\ProjectBible\external-repos\BibleOrgSys\Tests\test_USFMFilenames.py", "Python", 0, 0, 0, 0, 0, 0, 0, 287, 0, 0, 0, 0, 0, 0, 0, 0, 0, 0, 0, 0, 0, 0, 0, 0, 0, 0, 0, 0, 0, 0, 0, 0, 0, 0, 0, 0, 0, 0, 95, 48, 430
"c:\Users\Marlowe\Desktop\ProjectBible\external-repos\BibleOrgSys\Tests\test_USXFilenames.py", "Python", 0, 0, 0, 0, 0, 0, 0, 121, 0, 0, 0, 0, 0, 0, 0, 0, 0, 0, 0, 0, 0, 0, 0, 0, 0, 0, 0, 0, 0, 0, 0, 0, 0, 0, 0, 0, 0, 0, 92, 35, 248
"c:\Users\Marlowe\Desktop\ProjectBible\external-repos\BibleOrgSys\Tests\trangAll.sh", "Shell Script", 0, 0, 0, 0, 0, 0, 0, 0, 0, 0, 0, 0, 0, 0, 0, 0, 0, 11, 0, 0, 0, 0, 0, 0, 0, 0, 0, 0, 0, 0, 0, 0, 0, 0, 0, 0, 0, 0, 28, 6, 45
"c:\Users\Marlowe\Desktop\ProjectBible\external-repos\BibleOrgSys\setup.py", "Python", 0, 0, 0, 0, 0, 0, 0, 195, 0, 0, 0, 0, 0, 0, 0, 0, 0, 0, 0, 0, 0, 0, 0, 0, 0, 0, 0, 0, 0, 0, 0, 0, 0, 0, 0, 0, 0, 0, 179, 33, 407
"c:\Users\Marlowe\Desktop\ProjectBible\external-repos\BibleOrgSys\uv.lock", "toml", 0, 0, 0, 0, 0, 0, 0, 0, 0, 0, 0, 0, 0, 0, 0, 0, 0, 0, 0, 0, 0, 0, 0, 20, 0, 0, 0, 0, 0, 0, 0, 0, 0, 0, 0, 0, 0, 0, 0, 5, 25
"c:\Users\Marlowe\Desktop\ProjectBible\external-repos\BibleQuote-Modules\PUBLISH.md", "Markdown", 9, 0, 0, 0, 0, 0, 0, 0, 0, 0, 0, 0, 0, 0, 0, 0, 0, 0, 0, 0, 0, 0, 0, 0, 0, 0, 0, 0, 0, 0, 0, 0, 0, 0, 0, 0, 0, 0, 0, 9, 18
"c:\Users\Marlowe\Desktop\ProjectBible\external-repos\BibleQuote-Modules\README.md", "Markdown", 119, 0, 0, 0, 0, 0, 0, 0, 0, 0, 0, 0, 0, 0, 0, 0, 0, 0, 0, 0, 0, 0, 0, 0, 0, 0, 0, 0, 0, 0, 0, 0, 0, 0, 0, 0, 0, 0, 0, 15, 134
"c:\Users\Marlowe\Desktop\ProjectBible\external-repos\BibleQuote-Modules\modules.ini", "Ini", 0, 0, 0, 0, 0, 0, 0, 0, 0, 0, 0, 0, 0, 0, 0, 0, 0, 0, 141, 0, 0, 0, 0, 0, 0, 0, 0, 0, 0, 0, 0, 0, 0, 0, 0, 0, 0, 0, 0, 47, 188
"c:\Users\Marlowe\Desktop\ProjectBible\external-repos\Orature\.github\scripts\decrypt_secret.sh", "Shell Script", 0, 0, 0, 0, 0, 0, 0, 0, 0, 0, 0, 0, 0, 0, 0, 0, 0, 2, 0, 0, 0, 0, 0, 0, 0, 0, 0, 0, 0, 0, 0, 0, 0, 0, 0, 0, 0, 0, 4, 1, 7
"c:\Users\Marlowe\Desktop\ProjectBible\external-repos\Orature\.github\workflows\build.yml", "YAML", 0, 0, 0, 0, 191, 0, 0, 0, 0, 0, 0, 0, 0, 0, 0, 0, 0, 0, 0, 0, 0, 0, 0, 0, 0, 0, 0, 0, 0, 0, 0, 0, 0, 0, 0, 0, 0, 0, 1, 7, 199
"c:\Users\Marlowe\Desktop\ProjectBible\external-repos\Orature\.github\workflows\mac_store_build.yml", "YAML", 0, 0, 0, 0, 183, 0, 0, 0, 0, 0, 0, 0, 0, 0, 0, 0, 0, 0, 0, 0, 0, 0, 0, 0, 0, 0, 0, 0, 0, 0, 0, 0, 0, 0, 0, 0, 0, 0, 1, 9, 193
"c:\Users\Marlowe\Desktop\ProjectBible\external-repos\Orature\.run\Orature.run.xml", "XML", 0, 0, 0, 0, 0, 0, 0, 0, 0, 0, 0, 0, 0, 0, 11, 0, 0, 0, 0, 0, 0, 0, 0, 0, 0, 0, 0, 0, 0, 0, 0, 0, 0, 0, 0, 0, 0, 0, 0, 0, 11
"c:\Users\Marlowe\Desktop\ProjectBible\external-repos\Orature\.sonarcloud.properties", "Properties", 0, 0, 0, 0, 0, 0, 0, 0, 0, 0, 0, 0, 0, 0, 0, 0, 0, 0, 0, 0, 0, 0, 0, 0, 0, 0, 0, 0, 0, 0, 0, 0, 0, 0, 0, 0, 0, 0, 0, 2, 2
"c:\Users\Marlowe\Desktop\ProjectBible\external-repos\Orature\README.md", "Markdown", 42, 0, 0, 0, 0, 0, 0, 0, 0, 0, 0, 0, 0, 0, 0, 0, 0, 0, 0, 0, 0, 0, 0, 0, 0, 0, 0, 0, 0, 0, 0, 0, 0, 0, 0, 0, 0, 0, 0, 25, 67
"c:\Users\Marlowe\Desktop\ProjectBible\external-repos\Orature\assets\build.gradle", "Groovy", 0, 0, 0, 0, 0, 0, 0, 0, 0, 0, 0, 0, 0, 0, 0, 0, 91, 0, 0, 0, 0, 0, 0, 0, 0, 0, 0, 0, 0, 0, 0, 0, 0, 0, 0, 0, 0, 0, 0, 14, 105
"c:\Users\Marlowe\Desktop\ProjectBible\external-repos\Orature\assets\src\main\resources\gl_sources.json", "JSON", 0, 0, 482, 0, 0, 0, 0, 0, 0, 0, 0, 0, 0, 0, 0, 0, 0, 0, 0, 0, 0, 0, 0, 0, 0, 0, 0, 0, 0, 0, 0, 0, 0, 0, 0, 0, 0, 0, 0, 0, 482
"c:\Users\Marlowe\Desktop\ProjectBible\external-repos\Orature\assets\src\main\resources\plugins\ocenaudio.yaml", "YAML", 0, 0, 0, 0, 16, 0, 0, 0, 0, 0, 0, 0, 0, 0, 0, 0, 0, 0, 0, 0, 0, 0, 0, 0, 0, 0, 0, 0, 0, 0, 0, 0, 0, 0, 0, 0, 0, 0, 0, 0, 16
"c:\Users\Marlowe\Desktop\ProjectBible\external-repos\Orature\build.gradle", "Groovy", 0, 0, 0, 0, 0, 0, 0, 0, 0, 0, 0, 0, 0, 0, 0, 0, 79, 0, 0, 0, 0, 0, 0, 0, 0, 0, 0, 0, 0, 0, 0, 0, 0, 0, 0, 0, 0, 0, 0, 19, 98
"c:\Users\Marlowe\Desktop\ProjectBible\external-repos\Orature\common\audio\build.gradle", "Groovy", 0, 0, 0, 0, 0, 0, 0, 0, 0, 0, 0, 0, 0, 0, 0, 0, 11, 0, 0, 0, 0, 0, 0, 0, 0, 0, 0, 0, 0, 0, 0, 0, 0, 0, 0, 0, 0, 0, 0, 3, 14
"c:\Users\Marlowe\Desktop\ProjectBible\external-repos\Orature\common\build.gradle", "Groovy", 0, 0, 0, 0, 0, 0, 0, 0, 0, 0, 0, 0, 0, 0, 0, 0, 27, 0, 0, 0, 0, 0, 0, 0, 0, 0, 0, 0, 0, 0, 0, 0, 0, 0, 0, 0, 0, 0, 7, 8, 42
"c:\Users\Marlowe\Desktop\ProjectBible\external-repos\Orature\common\src\test\resources\audacity.yaml", "YAML", 0, 0, 0, 0, 8, 0, 0, 0, 0, 0, 0, 0, 0, 0, 0, 0, 0, 0, 0, 0, 0, 0, 0, 0, 0, 0, 0, 0, 0, 0, 0, 0, 0, 0, 0, 0, 0, 0, 0, 0, 8
"c:\Users\Marlowe\Desktop\ProjectBible\external-repos\Orature\common\src\test\resources\bible_images_rc\manifest.yaml", "YAML", 0, 0, 0, 0, 40, 0, 0, 0, 0, 0, 0, 0, 0, 0, 0, 0, 0, 0, 0, 0, 0, 0, 0, 0, 0, 0, 0, 0, 0, 0, 0, 0, 0, 0, 0, 0, 0, 0, 0, 1, 41
"c:\Users\Marlowe\Desktop\ProjectBible\external-repos\Orature\common\src\test\resources\images_rc\manifest.yaml", "YAML", 0, 0, 0, 0, 31, 0, 0, 0, 0, 0, 0, 0, 0, 0, 0, 0, 0, 0, 0, 0, 0, 0, 0, 0, 0, 0, 0, 0, 0, 0, 0, 0, 0, 0, 0, 0, 0, 0, 0, 0, 31
"c:\Users\Marlowe\Desktop\ProjectBible\external-repos\Orature\common\src\test\resources\images_rc\media.yaml", "YAML", 0, 0, 0, 0, 26, 0, 0, 0, 0, 0, 0, 0, 0, 0, 0, 0, 0, 0, 0, 0, 0, 0, 0, 0, 0, 0, 0, 0, 0, 0, 0, 0, 0, 0, 0, 0, 0, 0, 0, 0, 26
"c:\Users\Marlowe\Desktop\ProjectBible\external-repos\Orature\common\src\test\resources\valid_single_book_rc\LICENSE.md", "Markdown", 0, 0, 0, 0, 0, 0, 0, 0, 0, 0, 0, 0, 0, 0, 0, 0, 0, 0, 0, 0, 0, 0, 0, 0, 0, 0, 0, 0, 0, 0, 0, 0, 0, 0, 0, 0, 0, 0, 0, 1, 1
"c:\Users\Marlowe\Desktop\ProjectBible\external-repos\Orature\common\src\test\resources\valid_single_book_rc\content\config.yaml", "YAML", 0, 0, 0, 0, 140, 0, 0, 0, 0, 0, 0, 0, 0, 0, 0, 0, 0, 0, 0, 0, 0, 0, 0, 0, 0, 0, 0, 0, 0, 0, 0, 0, 0, 0, 0, 0, 0, 0, 0, 1, 141
"c:\Users\Marlowe\Desktop\ProjectBible\external-repos\Orature\common\src\test\resources\valid_single_book_rc\content\toc.yaml", "YAML", 0, 0, 0, 0, 25, 0, 0, 0, 0, 0, 0, 0, 0, 0, 0, 0, 0, 0, 0, 0, 0, 0, 0, 0, 0, 0, 0, 0, 0, 0, 0, 0, 0, 0, 0, 0, 0, 0, 0, 0, 25
"c:\Users\Marlowe\Desktop\ProjectBible\external-repos\Orature\common\src\test\resources\valid_single_book_rc\manifest.yaml", "YAML", 0, 0, 0, 0, 43, 0, 0, 0, 0, 0, 0, 0, 0, 0, 0, 0, 0, 0, 0, 0, 0, 0, 0, 0, 0, 0, 0, 0, 0, 0, 0, 0, 0, 0, 0, 0, 0, 0, 0, 5, 48
"c:\Users\Marlowe\Desktop\ProjectBible\external-repos\Orature\config\detekt\detekt.yml", "YAML", 0, 0, 0, 0, 524, 0, 0, 0, 0, 0, 0, 0, 0, 0, 0, 0, 0, 0, 0, 0, 0, 0, 0, 0, 0, 0, 0, 0, 0, 0, 0, 0, 0, 0, 0, 0, 0, 0, 15, 12, 551
"c:\Users\Marlowe\Desktop\ProjectBible\external-repos\Orature\crowdin.yml", "YAML", 0, 0, 0, 0, 3, 0, 0, 0, 0, 0, 0, 0, 0, 0, 0, 0, 0, 0, 0, 0, 0, 0, 0, 0, 0, 0, 0, 0, 0, 0, 0, 0, 0, 0, 0, 0, 0, 0, 0, 1, 4
"c:\Users\Marlowe\Desktop\ProjectBible\external-repos\Orature\dependencies.gradle", "Groovy", 0, 0, 0, 0, 0, 0, 0, 0, 0, 0, 0, 0, 0, 0, 0, 0, 60, 0, 0, 0, 0, 0, 0, 0, 0, 0, 0, 0, 0, 0, 0, 0, 0, 0, 0, 0, 0, 0, 2, 2, 64
"c:\Users\Marlowe\Desktop\ProjectBible\external-repos\Orature\dev-build.sh", "Shell Script", 0, 0, 0, 0, 0, 0, 0, 0, 0, 0, 0, 0, 0, 0, 0, 0, 0, 7, 0, 0, 0, 0, 0, 0, 0, 0, 0, 0, 0, 0, 0, 0, 0, 0, 0, 0, 0, 0, 4, 1, 12
"c:\Users\Marlowe\Desktop\ProjectBible\external-repos\Orature\gradle.properties", "Properties", 0, 0, 0, 0, 0, 0, 0, 0, 0, 0, 5, 0, 0, 0, 0, 0, 0, 0, 0, 0, 0, 0, 0, 0, 0, 0, 0, 0, 0, 0, 0, 0, 0, 0, 0, 0, 0, 0, 1, 1, 7
"c:\Users\Marlowe\Desktop\ProjectBible\external-repos\Orature\gradle\wrapper\gradle-wrapper.properties", "Properties", 0, 0, 0, 0, 0, 0, 0, 0, 0, 0, 5, 0, 0, 0, 0, 0, 0, 0, 0, 0, 0, 0, 0, 0, 0, 0, 0, 0, 0, 0, 0, 0, 0, 0, 0, 0, 0, 0, 0, 1, 6
"c:\Users\Marlowe\Desktop\ProjectBible\external-repos\Orature\gradlew.bat", "Batch", 0, 0, 0, 0, 0, 0, 0, 0, 46, 0, 0, 0, 0, 0, 0, 0, 0, 0, 0, 0, 0, 0, 0, 0, 0, 0, 0, 0, 0, 0, 0, 0, 0, 0, 0, 0, 0, 0, 30, 25, 101
"c:\Users\Marlowe\Desktop\ProjectBible\external-repos\Orature\jvm\build.gradle", "Groovy", 0, 0, 0, 0, 0, 0, 0, 0, 0, 0, 0, 0, 0, 0, 0, 0, 29, 0, 0, 0, 0, 0, 0, 0, 0, 0, 0, 0, 0, 0, 0, 0, 0, 0, 0, 0, 0, 0, 0, 0, 29
"c:\Users\Marlowe\Desktop\ProjectBible\external-repos\Orature\jvm\controls\build.gradle", "Groovy", 0, 0, 0, 0, 0, 0, 0, 0, 0, 0, 0, 0, 0, 0, 0, 0, 33, 0, 0, 0, 0, 0, 0, 0, 0, 0, 0, 0, 0, 0, 0, 0, 0, 0, 0, 0, 0, 0, 7, 13, 53
"c:\Users\Marlowe\Desktop\ProjectBible\external-repos\Orature\jvm\controls\src\main\resources\css\add-plugin-dialog.css", "PostCSS", 0, 0, 0, 0, 0, 0, 0, 0, 0, 0, 0, 0, 0, 0, 0, 0, 0, 0, 0, 37, 0, 0, 0, 0, 0, 0, 0, 0, 0, 0, 0, 0, 0, 0, 0, 0, 0, 0, 18, 10, 65
"c:\Users\Marlowe\Desktop\ProjectBible\external-repos\Orature\jvm\controls\src\main\resources\css\app-bar-button.css", "PostCSS", 0, 0, 0, 0, 0, 0, 0, 0, 0, 0, 0, 0, 0, 0, 0, 0, 0, 0, 0, 55, 0, 0, 0, 0, 0, 0, 0, 0, 0, 0, 0, 0, 0, 0, 0, 0, 0, 0, 18, 14, 87
"c:\Users\Marlowe\Desktop\ProjectBible\external-repos\Orature\jvm\controls\src\main\resources\css\audio-player.css", "PostCSS", 0, 0, 0, 0, 0, 0, 0, 0, 0, 0, 0, 0, 0, 0, 0, 0, 0, 0, 0, 10, 0, 0, 0, 0, 0, 0, 0, 0, 0, 0, 0, 0, 0, 0, 0, 0, 0, 0, 18, 2, 30
"c:\Users\Marlowe\Desktop\ProjectBible\external-repos\Orature\jvm\controls\src\main\resources\css\audioplayer.css", "PostCSS", 0, 0, 0, 0, 0, 0, 0, 0, 0, 0, 0, 0, 0, 0, 0, 0, 0, 0, 0, 20, 0, 0, 0, 0, 0, 0, 0, 0, 0, 0, 0, 0, 0, 0, 0, 0, 0, 0, 18, 5, 43
"c:\Users\Marlowe\Desktop\ProjectBible\external-repos\Orature\jvm\controls\src\main\resources\css\base-colors.css", "PostCSS", 0, 0, 0, 0, 0, 0, 0, 0, 0, 0, 0, 0, 0, 0, 0, 0, 0, 0, 0, 67, 0, 0, 0, 0, 0, 0, 0, 0, 0, 0, 0, 0, 0, 0, 0, 0, 0, 0, 21, 6, 94
"c:\Users\Marlowe\Desktop\ProjectBible\external-repos\Orature\jvm\controls\src\main\resources\css\breadcrumb-bar.css", "PostCSS", 0, 0, 0, 0, 0, 0, 0, 0, 0, 0, 0, 0, 0, 0, 0, 0, 0, 0, 0, 74, 0, 0, 0, 0, 0, 0, 0, 0, 0, 0, 0, 0, 0, 0, 0, 0, 0, 0, 18, 15, 107
"c:\Users\Marlowe\Desktop\ProjectBible\external-repos\Orature\jvm\controls\src\main\resources\css\card-radio-btn.css", "PostCSS", 0, 0, 0, 0, 0, 0, 0, 0, 0, 0, 0, 0, 0, 0, 0, 0, 0, 0, 0, 34, 0, 0, 0, 0, 0, 0, 0, 0, 0, 0, 0, 0, 0, 0, 0, 0, 0, 0, 18, 6, 58
"c:\Users\Marlowe\Desktop\ProjectBible\external-repos\Orature\jvm\controls\src\main\resources\css\chapter-card.css", "PostCSS", 0, 0, 0, 0, 0, 0, 0, 0, 0, 0, 0, 0, 0, 0, 0, 0, 0, 0, 0, 55, 0, 0, 0, 0, 0, 0, 0, 0, 0, 0, 0, 0, 0, 0, 0, 0, 0, 0, 18, 13, 86
"c:\Users\Marlowe\Desktop\ProjectBible\external-repos\Orature\jvm\controls\src\main\resources\css\chapter-grid.css", "PostCSS", 0, 0, 0, 0, 0, 0, 0, 0, 0, 0, 0, 0, 0, 0, 0, 0, 0, 0, 0, 33, 0, 0, 0, 0, 0, 0, 0, 0, 0, 0, 0, 0, 0, 0, 0, 0, 0, 0, 18, 6, 57
"c:\Users\Marlowe\Desktop\ProjectBible\external-repos\Orature\jvm\controls\src\main\resources\css\chapter-selector.css", "PostCSS", 0, 0, 0, 0, 0, 0, 0, 0, 0, 0, 0, 0, 0, 0, 0, 0, 0, 0, 0, 39, 0, 0, 0, 0, 0, 0, 0, 0, 0, 0, 0, 0, 0, 0, 0, 0, 0, 0, 18, 8, 65
"c:\Users\Marlowe\Desktop\ProjectBible\external-repos\Orature\jvm\controls\src\main\resources\css\checkbox-button.css", "PostCSS", 0, 0, 0, 0, 0, 0, 0, 0, 0, 0, 0, 0, 0, 0, 0, 0, 0, 0, 0, 53, 0, 0, 0, 0, 0, 0, 0, 0, 0, 0, 0, 0, 0, 0, 0, 0, 0, 0, 18, 12, 83
"c:\Users\Marlowe\Desktop\ProjectBible\external-repos\Orature\jvm\controls\src\main\resources\css\chunk-marker.css", "PostCSS", 0, 0, 0, 0, 0, 0, 0, 0, 0, 0, 0, 0, 0, 0, 0, 0, 0, 0, 0, 29, 0, 0, 0, 0, 0, 0, 0, 0, 0, 0, 0, 0, 0, 0, 0, 0, 0, 0, 18, 6, 53
"c:\Users\Marlowe\Desktop\ProjectBible\external-repos\Orature\jvm\controls\src\main\resources\css\common.css", "PostCSS", 0, 0, 0, 0, 0, 0, 0, 0, 0, 0, 0, 0, 0, 0, 0, 0, 0, 0, 0, 72, 0, 0, 0, 0, 0, 0, 0, 0, 0, 0, 0, 0, 0, 0, 0, 0, 0, 0, 19, 17, 108
"c:\Users\Marlowe\Desktop\ProjectBible\external-repos\Orature\jvm\controls\src\main\resources\css\confirm-dialog.css", "PostCSS", 0, 0, 0, 0, 0, 0, 0, 0, 0, 0, 0, 0, 0, 0, 0, 0, 0, 0, 0, 90, 0, 0, 0, 0, 0, 0, 0, 0, 0, 0, 0, 0, 0, 0, 0, 0, 0, 0, 18, 16, 124
"c:\Users\Marlowe\Desktop\ProjectBible\external-repos\Orature\jvm\controls\src\main\resources\css\contributor-info.css", "PostCSS", 0, 0, 0, 0, 0, 0, 0, 0, 0, 0, 0, 0, 0, 0, 0, 0, 0, 0, 0, 95, 0, 0, 0, 0, 0, 0, 0, 0, 0, 0, 0, 0, 0, 0, 0, 0, 0, 0, 19, 22, 136
"c:\Users\Marlowe\Desktop\ProjectBible\external-repos\Orature\jvm\controls\src\main\resources\css\control.css", "PostCSS", 0, 0, 0, 0, 0, 0, 0, 0, 0, 0, 0, 0, 0, 0, 0, 0, 0, 0, 0, 802, 0, 0, 0, 0, 0, 0, 0, 0, 0, 0, 0, 0, 0, 0, 0, 0, 0, 0, 45, 162, 1009
"c:\Users\Marlowe\Desktop\ProjectBible\external-repos\Orature\jvm\controls\src\main\resources\css\demo.css", "PostCSS", 0, 0, 0, 0, 0, 0, 0, 0, 0, 0, 0, 0, 0, 0, 0, 0, 0, 0, 0, 9, 0, 0, 0, 0, 0, 0, 0, 0, 0, 0, 0, 0, 0, 0, 0, 0, 0, 0, 18, 2, 29
"c:\Users\Marlowe\Desktop\ProjectBible\external-repos\Orature\jvm\controls\src\main\resources\css\exception-content.css", "PostCSS", 0, 0, 0, 0, 0, 0, 0, 0, 0, 0, 0, 0, 0, 0, 0, 0, 0, 0, 0, 54, 0, 0, 0, 0, 0, 0, 0, 0, 0, 0, 0, 0, 0, 0, 0, 0, 0, 0, 21, 14, 89
"c:\Users\Marlowe\Desktop\ProjectBible\external-repos\Orature\jvm\controls\src\main\resources\css\filtered-search-bar.css", "PostCSS", 0, 0, 0, 0, 0, 0, 0, 0, 0, 0, 0, 0, 0, 0, 0, 0, 0, 0, 0, 44, 0, 0, 0, 0, 0, 0, 0, 0, 0, 0, 0, 0, 0, 0, 0, 0, 0, 0, 18, 11, 73
"c:\Users\Marlowe\Desktop\ProjectBible\external-repos\Orature\jvm\controls\src\main\resources\css\import-conflict-dialog.css", "PostCSS", 0, 0, 0, 0, 0, 0, 0, 0, 0, 0, 0, 0, 0, 0, 0, 0, 0, 0, 0, 11, 0, 0, 0, 0, 0, 0, 0, 0, 0, 0, 0, 0, 0, 0, 0, 0, 0, 0, 18, 2, 31
"c:\Users\Marlowe\Desktop\ProjectBible\external-repos\Orature\jvm\controls\src\main\resources\css\import-export-dialogs.css", "PostCSS", 0, 0, 0, 0, 0, 0, 0, 0, 0, 0, 0, 0, 0, 0, 0, 0, 0, 0, 0, 38, 0, 0, 0, 0, 0, 0, 0, 0, 0, 0, 0, 0, 0, 0, 0, 0, 0, 0, 18, 9, 65
"c:\Users\Marlowe\Desktop\ProjectBible\external-repos\Orature\jvm\controls\src\main\resources\css\marker-node.css", "PostCSS", 0, 0, 0, 0, 0, 0, 0, 0, 0, 0, 0, 0, 0, 0, 0, 0, 0, 0, 0, 29, 0, 0, 0, 0, 0, 0, 0, 0, 0, 0, 0, 0, 0, 0, 0, 0, 0, 0, 18, 5, 52
"c:\Users\Marlowe\Desktop\ProjectBible\external-repos\Orature\jvm\controls\src\main\resources\css\narration.css", "PostCSS", 0, 0, 0, 0, 0, 0, 0, 0, 0, 0, 0, 0, 0, 0, 0, 0, 0, 0, 0, 209, 0, 0, 0, 0, 0, 0, 0, 0, 0, 0, 0, 0, 0, 0, 0, 0, 0, 0, 18, 48, 275
"c:\Users\Marlowe\Desktop\ProjectBible\external-repos\Orature\jvm\controls\src\main\resources\css\otter-dialog.css", "PostCSS", 0, 0, 0, 0, 0, 0, 0, 0, 0, 0, 0, 0, 0, 0, 0, 0, 0, 0, 0, 11, 0, 0, 0, 0, 0, 0, 0, 0, 0, 0, 0, 0, 0, 0, 0, 0, 0, 0, 18, 4, 33
"c:\Users\Marlowe\Desktop\ProjectBible\external-repos\Orature\jvm\controls\src\main\resources\css\plugin-opened-page.css", "PostCSS", 0, 0, 0, 0, 0, 0, 0, 0, 0, 0, 0, 0, 0, 0, 0, 0, 0, 0, 0, 41, 0, 0, 0, 0, 0, 0, 0, 0, 0, 0, 0, 0, 0, 0, 0, 0, 0, 0, 18, 7, 66
"c:\Users\Marlowe\Desktop\ProjectBible\external-repos\Orature\jvm\controls\src\main\resources\css\popup-menu.css", "PostCSS", 0, 0, 0, 0, 0, 0, 0, 0, 0, 0, 0, 0, 0, 0, 0, 0, 0, 0, 0, 39, 0, 0, 0, 0, 0, 0, 0, 0, 0, 0, 0, 0, 0, 0, 0, 0, 0, 0, 18, 9, 66
"c:\Users\Marlowe\Desktop\ProjectBible\external-repos\Orature\jvm\controls\src\main\resources\css\progress-dialog.css", "PostCSS", 0, 0, 0, 0, 0, 0, 0, 0, 0, 0, 0, 0, 0, 0, 0, 0, 0, 0, 0, 23, 0, 0, 0, 0, 0, 0, 0, 0, 0, 0, 0, 0, 0, 0, 0, 0, 0, 0, 18, 3, 44
"c:\Users\Marlowe\Desktop\ProjectBible\external-repos\Orature\jvm\controls\src\main\resources\css\resourcetakecard.css", "PostCSS", 0, 0, 0, 0, 0, 0, 0, 0, 0, 0, 0, 0, 0, 0, 0, 0, 0, 0, 0, 91, 0, 0, 0, 0, 0, 0, 0, 0, 0, 0, 0, 0, 0, 0, 0, 0, 0, 0, 18, 21, 130
"c:\Users\Marlowe\Desktop\ProjectBible\external-repos\Orature\jvm\controls\src\main\resources\css\resume-book-banner.css", "PostCSS", 0, 0, 0, 0, 0, 0, 0, 0, 0, 0, 0, 0, 0, 0, 0, 0, 0, 0, 0, 37, 0, 0, 0, 0, 0, 0, 0, 0, 0, 0, 0, 0, 0, 0, 0, 0, 0, 0, 18, 8, 63
"c:\Users\Marlowe\Desktop\ProjectBible\external-repos\Orature\jvm\controls\src\main\resources\css\scripturetakecard.css", "PostCSS", 0, 0, 0, 0, 0, 0, 0, 0, 0, 0, 0, 0, 0, 0, 0, 0, 0, 0, 0, 28, 0, 0, 0, 0, 0, 0, 0, 0, 0, 0, 0, 0, 0, 0, 0, 0, 0, 0, 18, 7, 53
"c:\Users\Marlowe\Desktop\ProjectBible\external-repos\Orature\jvm\controls\src\main\resources\css\scrolling-waveform.css", "PostCSS", 0, 0, 0, 0, 0, 0, 0, 0, 0, 0, 0, 0, 0, 0, 0, 0, 0, 0, 0, 64, 0, 0, 0, 0, 0, 0, 0, 0, 0, 0, 0, 0, 0, 0, 0, 0, 0, 0, 18, 16, 98
"c:\Users\Marlowe\Desktop\ProjectBible\external-repos\Orature\jvm\controls\src\main\resources\css\select-button.css", "PostCSS", 0, 0, 0, 0, 0, 0, 0, 0, 0, 0, 0, 0, 0, 0, 0, 0, 0, 0, 0, 44, 0, 0, 0, 0, 0, 0, 0, 0, 0, 0, 0, 0, 0, 0, 0, 0, 0, 0, 18, 10, 72
"c:\Users\Marlowe\Desktop\ProjectBible\external-repos\Orature\jvm\controls\src\main\resources\css\snack-bar-notification.css", "PostCSS", 0, 0, 0, 0, 0, 0, 0, 0, 0, 0, 0, 0, 0, 0, 0, 0, 0, 0, 0, 41, 0, 0, 0, 0, 0, 0, 0, 0, 0, 0, 0, 0, 0, 0, 0, 0, 0, 0, 18, 10, 69
"c:\Users\Marlowe\Desktop\ProjectBible\external-repos\Orature\jvm\controls\src\main\resources\css\source-content.css", "PostCSS", 0, 0, 0, 0, 0, 0, 0, 0, 0, 0, 0, 0, 0, 0, 0, 0, 0, 0, 0, 190, 0, 0, 0, 0, 0, 0, 0, 0, 0, 0, 0, 0, 0, 0, 0, 0, 0, 0, 19, 32, 241
"c:\Users\Marlowe\Desktop\ProjectBible\external-repos\Orature\jvm\controls\src\main\resources\css\source-format-toggle.css", "PostCSS", 0, 0, 0, 0, 0, 0, 0, 0, 0, 0, 0, 0, 0, 0, 0, 0, 0, 0, 0, 17, 0, 0, 0, 0, 0, 0, 0, 0, 0, 0, 0, 0, 0, 0, 0, 0, 0, 0, 18, 5, 40
"c:\Users\Marlowe\Desktop\ProjectBible\external-repos\Orature\jvm\controls\src\main\resources\css\table-view.css", "PostCSS", 0, 0, 0, 0, 0, 0, 0, 0, 0, 0, 0, 0, 0, 0, 0, 0, 0, 0, 0, 86, 0, 0, 0, 0, 0, 0, 0, 0, 0, 0, 0, 0, 0, 0, 0, 0, 0, 0, 21, 19, 126
"c:\Users\Marlowe\Desktop\ProjectBible\external-repos\Orature\jvm\controls\src\main\resources\css\takecard.css", "PostCSS", 0, 0, 0, 0, 0, 0, 0, 0, 0, 0, 0, 0, 0, 0, 0, 0, 0, 0, 0, 22, 0, 0, 0, 0, 0, 0, 0, 0, 0, 0, 0, 0, 0, 0, 0, 0, 0, 0, 18, 5, 45
"c:\Users\Marlowe\Desktop\ProjectBible\external-repos\Orature\jvm\controls\src\main\resources\css\theme\dark-theme.css", "PostCSS", 0, 0, 0, 0, 0, 0, 0, 0, 0, 0, 0, 0, 0, 0, 0, 0, 0, 0, 0, 144, 0, 0, 0, 0, 0, 0, 0, 0, 0, 0, 0, 0, 0, 0, 0, 0, 0, 0, 36, 31, 211
"c:\Users\Marlowe\Desktop\ProjectBible\external-repos\Orature\jvm\controls\src\main\resources\css\theme\light-theme.css", "PostCSS", 0, 0, 0, 0, 0, 0, 0, 0, 0, 0, 0, 0, 0, 0, 0, 0, 0, 0, 0, 144, 0, 0, 0, 0, 0, 0, 0, 0, 0, 0, 0, 0, 0, 0, 0, 0, 0, 0, 36, 33, 213
"c:\Users\Marlowe\Desktop\ProjectBible\external-repos\Orature\jvm\controls\src\main\resources\css\translation-card-2.css", "PostCSS", 0, 0, 0, 0, 0, 0, 0, 0, 0, 0, 0, 0, 0, 0, 0, 0, 0, 0, 0, 95, 0, 0, 0, 0, 0, 0, 0, 0, 0, 0, 0, 0, 0, 0, 0, 0, 0, 0, 19, 21, 135
"c:\Users\Marlowe\Desktop\ProjectBible\external-repos\Orature\jvm\controls\src\main\resources\org\wycliffeassociates\otter\jvm\controls\skins\banner\ResumeBookBanner.fxml", "XML", 0, 0, 0, 0, 0, 0, 0, 0, 0, 0, 0, 0, 0, 0, 54, 0, 0, 0, 0, 0, 0, 0, 0, 0, 0, 0, 0, 0, 0, 0, 0, 0, 0, 0, 0, 0, 0, 0, 20, 3, 77
"c:\Users\Marlowe\Desktop\ProjectBible\external-repos\Orature\jvm\controls\src\main\resources\org\wycliffeassociates\otter\jvm\controls\skins\bar\FilteredSearchBar.fxml", "XML", 0, 0, 0, 0, 0, 0, 0, 0, 0, 0, 0, 0, 0, 0, 27, 0, 0, 0, 0, 0, 0, 0, 0, 0, 0, 0, 0, 0, 0, 0, 0, 0, 0, 0, 0, 0, 0, 0, 20, 2, 49
"c:\Users\Marlowe\Desktop\ProjectBible\external-repos\Orature\jvm\controls\src\main\resources\org\wycliffeassociates\otter\jvm\controls\skins\button\AppBarButton.fxml", "XML", 0, 0, 0, 0, 0, 0, 0, 0, 0, 0, 0, 0, 0, 0, 9, 0, 0, 0, 0, 0, 0, 0, 0, 0, 0, 0, 0, 0, 0, 0, 0, 0, 0, 0, 0, 0, 0, 0, 20, 2, 31
"c:\Users\Marlowe\Desktop\ProjectBible\external-repos\Orature\jvm\controls\src\main\resources\org\wycliffeassociates\otter\jvm\controls\skins\button\CheckboxButton.fxml", "XML", 0, 0, 0, 0, 0, 0, 0, 0, 0, 0, 0, 0, 0, 0, 11, 0, 0, 0, 0, 0, 0, 0, 0, 0, 0, 0, 0, 0, 0, 0, 0, 0, 0, 0, 0, 0, 0, 0, 20, 2, 33
"c:\Users\Marlowe\Desktop\ProjectBible\external-repos\Orature\jvm\controls\src\main\resources\org\wycliffeassociates\otter\jvm\controls\skins\button\SelectButton.fxml", "XML", 0, 0, 0, 0, 0, 0, 0, 0, 0, 0, 0, 0, 0, 0, 11, 0, 0, 0, 0, 0, 0, 0, 0, 0, 0, 0, 0, 0, 0, 0, 0, 0, 0, 0, 0, 0, 0, 0, 20, 2, 33
"c:\Users\Marlowe\Desktop\ProjectBible\external-repos\Orature\jvm\controls\src\main\resources\org\wycliffeassociates\otter\jvm\controls\skins\cards\ChapterBanner.fxml", "XML", 0, 0, 0, 0, 0, 0, 0, 0, 0, 0, 0, 0, 0, 0, 70, 0, 0, 0, 0, 0, 0, 0, 0, 0, 0, 0, 0, 0, 0, 0, 0, 0, 0, 0, 0, 0, 0, 0, 20, 2, 92
"c:\Users\Marlowe\Desktop\ProjectBible\external-repos\Orature\jvm\controls\src\main\resources\org\wycliffeassociates\otter\jvm\controls\skins\cards\ChapterCard.fxml", "XML", 0, 0, 0, 0, 0, 0, 0, 0, 0, 0, 0, 0, 0, 0, 60, 0, 0, 0, 0, 0, 0, 0, 0, 0, 0, 0, 0, 0, 0, 0, 0, 0, 0, 0, 0, 0, 0, 0, 20, 2, 82
"c:\Users\Marlowe\Desktop\ProjectBible\external-repos\Orature\jvm\controls\src\main\resources\org\wycliffeassociates\otter\jvm\controls\skins\cards\ResourceTakeCard.fxml", "XML", 0, 0, 0, 0, 0, 0, 0, 0, 0, 0, 0, 0, 0, 0, 68, 0, 0, 0, 0, 0, 0, 0, 0, 0, 0, 0, 0, 0, 0, 0, 0, 0, 0, 0, 0, 0, 0, 0, 20, 2, 90
"c:\Users\Marlowe\Desktop\ProjectBible\external-repos\Orature\jvm\controls\src\main\resources\org\wycliffeassociates\otter\jvm\controls\skins\cards\ScriptureTakeCard.fxml", "XML", 0, 0, 0, 0, 0, 0, 0, 0, 0, 0, 0, 0, 0, 0, 68, 0, 0, 0, 0, 0, 0, 0, 0, 0, 0, 0, 0, 0, 0, 0, 0, 0, 0, 0, 0, 0, 0, 0, 20, 1, 89
"c:\Users\Marlowe\Desktop\ProjectBible\external-repos\Orature\jvm\controls\src\main\resources\org\wycliffeassociates\otter\jvm\controls\skins\media\AudioPlayer.fxml", "XML", 0, 0, 0, 0, 0, 0, 0, 0, 0, 0, 0, 0, 0, 0, 42, 0, 0, 0, 0, 0, 0, 0, 0, 0, 0, 0, 0, 0, 0, 0, 0, 0, 0, 0, 0, 0, 0, 0, 20, 2, 64
"c:\Users\Marlowe\Desktop\ProjectBible\external-repos\Orature\jvm\controls\src\main\resources\org\wycliffeassociates\otter\jvm\controls\skins\media\ExceptionContent.fxml", "XML", 0, 0, 0, 0, 0, 0, 0, 0, 0, 0, 0, 0, 0, 0, 94, 0, 0, 0, 0, 0, 0, 0, 0, 0, 0, 0, 0, 0, 0, 0, 0, 0, 0, 0, 0, 0, 0, 0, 20, 2, 116
"c:\Users\Marlowe\Desktop\ProjectBible\external-repos\Orature\jvm\controls\src\main\resources\org\wycliffeassociates\otter\jvm\controls\skins\media\SourceAudioPlayer.fxml", "XML", 0, 0, 0, 0, 0, 0, 0, 0, 0, 0, 0, 0, 0, 0, 45, 0, 0, 0, 0, 0, 0, 0, 0, 0, 0, 0, 0, 0, 0, 0, 0, 0, 0, 0, 0, 0, 0, 0, 20, 2, 67
"c:\Users\Marlowe\Desktop\ProjectBible\external-repos\Orature\jvm\controls\src\main\resources\org\wycliffeassociates\otter\jvm\controls\skins\media\SourceFormatToggle.fxml", "XML", 0, 0, 0, 0, 0, 0, 0, 0, 0, 0, 0, 0, 0, 0, 18, 0, 0, 0, 0, 0, 0, 0, 0, 0, 0, 0, 0, 0, 0, 0, 0, 0, 0, 0, 0, 0, 0, 0, 20, 3, 41
"c:\Users\Marlowe\Desktop\ProjectBible\external-repos\Orature\jvm\device\build.gradle", "Groovy", 0, 0, 0, 0, 0, 0, 0, 0, 0, 0, 0, 0, 0, 0, 0, 0, 9, 0, 0, 0, 0, 0, 0, 0, 0, 0, 0, 0, 0, 0, 0, 0, 0, 0, 0, 0, 0, 0, 1, 5, 15
"c:\Users\Marlowe\Desktop\ProjectBible\external-repos\Orature\jvm\markerapp\build.gradle", "Groovy", 0, 0, 0, 0, 0, 0, 0, 0, 0, 0, 0, 0, 0, 0, 0, 0, 39, 0, 0, 0, 0, 0, 0, 0, 0, 0, 0, 0, 0, 0, 0, 0, 0, 0, 0, 0, 0, 0, 5, 13, 57
"c:\Users\Marlowe\Desktop\ProjectBible\external-repos\Orature\jvm\markerapp\src\main\resources\css\verse-marker-app.css", "PostCSS", 0, 0, 0, 0, 0, 0, 0, 0, 0, 0, 0, 0, 0, 0, 0, 0, 0, 0, 0, 125, 0, 0, 0, 0, 0, 0, 0, 0, 0, 0, 0, 0, 0, 0, 0, 0, 0, 0, 18, 31, 174
"c:\Users\Marlowe\Desktop\ProjectBible\external-repos\Orature\jvm\recorderapp\build.gradle", "Groovy", 0, 0, 0, 0, 0, 0, 0, 0, 0, 0, 0, 0, 0, 0, 0, 0, 39, 0, 0, 0, 0, 0, 0, 0, 0, 0, 0, 0, 0, 0, 0, 0, 0, 0, 0, 0, 0, 0, 6, 12, 57
"c:\Users\Marlowe\Desktop\ProjectBible\external-repos\Orature\jvm\recorderapp\src\main\resources\css\recorder.css", "PostCSS", 0, 0, 0, 0, 0, 0, 0, 0, 0, 0, 0, 0, 0, 0, 0, 0, 0, 0, 0, 65, 0, 0, 0, 0, 0, 0, 0, 0, 0, 0, 0, 0, 0, 0, 0, 0, 0, 0, 18, 16, 99
"c:\Users\Marlowe\Desktop\ProjectBible\external-repos\Orature\jvm\utils\build.gradle", "Groovy", 0, 0, 0, 0, 0, 0, 0, 0, 0, 0, 0, 0, 0, 0, 0, 0, 17, 0, 0, 0, 0, 0, 0, 0, 0, 0, 0, 0, 0, 0, 0, 0, 0, 0, 0, 0, 0, 0, 3, 6, 26
"c:\Users\Marlowe\Desktop\ProjectBible\external-repos\Orature\jvm\workbookapp\build.gradle", "Groovy", 0, 0, 0, 0, 0, 0, 0, 0, 0, 0, 0, 0, 0, 0, 0, 0, 327, 0, 0, 0, 0, 0, 0, 0, 0, 0, 0, 0, 0, 0, 0, 0, 0, 0, 0, 0, 0, 0, 26, 51, 404
"c:\Users\Marlowe\Desktop\ProjectBible\external-repos\Orature\jvm\workbookapp\jooq.gradle", "Groovy", 0, 0, 0, 0, 0, 0, 0, 0, 0, 0, 0, 0, 0, 0, 0, 0, 69, 0, 0, 0, 0, 0, 0, 0, 0, 0, 0, 0, 0, 0, 0, 0, 0, 0, 0, 0, 0, 0, 5, 10, 84
"c:\Users\Marlowe\Desktop\ProjectBible\external-repos\Orature\jvm\workbookapp\src\integration-test\resources\verse-count-en_ulb-v21-05\1ch.csv", "CSV", 0, 0, 0, 0, 0, 0, 0, 0, 0, 0, 0, 0, 0, 0, 0, 0, 0, 0, 0, 0, 0, 0, 0, 0, 0, 0, 0, 0, 0, 0, 0, 0, 0, 0, 30, 0, 0, 0, 0, 0, 30
"c:\Users\Marlowe\Desktop\ProjectBible\external-repos\Orature\jvm\workbookapp\src\integration-test\resources\verse-count-en_ulb-v21-05\1co.csv", "CSV", 0, 0, 0, 0, 0, 0, 0, 0, 0, 0, 0, 0, 0, 0, 0, 0, 0, 0, 0, 0, 0, 0, 0, 0, 0, 0, 0, 0, 0, 0, 0, 0, 0, 0, 17, 0, 0, 0, 0, 0, 17
"c:\Users\Marlowe\Desktop\ProjectBible\external-repos\Orature\jvm\workbookapp\src\integration-test\resources\verse-count-en_ulb-v21-05\1jn.csv", "CSV", 0, 0, 0, 0, 0, 0, 0, 0, 0, 0, 0, 0, 0, 0, 0, 0, 0, 0, 0, 0, 0, 0, 0, 0, 0, 0, 0, 0, 0, 0, 0, 0, 0, 0, 5, 0, 0, 0, 0, 0, 5
"c:\Users\Marlowe\Desktop\ProjectBible\external-repos\Orature\jvm\workbookapp\src\integration-test\resources\verse-count-en_ulb-v21-05\1ki.csv", "CSV", 0, 0, 0, 0, 0, 0, 0, 0, 0, 0, 0, 0, 0, 0, 0, 0, 0, 0, 0, 0, 0, 0, 0, 0, 0, 0, 0, 0, 0, 0, 0, 0, 0, 0, 23, 0, 0, 0, 0, 0, 23
"c:\Users\Marlowe\Desktop\ProjectBible\external-repos\Orature\jvm\workbookapp\src\integration-test\resources\verse-count-en_ulb-v21-05\1pe.csv", "CSV", 0, 0, 0, 0, 0, 0, 0, 0, 0, 0, 0, 0, 0, 0, 0, 0, 0, 0, 0, 0, 0, 0, 0, 0, 0, 0, 0, 0, 0, 0, 0, 0, 0, 0, 6, 0, 0, 0, 0, 0, 6
"c:\Users\Marlowe\Desktop\ProjectBible\external-repos\Orature\jvm\workbookapp\src\integration-test\resources\verse-count-en_ulb-v21-05\1sa.csv", "CSV", 0, 0, 0, 0, 0, 0, 0, 0, 0, 0, 0, 0, 0, 0, 0, 0, 0, 0, 0, 0, 0, 0, 0, 0, 0, 0, 0, 0, 0, 0, 0, 0, 0, 0, 32, 0, 0, 0, 0, 0, 32
"c:\Users\Marlowe\Desktop\ProjectBible\external-repos\Orature\jvm\workbookapp\src\integration-test\resources\verse-count-en_ulb-v21-05\1th.csv", "CSV", 0, 0, 0, 0, 0, 0, 0, 0, 0, 0, 0, 0, 0, 0, 0, 0, 0, 0, 0, 0, 0, 0, 0, 0, 0, 0, 0, 0, 0, 0, 0, 0, 0, 0, 6, 0, 0, 0, 0, 0, 6
"c:\Users\Marlowe\Desktop\ProjectBible\external-repos\Orature\jvm\workbookapp\src\integration-test\resources\verse-count-en_ulb-v21-05\1ti.csv", "CSV", 0, 0, 0, 0, 0, 0, 0, 0, 0, 0, 0, 0, 0, 0, 0, 0, 0, 0, 0, 0, 0, 0, 0, 0, 0, 0, 0, 0, 0, 0, 0, 0, 0, 0, 7, 0, 0, 0, 0, 0, 7
"c:\Users\Marlowe\Desktop\ProjectBible\external-repos\Orature\jvm\workbookapp\src\integration-test\resources\verse-count-en_ulb-v21-05\2ch.csv", "CSV", 0, 0, 0, 0, 0, 0, 0, 0, 0, 0, 0, 0, 0, 0, 0, 0, 0, 0, 0, 0, 0, 0, 0, 0, 0, 0, 0, 0, 0, 0, 0, 0, 0, 0, 37, 0, 0, 0, 0, 0, 37
"c:\Users\Marlowe\Desktop\ProjectBible\external-repos\Orature\jvm\workbookapp\src\integration-test\resources\verse-count-en_ulb-v21-05\2co.csv", "CSV", 0, 0, 0, 0, 0, 0, 0, 0, 0, 0, 0, 0, 0, 0, 0, 0, 0, 0, 0, 0, 0, 0, 0, 0, 0, 0, 0, 0, 0, 0, 0, 0, 0, 0, 14, 0, 0, 0, 0, 0, 14
"c:\Users\Marlowe\Desktop\ProjectBible\external-repos\Orature\jvm\workbookapp\src\integration-test\resources\verse-count-en_ulb-v21-05\2jn.csv", "CSV", 0, 0, 0, 0, 0, 0, 0, 0, 0, 0, 0, 0, 0, 0, 0, 0, 0, 0, 0, 0, 0, 0, 0, 0, 0, 0, 0, 0, 0, 0, 0, 0, 0, 0, 2, 0, 0, 0, 0, 0, 2
"c:\Users\Marlowe\Desktop\ProjectBible\external-repos\Orature\jvm\workbookapp\src\integration-test\resources\verse-count-en_ulb-v21-05\2ki.csv", "CSV", 0, 0, 0, 0, 0, 0, 0, 0, 0, 0, 0, 0, 0, 0, 0, 0, 0, 0, 0, 0, 0, 0, 0, 0, 0, 0, 0, 0, 0, 0, 0, 0, 0, 0, 26, 0, 0, 0, 0, 0, 26
"c:\Users\Marlowe\Desktop\ProjectBible\external-repos\Orature\jvm\workbookapp\src\integration-test\resources\verse-count-en_ulb-v21-05\2pe.csv", "CSV", 0, 0, 0, 0, 0, 0, 0, 0, 0, 0, 0, 0, 0, 0, 0, 0, 0, 0, 0, 0, 0, 0, 0, 0, 0, 0, 0, 0, 0, 0, 0, 0, 0, 0, 4, 0, 0, 0, 0, 0, 4
"c:\Users\Marlowe\Desktop\ProjectBible\external-repos\Orature\jvm\workbookapp\src\integration-test\resources\verse-count-en_ulb-v21-05\2sa.csv", "CSV", 0, 0, 0, 0, 0, 0, 0, 0, 0, 0, 0, 0, 0, 0, 0, 0, 0, 0, 0, 0, 0, 0, 0, 0, 0, 0, 0, 0, 0, 0, 0, 0, 0, 0, 25, 0, 0, 0, 0, 0, 25
"c:\Users\Marlowe\Desktop\ProjectBible\external-repos\Orature\jvm\workbookapp\src\integration-test\resources\verse-count-en_ulb-v21-05\2th.csv", "CSV", 0, 0, 0, 0, 0, 0, 0, 0, 0, 0, 0, 0, 0, 0, 0, 0, 0, 0, 0, 0, 0, 0, 0, 0, 0, 0, 0, 0, 0, 0, 0, 0, 0, 0, 4, 0, 0, 0, 0, 0, 4
"c:\Users\Marlowe\Desktop\ProjectBible\external-repos\Orature\jvm\workbookapp\src\integration-test\resources\verse-count-en_ulb-v21-05\2ti.csv", "CSV", 0, 0, 0, 0, 0, 0, 0, 0, 0, 0, 0, 0, 0, 0, 0, 0, 0, 0, 0, 0, 0, 0, 0, 0, 0, 0, 0, 0, 0, 0, 0, 0, 0, 0, 5, 0, 0, 0, 0, 1, 6
"c:\Users\Marlowe\Desktop\ProjectBible\external-repos\Orature\jvm\workbookapp\src\integration-test\resources\verse-count-en_ulb-v21-05\3jn.csv", "CSV", 0, 0, 0, 0, 0, 0, 0, 0, 0, 0, 0, 0, 0, 0, 0, 0, 0, 0, 0, 0, 0, 0, 0, 0, 0, 0, 0, 0, 0, 0, 0, 0, 0, 0, 2, 0, 0, 0, 0, 0, 2
"c:\Users\Marlowe\Desktop\ProjectBible\external-repos\Orature\jvm\workbookapp\src\integration-test\resources\verse-count-en_ulb-v21-05\act.csv", "CSV", 0, 0, 0, 0, 0, 0, 0, 0, 0, 0, 0, 0, 0, 0, 0, 0, 0, 0, 0, 0, 0, 0, 0, 0, 0, 0, 0, 0, 0, 0, 0, 0, 0, 0, 29, 0, 0, 0, 0, 0, 29
"c:\Users\Marlowe\Desktop\ProjectBible\external-repos\Orature\jvm\workbookapp\src\integration-test\resources\verse-count-en_ulb-v21-05\amo.csv", "CSV", 0, 0, 0, 0, 0, 0, 0, 0, 0, 0, 0, 0, 0, 0, 0, 0, 0, 0, 0, 0, 0, 0, 0, 0, 0, 0, 0, 0, 0, 0, 0, 0, 0, 0, 10, 0, 0, 0, 0, 0, 10
"c:\Users\Marlowe\Desktop\ProjectBible\external-repos\Orature\jvm\workbookapp\src\integration-test\resources\verse-count-en_ulb-v21-05\col.csv", "CSV", 0, 0, 0, 0, 0, 0, 0, 0, 0, 0, 0, 0, 0, 0, 0, 0, 0, 0, 0, 0, 0, 0, 0, 0, 0, 0, 0, 0, 0, 0, 0, 0, 0, 0, 5, 0, 0, 0, 0, 0, 5
"c:\Users\Marlowe\Desktop\ProjectBible\external-repos\Orature\jvm\workbookapp\src\integration-test\resources\verse-count-en_ulb-v21-05\dan.csv", "CSV", 0, 0, 0, 0, 0, 0, 0, 0, 0, 0, 0, 0, 0, 0, 0, 0, 0, 0, 0, 0, 0, 0, 0, 0, 0, 0, 0, 0, 0, 0, 0, 0, 0, 0, 13, 0, 0, 0, 0, 0, 13
"c:\Users\Marlowe\Desktop\ProjectBible\external-repos\Orature\jvm\workbookapp\src\integration-test\resources\verse-count-en_ulb-v21-05\deu.csv", "CSV", 0, 0, 0, 0, 0, 0, 0, 0, 0, 0, 0, 0, 0, 0, 0, 0, 0, 0, 0, 0, 0, 0, 0, 0, 0, 0, 0, 0, 0, 0, 0, 0, 0, 0, 35, 0, 0, 0, 0, 0, 35
"c:\Users\Marlowe\Desktop\ProjectBible\external-repos\Orature\jvm\workbookapp\src\integration-test\resources\verse-count-en_ulb-v21-05\ecc.csv", "CSV", 0, 0, 0, 0, 0, 0, 0, 0, 0, 0, 0, 0, 0, 0, 0, 0, 0, 0, 0, 0, 0, 0, 0, 0, 0, 0, 0, 0, 0, 0, 0, 0, 0, 0, 13, 0, 0, 0, 0, 0, 13
"c:\Users\Marlowe\Desktop\ProjectBible\external-repos\Orature\jvm\workbookapp\src\integration-test\resources\verse-count-en_ulb-v21-05\eph.csv", "CSV", 0, 0, 0, 0, 0, 0, 0, 0, 0, 0, 0, 0, 0, 0, 0, 0, 0, 0, 0, 0, 0, 0, 0, 0, 0, 0, 0, 0, 0, 0, 0, 0, 0, 0, 7, 0, 0, 0, 0, 0, 7
"c:\Users\Marlowe\Desktop\ProjectBible\external-repos\Orature\jvm\workbookapp\src\integration-test\resources\verse-count-en_ulb-v21-05\est.csv", "CSV", 0, 0, 0, 0, 0, 0, 0, 0, 0, 0, 0, 0, 0, 0, 0, 0, 0, 0, 0, 0, 0, 0, 0, 0, 0, 0, 0, 0, 0, 0, 0, 0, 0, 0, 11, 0, 0, 0, 0, 0, 11
"c:\Users\Marlowe\Desktop\ProjectBible\external-repos\Orature\jvm\workbookapp\src\integration-test\resources\verse-count-en_ulb-v21-05\exo.csv", "CSV", 0, 0, 0, 0, 0, 0, 0, 0, 0, 0, 0, 0, 0, 0, 0, 0, 0, 0, 0, 0, 0, 0, 0, 0, 0, 0, 0, 0, 0, 0, 0, 0, 0, 0, 41, 0, 0, 0, 0, 0, 41
"c:\Users\Marlowe\Desktop\ProjectBible\external-repos\Orature\jvm\workbookapp\src\integration-test\resources\verse-count-en_ulb-v21-05\ezk.csv", "CSV", 0, 0, 0, 0, 0, 0, 0, 0, 0, 0, 0, 0, 0, 0, 0, 0, 0, 0, 0, 0, 0, 0, 0, 0, 0, 0, 0, 0, 0, 0, 0, 0, 0, 0, 49, 0, 0, 0, 0, 0, 49
"c:\Users\Marlowe\Desktop\ProjectBible\external-repos\Orature\jvm\workbookapp\src\integration-test\resources\verse-count-en_ulb-v21-05\ezr.csv", "CSV", 0, 0, 0, 0, 0, 0, 0, 0, 0, 0, 0, 0, 0, 0, 0, 0, 0, 0, 0, 0, 0, 0, 0, 0, 0, 0, 0, 0, 0, 0, 0, 0, 0, 0, 11, 0, 0, 0, 0, 0, 11
"c:\Users\Marlowe\Desktop\ProjectBible\external-repos\Orature\jvm\workbookapp\src\integration-test\resources\verse-count-en_ulb-v21-05\gal.csv", "CSV", 0, 0, 0, 0, 0, 0, 0, 0, 0, 0, 0, 0, 0, 0, 0, 0, 0, 0, 0, 0, 0, 0, 0, 0, 0, 0, 0, 0, 0, 0, 0, 0, 0, 0, 7, 0, 0, 0, 0, 0, 7
"c:\Users\Marlowe\Desktop\ProjectBible\external-repos\Orature\jvm\workbookapp\src\integration-test\resources\verse-count-en_ulb-v21-05\gen.csv", "CSV", 0, 0, 0, 0, 0, 0, 0, 0, 0, 0, 0, 0, 0, 0, 0, 0, 0, 0, 0, 0, 0, 0, 0, 0, 0, 0, 0, 0, 0, 0, 0, 0, 0, 0, 51, 0, 0, 0, 0, 1, 52
"c:\Users\Marlowe\Desktop\ProjectBible\external-repos\Orature\jvm\workbookapp\src\integration-test\resources\verse-count-en_ulb-v21-05\hab.csv", "CSV", 0, 0, 0, 0, 0, 0, 0, 0, 0, 0, 0, 0, 0, 0, 0, 0, 0, 0, 0, 0, 0, 0, 0, 0, 0, 0, 0, 0, 0, 0, 0, 0, 0, 0, 4, 0, 0, 0, 0, 0, 4
"c:\Users\Marlowe\Desktop\ProjectBible\external-repos\Orature\jvm\workbookapp\src\integration-test\resources\verse-count-en_ulb-v21-05\hag.csv", "CSV", 0, 0, 0, 0, 0, 0, 0, 0, 0, 0, 0, 0, 0, 0, 0, 0, 0, 0, 0, 0, 0, 0, 0, 0, 0, 0, 0, 0, 0, 0, 0, 0, 0, 0, 3, 0, 0, 0, 0, 0, 3
"c:\Users\Marlowe\Desktop\ProjectBible\external-repos\Orature\jvm\workbookapp\src\integration-test\resources\verse-count-en_ulb-v21-05\heb.csv", "CSV", 0, 0, 0, 0, 0, 0, 0, 0, 0, 0, 0, 0, 0, 0, 0, 0, 0, 0, 0, 0, 0, 0, 0, 0, 0, 0, 0, 0, 0, 0, 0, 0, 0, 0, 14, 0, 0, 0, 0, 0, 14
"c:\Users\Marlowe\Desktop\ProjectBible\external-repos\Orature\jvm\workbookapp\src\integration-test\resources\verse-count-en_ulb-v21-05\hos.csv", "CSV", 0, 0, 0, 0, 0, 0, 0, 0, 0, 0, 0, 0, 0, 0, 0, 0, 0, 0, 0, 0, 0, 0, 0, 0, 0, 0, 0, 0, 0, 0, 0, 0, 0, 0, 15, 0, 0, 0, 0, 0, 15
"c:\Users\Marlowe\Desktop\ProjectBible\external-repos\Orature\jvm\workbookapp\src\integration-test\resources\verse-count-en_ulb-v21-05\isa.csv", "CSV", 0, 0, 0, 0, 0, 0, 0, 0, 0, 0, 0, 0, 0, 0, 0, 0, 0, 0, 0, 0, 0, 0, 0, 0, 0, 0, 0, 0, 0, 0, 0, 0, 0, 0, 67, 0, 0, 0, 0, 0, 67
"c:\Users\Marlowe\Desktop\ProjectBible\external-repos\Orature\jvm\workbookapp\src\integration-test\resources\verse-count-en_ulb-v21-05\jas.csv", "CSV", 0, 0, 0, 0, 0, 0, 0, 0, 0, 0, 0, 0, 0, 0, 0, 0, 0, 0, 0, 0, 0, 0, 0, 0, 0, 0, 0, 0, 0, 0, 0, 0, 0, 0, 6, 0, 0, 0, 0, 0, 6
"c:\Users\Marlowe\Desktop\ProjectBible\external-repos\Orature\jvm\workbookapp\src\integration-test\resources\verse-count-en_ulb-v21-05\jdg.csv", "CSV", 0, 0, 0, 0, 0, 0, 0, 0, 0, 0, 0, 0, 0, 0, 0, 0, 0, 0, 0, 0, 0, 0, 0, 0, 0, 0, 0, 0, 0, 0, 0, 0, 0, 0, 22, 0, 0, 0, 0, 0, 22
"c:\Users\Marlowe\Desktop\ProjectBible\external-repos\Orature\jvm\workbookapp\src\integration-test\resources\verse-count-en_ulb-v21-05\jer.csv", "CSV", 0, 0, 0, 0, 0, 0, 0, 0, 0, 0, 0, 0, 0, 0, 0, 0, 0, 0, 0, 0, 0, 0, 0, 0, 0, 0, 0, 0, 0, 0, 0, 0, 0, 0, 53, 0, 0, 0, 0, 0, 53
"c:\Users\Marlowe\Desktop\ProjectBible\external-repos\Orature\jvm\workbookapp\src\integration-test\resources\verse-count-en_ulb-v21-05\jhn.csv", "CSV", 0, 0, 0, 0, 0, 0, 0, 0, 0, 0, 0, 0, 0, 0, 0, 0, 0, 0, 0, 0, 0, 0, 0, 0, 0, 0, 0, 0, 0, 0, 0, 0, 0, 0, 22, 0, 0, 0, 0, 0, 22
"c:\Users\Marlowe\Desktop\ProjectBible\external-repos\Orature\jvm\workbookapp\src\integration-test\resources\verse-count-en_ulb-v21-05\job.csv", "CSV", 0, 0, 0, 0, 0, 0, 0, 0, 0, 0, 0, 0, 0, 0, 0, 0, 0, 0, 0, 0, 0, 0, 0, 0, 0, 0, 0, 0, 0, 0, 0, 0, 0, 0, 43, 0, 0, 0, 0, 0, 43
"c:\Users\Marlowe\Desktop\ProjectBible\external-repos\Orature\jvm\workbookapp\src\integration-test\resources\verse-count-en_ulb-v21-05\jol.csv", "CSV", 0, 0, 0, 0, 0, 0, 0, 0, 0, 0, 0, 0, 0, 0, 0, 0, 0, 0, 0, 0, 0, 0, 0, 0, 0, 0, 0, 0, 0, 0, 0, 0, 0, 0, 4, 0, 0, 0, 0, 0, 4
"c:\Users\Marlowe\Desktop\ProjectBible\external-repos\Orature\jvm\workbookapp\src\integration-test\resources\verse-count-en_ulb-v21-05\jon.csv", "CSV", 0, 0, 0, 0, 0, 0, 0, 0, 0, 0, 0, 0, 0, 0, 0, 0, 0, 0, 0, 0, 0, 0, 0, 0, 0, 0, 0, 0, 0, 0, 0, 0, 0, 0, 5, 0, 0, 0, 0, 0, 5
"c:\Users\Marlowe\Desktop\ProjectBible\external-repos\Orature\jvm\workbookapp\src\integration-test\resources\verse-count-en_ulb-v21-05\jos.csv", "CSV", 0, 0, 0, 0, 0, 0, 0, 0, 0, 0, 0, 0, 0, 0, 0, 0, 0, 0, 0, 0, 0, 0, 0, 0, 0, 0, 0, 0, 0, 0, 0, 0, 0, 0, 25, 0, 0, 0, 0, 0, 25
"c:\Users\Marlowe\Desktop\ProjectBible\external-repos\Orature\jvm\workbookapp\src\integration-test\resources\verse-count-en_ulb-v21-05\jud.csv", "CSV", 0, 0, 0, 0, 0, 0, 0, 0, 0, 0, 0, 0, 0, 0, 0, 0, 0, 0, 0, 0, 0, 0, 0, 0, 0, 0, 0, 0, 0, 0, 0, 0, 0, 0, 2, 0, 0, 0, 0, 0, 2
"c:\Users\Marlowe\Desktop\ProjectBible\external-repos\Orature\jvm\workbookapp\src\integration-test\resources\verse-count-en_ulb-v21-05\lam.csv", "CSV", 0, 0, 0, 0, 0, 0, 0, 0, 0, 0, 0, 0, 0, 0, 0, 0, 0, 0, 0, 0, 0, 0, 0, 0, 0, 0, 0, 0, 0, 0, 0, 0, 0, 0, 6, 0, 0, 0, 0, 0, 6
"c:\Users\Marlowe\Desktop\ProjectBible\external-repos\Orature\jvm\workbookapp\src\integration-test\resources\verse-count-en_ulb-v21-05\lev.csv", "CSV", 0, 0, 0, 0, 0, 0, 0, 0, 0, 0, 0, 0, 0, 0, 0, 0, 0, 0, 0, 0, 0, 0, 0, 0, 0, 0, 0, 0, 0, 0, 0, 0, 0, 0, 28, 0, 0, 0, 0, 0, 28
"c:\Users\Marlowe\Desktop\ProjectBible\external-repos\Orature\jvm\workbookapp\src\integration-test\resources\verse-count-en_ulb-v21-05\luk.csv", "CSV", 0, 0, 0, 0, 0, 0, 0, 0, 0, 0, 0, 0, 0, 0, 0, 0, 0, 0, 0, 0, 0, 0, 0, 0, 0, 0, 0, 0, 0, 0, 0, 0, 0, 0, 25, 0, 0, 0, 0, 0, 25
"c:\Users\Marlowe\Desktop\ProjectBible\external-repos\Orature\jvm\workbookapp\src\integration-test\resources\verse-count-en_ulb-v21-05\mal.csv", "CSV", 0, 0, 0, 0, 0, 0, 0, 0, 0, 0, 0, 0, 0, 0, 0, 0, 0, 0, 0, 0, 0, 0, 0, 0, 0, 0, 0, 0, 0, 0, 0, 0, 0, 0, 5, 0, 0, 0, 0, 0, 5
"c:\Users\Marlowe\Desktop\ProjectBible\external-repos\Orature\jvm\workbookapp\src\integration-test\resources\verse-count-en_ulb-v21-05\mat.csv", "CSV", 0, 0, 0, 0, 0, 0, 0, 0, 0, 0, 0, 0, 0, 0, 0, 0, 0, 0, 0, 0, 0, 0, 0, 0, 0, 0, 0, 0, 0, 0, 0, 0, 0, 0, 29, 0, 0, 0, 0, 0, 29
"c:\Users\Marlowe\Desktop\ProjectBible\external-repos\Orature\jvm\workbookapp\src\integration-test\resources\verse-count-en_ulb-v21-05\mic.csv", "CSV", 0, 0, 0, 0, 0, 0, 0, 0, 0, 0, 0, 0, 0, 0, 0, 0, 0, 0, 0, 0, 0, 0, 0, 0, 0, 0, 0, 0, 0, 0, 0, 0, 0, 0, 8, 0, 0, 0, 0, 0, 8
"c:\Users\Marlowe\Desktop\ProjectBible\external-repos\Orature\jvm\workbookapp\src\integration-test\resources\verse-count-en_ulb-v21-05\mrk.csv", "CSV", 0, 0, 0, 0, 0, 0, 0, 0, 0, 0, 0, 0, 0, 0, 0, 0, 0, 0, 0, 0, 0, 0, 0, 0, 0, 0, 0, 0, 0, 0, 0, 0, 0, 0, 17, 0, 0, 0, 0, 0, 17
"c:\Users\Marlowe\Desktop\ProjectBible\external-repos\Orature\jvm\workbookapp\src\integration-test\resources\verse-count-en_ulb-v21-05\nam.csv", "CSV", 0, 0, 0, 0, 0, 0, 0, 0, 0, 0, 0, 0, 0, 0, 0, 0, 0, 0, 0, 0, 0, 0, 0, 0, 0, 0, 0, 0, 0, 0, 0, 0, 0, 0, 4, 0, 0, 0, 0, 0, 4
"c:\Users\Marlowe\Desktop\ProjectBible\external-repos\Orature\jvm\workbookapp\src\integration-test\resources\verse-count-en_ulb-v21-05\neh.csv", "CSV", 0, 0, 0, 0, 0, 0, 0, 0, 0, 0, 0, 0, 0, 0, 0, 0, 0, 0, 0, 0, 0, 0, 0, 0, 0, 0, 0, 0, 0, 0, 0, 0, 0, 0, 14, 0, 0, 0, 0, 0, 14
"c:\Users\Marlowe\Desktop\ProjectBible\external-repos\Orature\jvm\workbookapp\src\integration-test\resources\verse-count-en_ulb-v21-05\num.csv", "CSV", 0, 0, 0, 0, 0, 0, 0, 0, 0, 0, 0, 0, 0, 0, 0, 0, 0, 0, 0, 0, 0, 0, 0, 0, 0, 0, 0, 0, 0, 0, 0, 0, 0, 0, 37, 0, 0, 0, 0, 0, 37
"c:\Users\Marlowe\Desktop\ProjectBible\external-repos\Orature\jvm\workbookapp\src\integration-test\resources\verse-count-en_ulb-v21-05\oba.csv", "CSV", 0, 0, 0, 0, 0, 0, 0, 0, 0, 0, 0, 0, 0, 0, 0, 0, 0, 0, 0, 0, 0, 0, 0, 0, 0, 0, 0, 0, 0, 0, 0, 0, 0, 0, 2, 0, 0, 0, 0, 0, 2
"c:\Users\Marlowe\Desktop\ProjectBible\external-repos\Orature\jvm\workbookapp\src\integration-test\resources\verse-count-en_ulb-v21-05\phm.csv", "CSV", 0, 0, 0, 0, 0, 0, 0, 0, 0, 0, 0, 0, 0, 0, 0, 0, 0, 0, 0, 0, 0, 0, 0, 0, 0, 0, 0, 0, 0, 0, 0, 0, 0, 0, 2, 0, 0, 0, 0, 0, 2
"c:\Users\Marlowe\Desktop\ProjectBible\external-repos\Orature\jvm\workbookapp\src\integration-test\resources\verse-count-en_ulb-v21-05\php.csv", "CSV", 0, 0, 0, 0, 0, 0, 0, 0, 0, 0, 0, 0, 0, 0, 0, 0, 0, 0, 0, 0, 0, 0, 0, 0, 0, 0, 0, 0, 0, 0, 0, 0, 0, 0, 5, 0, 0, 0, 0, 0, 5
"c:\Users\Marlowe\Desktop\ProjectBible\external-repos\Orature\jvm\workbookapp\src\integration-test\resources\verse-count-en_ulb-v21-05\pro.csv", "CSV", 0, 0, 0, 0, 0, 0, 0, 0, 0, 0, 0, 0, 0, 0, 0, 0, 0, 0, 0, 0, 0, 0, 0, 0, 0, 0, 0, 0, 0, 0, 0, 0, 0, 0, 32, 0, 0, 0, 0, 0, 32
"c:\Users\Marlowe\Desktop\ProjectBible\external-repos\Orature\jvm\workbookapp\src\integration-test\resources\verse-count-en_ulb-v21-05\psa.csv", "CSV", 0, 0, 0, 0, 0, 0, 0, 0, 0, 0, 0, 0, 0, 0, 0, 0, 0, 0, 0, 0, 0, 0, 0, 0, 0, 0, 0, 0, 0, 0, 0, 0, 0, 0, 151, 0, 0, 0, 0, 0, 151
"c:\Users\Marlowe\Desktop\ProjectBible\external-repos\Orature\jvm\workbookapp\src\integration-test\resources\verse-count-en_ulb-v21-05\rev.csv", "CSV", 0, 0, 0, 0, 0, 0, 0, 0, 0, 0, 0, 0, 0, 0, 0, 0, 0, 0, 0, 0, 0, 0, 0, 0, 0, 0, 0, 0, 0, 0, 0, 0, 0, 0, 23, 0, 0, 0, 0, 0, 23
"c:\Users\Marlowe\Desktop\ProjectBible\external-repos\Orature\jvm\workbookapp\src\integration-test\resources\verse-count-en_ulb-v21-05\rom.csv", "CSV", 0, 0, 0, 0, 0, 0, 0, 0, 0, 0, 0, 0, 0, 0, 0, 0, 0, 0, 0, 0, 0, 0, 0, 0, 0, 0, 0, 0, 0, 0, 0, 0, 0, 0, 17, 0, 0, 0, 0, 0, 17
"c:\Users\Marlowe\Desktop\ProjectBible\external-repos\Orature\jvm\workbookapp\src\integration-test\resources\verse-count-en_ulb-v21-05\rut.csv", "CSV", 0, 0, 0, 0, 0, 0, 0, 0, 0, 0, 0, 0, 0, 0, 0, 0, 0, 0, 0, 0, 0, 0, 0, 0, 0, 0, 0, 0, 0, 0, 0, 0, 0, 0, 5, 0, 0, 0, 0, 0, 5
"c:\Users\Marlowe\Desktop\ProjectBible\external-repos\Orature\jvm\workbookapp\src\integration-test\resources\verse-count-en_ulb-v21-05\sng.csv", "CSV", 0, 0, 0, 0, 0, 0, 0, 0, 0, 0, 0, 0, 0, 0, 0, 0, 0, 0, 0, 0, 0, 0, 0, 0, 0, 0, 0, 0, 0, 0, 0, 0, 0, 0, 9, 0, 0, 0, 0, 0, 9
"c:\Users\Marlowe\Desktop\ProjectBible\external-repos\Orature\jvm\workbookapp\src\integration-test\resources\verse-count-en_ulb-v21-05\tit.csv", "CSV", 0, 0, 0, 0, 0, 0, 0, 0, 0, 0, 0, 0, 0, 0, 0, 0, 0, 0, 0, 0, 0, 0, 0, 0, 0, 0, 0, 0, 0, 0, 0, 0, 0, 0, 4, 0, 0, 0, 0, 0, 4
"c:\Users\Marlowe\Desktop\ProjectBible\external-repos\Orature\jvm\workbookapp\src\integration-test\resources\verse-count-en_ulb-v21-05\zec.csv", "CSV", 0, 0, 0, 0, 0, 0, 0, 0, 0, 0, 0, 0, 0, 0, 0, 0, 0, 0, 0, 0, 0, 0, 0, 0, 0, 0, 0, 0, 0, 0, 0, 0, 0, 0, 15, 0, 0, 0, 0, 0, 15
"c:\Users\Marlowe\Desktop\ProjectBible\external-repos\Orature\jvm\workbookapp\src\integration-test\resources\verse-count-en_ulb-v21-05\zep.csv", "CSV", 0, 0, 0, 0, 0, 0, 0, 0, 0, 0, 0, 0, 0, 0, 0, 0, 0, 0, 0, 0, 0, 0, 0, 0, 0, 0, 0, 0, 0, 0, 0, 0, 0, 0, 4, 0, 0, 0, 0, 0, 4
"c:\Users\Marlowe\Desktop\ProjectBible\external-repos\Orature\jvm\workbookapp\src\main\java\org\wycliffeassociates\otter\jvm\workbookapp\logging\ConfigureLogger.java", "Java", 0, 0, 0, 0, 0, 0, 0, 0, 0, 0, 0, 0, 0, 0, 0, 0, 0, 0, 0, 0, 0, 0, 0, 0, 0, 0, 0, 0, 0, 0, 0, 0, 0, 66, 0, 0, 0, 0, 18, 16, 100
"c:\Users\Marlowe\Desktop\ProjectBible\external-repos\Orature\jvm\workbookapp\src\main\resources\Messages_ar.properties", "Properties", 0, 0, 0, 0, 0, 0, 0, 0, 0, 0, 394, 0, 0, 0, 0, 0, 0, 0, 0, 0, 0, 0, 0, 0, 0, 0, 0, 0, 0, 0, 0, 0, 0, 0, 0, 0, 0, 0, 85, 20, 499
"c:\Users\Marlowe\Desktop\ProjectBible\external-repos\Orature\jvm\workbookapp\src\main\resources\Messages_en.properties", "Properties", 0, 0, 0, 0, 0, 0, 0, 0, 0, 0, 396, 0, 0, 0, 0, 0, 0, 0, 0, 0, 0, 0, 0, 0, 0, 0, 0, 0, 0, 0, 0, 0, 0, 0, 0, 0, 0, 0, 85, 20, 501
"c:\Users\Marlowe\Desktop\ProjectBible\external-repos\Orature\jvm\workbookapp\src\main\resources\Messages_es.properties", "Properties", 0, 0, 0, 0, 0, 0, 0, 0, 0, 0, 394, 0, 0, 0, 0, 0, 0, 0, 0, 0, 0, 0, 0, 0, 0, 0, 0, 0, 0, 0, 0, 0, 0, 0, 0, 0, 0, 0, 85, 20, 499
"c:\Users\Marlowe\Desktop\ProjectBible\external-repos\Orature\jvm\workbookapp\src\main\resources\Messages_fr.properties", "Properties", 0, 0, 0, 0, 0, 0, 0, 0, 0, 0, 394, 0, 0, 0, 0, 0, 0, 0, 0, 0, 0, 0, 0, 0, 0, 0, 0, 0, 0, 0, 0, 0, 0, 0, 0, 0, 0, 0, 85, 20, 499
"c:\Users\Marlowe\Desktop\ProjectBible\external-repos\Orature\jvm\workbookapp\src\main\resources\Messages_id.properties", "Properties", 0, 0, 0, 0, 0, 0, 0, 0, 0, 0, 385, 0, 0, 0, 0, 0, 0, 0, 0, 0, 0, 0, 0, 0, 0, 0, 0, 0, 0, 0, 0, 0, 0, 0, 0, 0, 0, 0, 84, 20, 489
"c:\Users\Marlowe\Desktop\ProjectBible\external-repos\Orature\jvm\workbookapp\src\main\resources\Messages_in.properties", "Properties", 0, 0, 0, 0, 0, 0, 0, 0, 0, 0, 394, 0, 0, 0, 0, 0, 0, 0, 0, 0, 0, 0, 0, 0, 0, 0, 0, 0, 0, 0, 0, 0, 0, 0, 0, 0, 0, 0, 85, 20, 499
"c:\Users\Marlowe\Desktop\ProjectBible\external-repos\Orature\jvm\workbookapp\src\main\resources\Messages_my.properties", "Properties", 0, 0, 0, 0, 0, 0, 0, 0, 0, 0, 394, 0, 0, 0, 0, 0, 0, 0, 0, 0, 0, 0, 0, 0, 0, 0, 0, 0, 0, 0, 0, 0, 0, 0, 0, 0, 0, 0, 85, 20, 499
"c:\Users\Marlowe\Desktop\ProjectBible\external-repos\Orature\jvm\workbookapp\src\main\resources\Messages_pt.properties", "Properties", 0, 0, 0, 0, 0, 0, 0, 0, 0, 0, 394, 0, 0, 0, 0, 0, 0, 0, 0, 0, 0, 0, 0, 0, 0, 0, 0, 0, 0, 0, 0, 0, 0, 0, 0, 0, 0, 0, 85, 20, 499
"c:\Users\Marlowe\Desktop\ProjectBible\external-repos\Orature\jvm\workbookapp\src\main\resources\Messages_ru.properties", "Properties", 0, 0, 0, 0, 0, 0, 0, 0, 0, 0, 394, 0, 0, 0, 0, 0, 0, 0, 0, 0, 0, 0, 0, 0, 0, 0, 0, 0, 0, 0, 0, 0, 0, 0, 0, 0, 0, 0, 85, 20, 499
"c:\Users\Marlowe\Desktop\ProjectBible\external-repos\Orature\jvm\workbookapp\src\main\resources\Messages_sw.properties", "Properties", 0, 0, 0, 0, 0, 0, 0, 0, 0, 0, 394, 0, 0, 0, 0, 0, 0, 0, 0, 0, 0, 0, 0, 0, 0, 0, 0, 0, 0, 0, 0, 0, 0, 0, 0, 0, 0, 0, 85, 20, 499
"c:\Users\Marlowe\Desktop\ProjectBible\external-repos\Orature\jvm\workbookapp\src\main\resources\Messages_te.properties", "Properties", 0, 0, 0, 0, 0, 0, 0, 0, 0, 0, 394, 0, 0, 0, 0, 0, 0, 0, 0, 0, 0, 0, 0, 0, 0, 0, 0, 0, 0, 0, 0, 0, 0, 0, 0, 0, 0, 0, 85, 20, 499
"c:\Users\Marlowe\Desktop\ProjectBible\external-repos\Orature\jvm\workbookapp\src\main\resources\Messages_vi.properties", "Properties", 0, 0, 0, 0, 0, 0, 0, 0, 0, 0, 394, 0, 0, 0, 0, 0, 0, 0, 0, 0, 0, 0, 0, 0, 0, 0, 0, 0, 0, 0, 0, 0, 0, 0, 0, 0, 0, 0, 85, 20, 499
"c:\Users\Marlowe\Desktop\ProjectBible\external-repos\Orature\jvm\workbookapp\src\main\resources\Messages_zh.properties", "Properties", 0, 0, 0, 0, 0, 0, 0, 0, 0, 0, 394, 0, 0, 0, 0, 0, 0, 0, 0, 0, 0, 0, 0, 0, 0, 0, 0, 0, 0, 0, 0, 0, 0, 0, 0, 0, 0, 0, 85, 20, 499
"c:\Users\Marlowe\Desktop\ProjectBible\external-repos\Orature\jvm\workbookapp\src\main\resources\css\app-bar.css", "PostCSS", 0, 0, 0, 0, 0, 0, 0, 0, 0, 0, 0, 0, 0, 0, 0, 0, 0, 0, 0, 10, 0, 0, 0, 0, 0, 0, 0, 0, 0, 0, 0, 0, 0, 0, 0, 0, 0, 0, 18, 3, 31
"c:\Users\Marlowe\Desktop\ProjectBible\external-repos\Orature\jvm\workbookapp\src\main\resources\css\app-drawer.css", "PostCSS", 0, 0, 0, 0, 0, 0, 0, 0, 0, 0, 0, 0, 0, 0, 0, 0, 0, 0, 0, 174, 0, 0, 0, 0, 0, 0, 0, 0, 0, 0, 0, 0, 0, 0, 0, 0, 0, 0, 18, 37, 229
"c:\Users\Marlowe\Desktop\ProjectBible\external-repos\Orature\jvm\workbookapp\src\main\resources\css\audio-error-dialog.css", "PostCSS", 0, 0, 0, 0, 0, 0, 0, 0, 0, 0, 0, 0, 0, 0, 0, 0, 0, 0, 0, 79, 0, 0, 0, 0, 0, 0, 0, 0, 0, 0, 0, 0, 0, 0, 0, 0, 0, 0, 18, 17, 114
"c:\Users\Marlowe\Desktop\ProjectBible\external-repos\Orature\jvm\workbookapp\src\main\resources\css\blind-draft-page.css", "PostCSS", 0, 0, 0, 0, 0, 0, 0, 0, 0, 0, 0, 0, 0, 0, 0, 0, 0, 0, 0, 20, 0, 0, 0, 0, 0, 0, 0, 0, 0, 0, 0, 0, 0, 0, 0, 0, 0, 0, 18, 4, 42
"c:\Users\Marlowe\Desktop\ProjectBible\external-repos\Orature\jvm\workbookapp\src\main\resources\css\chapter-page.css", "PostCSS", 0, 0, 0, 0, 0, 0, 0, 0, 0, 0, 0, 0, 0, 0, 0, 0, 0, 0, 0, 145, 0, 0, 0, 0, 0, 0, 0, 0, 0, 0, 0, 0, 0, 0, 0, 0, 0, 0, 18, 32, 195
"c:\Users\Marlowe\Desktop\ProjectBible\external-repos\Orature\jvm\workbookapp\src\main\resources\css\chunk-item.css", "PostCSS", 0, 0, 0, 0, 0, 0, 0, 0, 0, 0, 0, 0, 0, 0, 0, 0, 0, 0, 0, 23, 0, 0, 0, 0, 0, 0, 0, 0, 0, 0, 0, 0, 0, 0, 0, 0, 0, 0, 18, 6, 47
"c:\Users\Marlowe\Desktop\ProjectBible\external-repos\Orature\jvm\workbookapp\src\main\resources\css\chunk-page.css", "PostCSS", 0, 0, 0, 0, 0, 0, 0, 0, 0, 0, 0, 0, 0, 0, 0, 0, 0, 0, 0, 59, 0, 0, 0, 0, 0, 0, 0, 0, 0, 0, 0, 0, 0, 0, 0, 0, 0, 0, 18, 13, 90
"c:\Users\Marlowe\Desktop\ProjectBible\external-repos\Orature\jvm\workbookapp\src\main\resources\css\chunking-wizard.css", "PostCSS", 0, 0, 0, 0, 0, 0, 0, 0, 0, 0, 0, 0, 0, 0, 0, 0, 0, 0, 0, 45, 0, 0, 0, 0, 0, 0, 0, 0, 0, 0, 0, 0, 0, 0, 0, 0, 0, 0, 18, 8, 71
"c:\Users\Marlowe\Desktop\ProjectBible\external-repos\Orature\jvm\workbookapp\src\main\resources\css\consume-page.css", "PostCSS", 0, 0, 0, 0, 0, 0, 0, 0, 0, 0, 0, 0, 0, 0, 0, 0, 0, 0, 0, 24, 0, 0, 0, 0, 0, 0, 0, 0, 0, 0, 0, 0, 0, 0, 0, 0, 0, 0, 18, 6, 48
"c:\Users\Marlowe\Desktop\ProjectBible\external-repos\Orature\jvm\workbookapp\src\main\resources\css\home-page.css", "PostCSS", 0, 0, 0, 0, 0, 0, 0, 0, 0, 0, 0, 0, 0, 0, 0, 0, 0, 0, 0, 71, 0, 0, 0, 0, 0, 0, 0, 0, 0, 0, 0, 0, 0, 0, 0, 0, 0, 0, 18, 18, 107
"c:\Users\Marlowe\Desktop\ProjectBible\external-repos\Orature\jvm\workbookapp\src\main\resources\css\record-scripture.css", "PostCSS", 0, 0, 0, 0, 0, 0, 0, 0, 0, 0, 0, 0, 0, 0, 0, 0, 0, 0, 0, 37, 0, 0, 0, 0, 0, 0, 0, 0, 0, 0, 0, 0, 0, 0, 0, 0, 0, 0, 18, 9, 64
"c:\Users\Marlowe\Desktop\ProjectBible\external-repos\Orature\jvm\workbookapp\src\main\resources\css\recording-screen.css", "PostCSS", 0, 0, 0, 0, 0, 0, 0, 0, 0, 0, 0, 0, 0, 0, 0, 0, 0, 0, 0, 8, 0, 0, 0, 0, 0, 0, 0, 0, 0, 0, 0, 0, 0, 0, 0, 0, 0, 0, 18, 2, 28
"c:\Users\Marlowe\Desktop\ProjectBible\external-repos\Orature\jvm\workbookapp\src\main\resources\css\resource-page.css", "PostCSS", 0, 0, 0, 0, 0, 0, 0, 0, 0, 0, 0, 0, 0, 0, 0, 0, 0, 0, 0, 51, 0, 0, 0, 0, 0, 0, 0, 0, 0, 0, 0, 0, 0, 0, 0, 0, 0, 0, 18, 11, 80
"c:\Users\Marlowe\Desktop\ProjectBible\external-repos\Orature\jvm\workbookapp\src\main\resources\css\source-audio-missing.css", "PostCSS", 0, 0, 0, 0, 0, 0, 0, 0, 0, 0, 0, 0, 0, 0, 0, 0, 0, 0, 0, 58, 0, 0, 0, 0, 0, 0, 0, 0, 0, 0, 0, 0, 0, 0, 0, 0, 0, 0, 18, 13, 89
"c:\Users\Marlowe\Desktop\ProjectBible\external-repos\Orature\jvm\workbookapp\src\main\resources\css\splash-screen.css", "PostCSS", 0, 0, 0, 0, 0, 0, 0, 0, 0, 0, 0, 0, 0, 0, 0, 0, 0, 0, 0, 23, 0, 0, 0, 0, 0, 0, 0, 0, 0, 0, 0, 0, 0, 0, 0, 0, 0, 0, 18, 6, 47
"c:\Users\Marlowe\Desktop\ProjectBible\external-repos\Orature\jvm\workbookapp\src\main\resources\css\take-item.css", "PostCSS", 0, 0, 0, 0, 0, 0, 0, 0, 0, 0, 0, 0, 0, 0, 0, 0, 0, 0, 0, 10, 0, 0, 0, 0, 0, 0, 0, 0, 0, 0, 0, 0, 0, 0, 0, 0, 0, 0, 18, 2, 30
"c:\Users\Marlowe\Desktop\ProjectBible\external-repos\Orature\jvm\workbookapp\src\main\resources\css\translation-page.css", "PostCSS", 0, 0, 0, 0, 0, 0, 0, 0, 0, 0, 0, 0, 0, 0, 0, 0, 0, 0, 0, 108, 0, 0, 0, 0, 0, 0, 0, 0, 0, 0, 0, 0, 0, 0, 0, 0, 0, 0, 18, 26, 152
"c:\Users\Marlowe\Desktop\ProjectBible\external-repos\Orature\jvm\workbookapp\src\main\resources\css\verbalize-page.css", "PostCSS", 0, 0, 0, 0, 0, 0, 0, 0, 0, 0, 0, 0, 0, 0, 0, 0, 0, 0, 0, 20, 0, 0, 0, 0, 0, 0, 0, 0, 0, 0, 0, 0, 0, 0, 0, 0, 0, 0, 18, 5, 43
"c:\Users\Marlowe\Desktop\ProjectBible\external-repos\Orature\jvm\workbookapp\src\main\resources\css\verse-markers-layer.css", "PostCSS", 0, 0, 0, 0, 0, 0, 0, 0, 0, 0, 0, 0, 0, 0, 0, 0, 0, 0, 0, 48, 0, 0, 0, 0, 0, 0, 0, 0, 0, 0, 0, 0, 0, 0, 0, 0, 0, 0, 18, 10, 76
"c:\Users\Marlowe\Desktop\ProjectBible\external-repos\Orature\jvm\workbookapp\src\main\resources\css\workbook-page.css", "PostCSS", 0, 0, 0, 0, 0, 0, 0, 0, 0, 0, 0, 0, 0, 0, 0, 0, 0, 0, 0, 31, 0, 0, 0, 0, 0, 0, 0, 0, 0, 0, 0, 0, 0, 0, 0, 0, 0, 0, 18, 6, 55
"c:\Users\Marlowe\Desktop\ProjectBible\external-repos\Orature\jvm\workbookapp\src\main\resources\custom.css", "PostCSS", 0, 0, 0, 0, 0, 0, 0, 0, 0, 0, 0, 0, 0, 0, 0, 0, 0, 0, 0, 9, 0, 0, 0, 0, 0, 0, 0, 0, 0, 0, 0, 0, 0, 0, 0, 0, 0, 0, 18, 2, 29
"c:\Users\Marlowe\Desktop\ProjectBible\external-repos\Orature\jvm\workbookapp\src\main\resources\images\baseline-drag_indicator-24px.svg", "XML", 0, 0, 0, 0, 0, 0, 0, 0, 0, 0, 0, 0, 0, 0, 1, 0, 0, 0, 0, 0, 0, 0, 0, 0, 0, 0, 0, 0, 0, 0, 0, 0, 0, 0, 0, 0, 0, 0, 0, 0, 1
"c:\Users\Marlowe\Desktop\ProjectBible\external-repos\Orature\jvm\workbookapp\src\main\resources\images\baseline-image-24px.svg", "XML", 0, 0, 0, 0, 0, 0, 0, 0, 0, 0, 0, 0, 0, 0, 1, 0, 0, 0, 0, 0, 0, 0, 0, 0, 0, 0, 0, 0, 0, 0, 0, 0, 0, 0, 0, 0, 0, 0, 0, 0, 1
"c:\Users\Marlowe\Desktop\ProjectBible\external-repos\Orature\jvm\workbookapp\src\main\resources\images\cross.svg", "XML", 0, 0, 0, 0, 0, 0, 0, 0, 0, 0, 0, 0, 0, 0, 1, 0, 0, 0, 0, 0, 0, 0, 0, 0, 0, 0, 0, 0, 0, 0, 0, 0, 0, 0, 0, 0, 0, 0, 0, 0, 1
"c:\Users\Marlowe\Desktop\ProjectBible\external-repos\Orature\jvm\workbookapp\src\main\resources\images\obs.svg", "XML", 0, 0, 0, 0, 0, 0, 0, 0, 0, 0, 0, 0, 0, 0, 1, 0, 0, 0, 0, 0, 0, 0, 0, 0, 0, 0, 0, 0, 0, 0, 0, 0, 0, 0, 0, 0, 0, 0, 0, 0, 1
"c:\Users\Marlowe\Desktop\ProjectBible\external-repos\Orature\jvm\workbookapp\src\main\resources\images\old_testament.svg", "XML", 0, 0, 0, 0, 0, 0, 0, 0, 0, 0, 0, 0, 0, 0, 1, 0, 0, 0, 0, 0, 0, 0, 0, 0, 0, 0, 0, 0, 0, 0, 0, 0, 0, 0, 0, 0, 0, 0, 0, 0, 1
"c:\Users\Marlowe\Desktop\ProjectBible\external-repos\Orature\jvm\workbookapp\src\main\resources\images\project_home_arrow.svg", "XML", 0, 0, 0, 0, 0, 0, 0, 0, 0, 0, 0, 0, 0, 0, 9, 0, 0, 0, 0, 0, 0, 0, 0, 0, 0, 0, 0, 0, 0, 0, 0, 0, 0, 0, 0, 0, 0, 0, 1, 0, 10
"c:\Users\Marlowe\Desktop\ProjectBible\external-repos\Orature\jvm\workbookapp\src\main\resources\images\tw.svg", "XML", 0, 0, 0, 0, 0, 0, 0, 0, 0, 0, 0, 0, 0, 0, 1, 0, 0, 0, 0, 0, 0, 0, 0, 0, 0, 0, 0, 0, 0, 0, 0, 0, 0, 0, 0, 0, 0, 0, 0, 0, 1
"c:\Users\Marlowe\Desktop\ProjectBible\external-repos\Orature\jvm\workbookapp\src\main\resources\sql\CreateAppDb.sql", "MS SQL", 0, 0, 0, 163, 0, 0, 0, 0, 0, 0, 0, 0, 0, 0, 0, 0, 0, 0, 0, 0, 0, 0, 0, 0, 0, 0, 0, 0, 0, 0, 0, 0, 0, 0, 0, 0, 0, 0, 0, 19, 182
"c:\Users\Marlowe\Desktop\ProjectBible\external-repos\Orature\jvm\workbookapp\src\main\resources\versification\ulb_versification.json", "JSON", 0, 0, 1325, 0, 0, 0, 0, 0, 0, 0, 0, 0, 0, 0, 0, 0, 0, 0, 0, 0, 0, 0, 0, 0, 0, 0, 0, 0, 0, 0, 0, 0, 0, 0, 0, 0, 0, 0, 0, 0, 1325
"c:\Users\Marlowe\Desktop\ProjectBible\external-repos\Orature\jvm\workbookapp\src\test\resources\active_verses.json", "JSON", 0, 0, 187, 0, 0, 0, 0, 0, 0, 0, 0, 0, 0, 0, 0, 0, 0, 0, 0, 0, 0, 0, 0, 0, 0, 0, 0, 0, 0, 0, 0, 0, 0, 0, 0, 0, 0, 0, 0, 0, 187
"c:\Users\Marlowe\Desktop\ProjectBible\external-repos\Orature\jvm\workbookapp\src\test\resources\audacity.yaml", "YAML", 0, 0, 0, 0, 12, 0, 0, 0, 0, 0, 0, 0, 0, 0, 0, 0, 0, 0, 0, 0, 0, 0, 0, 0, 0, 0, 0, 0, 0, 0, 0, 0, 0, 0, 0, 0, 0, 0, 0, 1, 13
"c:\Users\Marlowe\Desktop\ProjectBible\external-repos\Orature\jvm\workbookapp\src\test\resources\invalid-yaml\audacity-invalid.yaml", "YAML", 0, 0, 0, 0, 13, 0, 0, 0, 0, 0, 0, 0, 0, 0, 0, 0, 0, 0, 0, 0, 0, 0, 0, 0, 0, 0, 0, 0, 0, 0, 0, 0, 0, 0, 0, 0, 0, 0, 0, 1, 14
"c:\Users\Marlowe\Desktop\ProjectBible\external-repos\Orature\jvm\workbookapp\src\test\resources\ocenaudio.yaml", "YAML", 0, 0, 0, 0, 10, 0, 0, 0, 0, 0, 0, 0, 0, 0, 0, 0, 0, 0, 0, 0, 0, 0, 0, 0, 0, 0, 0, 0, 0, 0, 0, 0, 0, 0, 0, 0, 0, 0, 0, 1, 11
"c:\Users\Marlowe\Desktop\ProjectBible\external-repos\Orature\jvm\workbookapp\src\test\resources\resource-metadata-entity-samples.json", "JSON", 0, 0, 78, 0, 0, 0, 0, 0, 0, 0, 0, 0, 0, 0, 0, 0, 0, 0, 0, 0, 0, 0, 0, 0, 0, 0, 0, 0, 0, 0, 0, 0, 0, 0, 0, 0, 0, 0, 0, 0, 78
"c:\Users\Marlowe\Desktop\ProjectBible\external-repos\Orature\jvm\workbookapp\src\test\resources\sql\AppDatabaseSchema0.sql", "MS SQL", 0, 0, 0, 123, 0, 0, 0, 0, 0, 0, 0, 0, 0, 0, 0, 0, 0, 0, 0, 0, 0, 0, 0, 0, 0, 0, 0, 0, 0, 0, 0, 0, 0, 0, 0, 0, 0, 0, 0, 14, 137
"c:\Users\Marlowe\Desktop\ProjectBible\external-repos\Orature\jvm\workbookapp\src\test\resources\sql\AppDatabaseSchema_v8.sql", "MS SQL", 0, 0, 0, 181, 0, 0, 0, 0, 0, 0, 0, 0, 0, 0, 0, 0, 0, 0, 0, 0, 0, 0, 0, 0, 0, 0, 0, 0, 0, 0, 0, 0, 0, 0, 0, 0, 0, 0, 0, 2, 183
"c:\Users\Marlowe\Desktop\ProjectBible\external-repos\Orature\jvm\workbookplugin\build.gradle", "Groovy", 0, 0, 0, 0, 0, 0, 0, 0, 0, 0, 0, 0, 0, 0, 0, 0, 13, 0, 0, 0, 0, 0, 0, 0, 0, 0, 0, 0, 0, 0, 0, 0, 0, 0, 0, 0, 0, 0, 1, 4, 18
"c:\Users\Marlowe\Desktop\ProjectBible\external-repos\Orature\settings.gradle", "Groovy", 0, 0, 0, 0, 0, 0, 0, 0, 0, 0, 0, 0, 0, 0, 0, 0, 15, 0, 0, 0, 0, 0, 0, 0, 0, 0, 0, 0, 0, 0, 0, 0, 0, 0, 0, 0, 0, 0, 8, 3, 26
"c:\Users\Marlowe\Desktop\ProjectBible\external-repos\Orature\sonar-project.properties", "Properties", 0, 0, 0, 0, 0, 0, 0, 0, 0, 0, 10, 0, 0, 0, 0, 0, 0, 0, 0, 0, 0, 0, 0, 0, 0, 0, 0, 0, 0, 0, 0, 0, 0, 0, 0, 0, 0, 0, 9, 7, 26
"c:\Users\Marlowe\Desktop\ProjectBible\external-repos\ScriptureGuide\App\INSTALL.htm", "HTML", 0, 0, 0, 0, 0, 22, 0, 0, 0, 0, 0, 0, 0, 0, 0, 0, 0, 0, 0, 0, 0, 0, 0, 0, 0, 0, 0, 0, 0, 0, 0, 0, 0, 0, 0, 0, 0, 0, 0, 5, 27
"c:\Users\Marlowe\Desktop\ProjectBible\external-repos\ScriptureGuide\App\README.htm", "HTML", 0, 0, 0, 0, 0, 32, 0, 0, 0, 0, 0, 0, 0, 0, 0, 0, 0, 0, 0, 0, 0, 0, 0, 0, 0, 0, 0, 0, 0, 0, 0, 0, 0, 0, 0, 0, 0, 0, 0, 2, 34
"c:\Users\Marlowe\Desktop\ProjectBible\external-repos\ScriptureGuide\App\docs\index.html", "HTML", 0, 0, 0, 0, 0, 62, 0, 0, 0, 0, 0, 0, 0, 0, 0, 0, 0, 0, 0, 0, 0, 0, 0, 0, 0, 0, 0, 0, 0, 0, 0, 0, 0, 0, 0, 0, 0, 0, 0, 30, 92
"c:\Users\Marlowe\Desktop\ProjectBible\external-repos\ScriptureGuide\README.md", "Markdown", 7, 0, 0, 0, 0, 0, 0, 0, 0, 0, 0, 0, 0, 0, 0, 0, 0, 0, 0, 0, 0, 0, 0, 0, 0, 0, 0, 0, 0, 0, 0, 0, 0, 0, 0, 0, 0, 0, 0, 5, 12
"c:\Users\Marlowe\Desktop\ProjectBible\external-repos\ScriptureGuide\ScriptureGuideManager\DownloadLocations.h", "C++", 0, 0, 0, 0, 0, 0, 0, 0, 0, 0, 0, 5, 0, 0, 0, 0, 0, 0, 0, 0, 0, 0, 0, 0, 0, 0, 0, 0, 0, 0, 0, 0, 0, 0, 0, 0, 0, 0, 0, 3, 8
"c:\Users\Marlowe\Desktop\ProjectBible\external-repos\ScriptureGuide\ScriptureGuideManager\MainWindow.cpp", "C++", 0, 0, 0, 0, 0, 0, 0, 0, 0, 0, 0, 221, 0, 0, 0, 0, 0, 0, 0, 0, 0, 0, 0, 0, 0, 0, 0, 0, 0, 0, 0, 0, 0, 0, 0, 0, 0, 0, 18, 50, 289
"c:\Users\Marlowe\Desktop\ProjectBible\external-repos\ScriptureGuide\ScriptureGuideManager\MainWindow.h", "C++", 0, 0, 0, 0, 0, 0, 0, 0, 0, 0, 0, 28, 0, 0, 0, 0, 0, 0, 0, 0, 0, 0, 0, 0, 0, 0, 0, 0, 0, 0, 0, 0, 0, 0, 0, 0, 0, 0, 0, 6, 34
"c:\Users\Marlowe\Desktop\ProjectBible\external-repos\ScriptureGuide\ScriptureGuideManager\Makefile", "Makefile", 0, 0, 0, 0, 0, 0, 0, 0, 0, 0, 0, 0, 27, 0, 0, 0, 0, 0, 0, 0, 0, 0, 0, 0, 0, 0, 0, 0, 0, 0, 0, 0, 0, 0, 0, 0, 0, 0, 81, 25, 133
"c:\Users\Marlowe\Desktop\ProjectBible\external-repos\ScriptureGuide\ScriptureGuideManager\MarkableItem.cpp", "C++", 0, 0, 0, 0, 0, 0, 0, 0, 0, 0, 0, 46, 0, 0, 0, 0, 0, 0, 0, 0, 0, 0, 0, 0, 0, 0, 0, 0, 0, 0, 0, 0, 0, 0, 0, 0, 0, 0, 0, 8, 54
"c:\Users\Marlowe\Desktop\ProjectBible\external-repos\ScriptureGuide\ScriptureGuideManager\MarkableItem.h", "C++", 0, 0, 0, 0, 0, 0, 0, 0, 0, 0, 0, 27, 0, 0, 0, 0, 0, 0, 0, 0, 0, 0, 0, 0, 0, 0, 0, 0, 0, 0, 0, 0, 0, 0, 0, 0, 0, 0, 0, 5, 32
"c:\Users\Marlowe\Desktop\ProjectBible\external-repos\ScriptureGuide\ScriptureGuideManager\ModUtils.cpp", "C++", 0, 0, 0, 0, 0, 0, 0, 0, 0, 0, 0, 147, 0, 0, 0, 0, 0, 0, 0, 0, 0, 0, 0, 0, 0, 0, 0, 0, 0, 0, 0, 0, 0, 0, 0, 0, 0, 0, 19, 38, 204
"c:\Users\Marlowe\Desktop\ProjectBible\external-repos\ScriptureGuide\ScriptureGuideManager\ModUtils.h", "C++", 0, 0, 0, 0, 0, 0, 0, 0, 0, 0, 0, 35, 0, 0, 0, 0, 0, 0, 0, 0, 0, 0, 0, 0, 0, 0, 0, 0, 0, 0, 0, 0, 0, 0, 0, 0, 0, 0, 3, 12, 50
"c:\Users\Marlowe\Desktop\ProjectBible\external-repos\ScriptureGuide\ScriptureGuideManager\SGMan.cpp", "C++", 0, 0, 0, 0, 0, 0, 0, 0, 0, 0, 0, 202, 0, 0, 0, 0, 0, 0, 0, 0, 0, 0, 0, 0, 0, 0, 0, 0, 0, 0, 0, 0, 0, 0, 0, 0, 0, 0, 15, 61, 278
"c:\Users\Marlowe\Desktop\ProjectBible\external-repos\ScriptureGuide\ScriptureGuide\FontPanel.cpp", "C++", 0, 0, 0, 0, 0, 0, 0, 0, 0, 0, 0, 336, 0, 0, 0, 0, 0, 0, 0, 0, 0, 0, 0, 0, 0, 0, 0, 0, 0, 0, 0, 0, 0, 0, 0, 0, 0, 0, 16, 72, 424
"c:\Users\Marlowe\Desktop\ProjectBible\external-repos\ScriptureGuide\ScriptureGuide\FontPanel.h", "C++", 0, 0, 0, 0, 0, 0, 0, 0, 0, 0, 0, 34, 0, 0, 0, 0, 0, 0, 0, 0, 0, 0, 0, 0, 0, 0, 0, 0, 0, 0, 0, 0, 0, 0, 0, 0, 0, 0, 5, 7, 46
"c:\Users\Marlowe\Desktop\ProjectBible\external-repos\ScriptureGuide\ScriptureGuide\LogosApp.cpp", "C++", 0, 0, 0, 0, 0, 0, 0, 0, 0, 0, 0, 202, 0, 0, 0, 0, 0, 0, 0, 0, 0, 0, 0, 0, 0, 0, 0, 0, 0, 0, 0, 0, 0, 0, 0, 0, 0, 0, 33, 44, 279
"c:\Users\Marlowe\Desktop\ProjectBible\external-repos\ScriptureGuide\ScriptureGuide\LogosApp.h", "C++", 0, 0, 0, 0, 0, 0, 0, 0, 0, 0, 0, 13, 0, 0, 0, 0, 0, 0, 0, 0, 0, 0, 0, 0, 0, 0, 0, 0, 0, 0, 0, 0, 0, 0, 0, 0, 0, 0, 0, 4, 17
"c:\Users\Marlowe\Desktop\ProjectBible\external-repos\ScriptureGuide\ScriptureGuide\LogosMainWindow.cpp", "C++", 0, 0, 0, 0, 0, 0, 0, 0, 0, 0, 0, 760, 0, 0, 0, 0, 0, 0, 0, 0, 0, 0, 0, 0, 0, 0, 0, 0, 0, 0, 0, 0, 0, 0, 0, 0, 0, 0, 69, 164, 993
"c:\Users\Marlowe\Desktop\ProjectBible\external-repos\ScriptureGuide\ScriptureGuide\LogosMainWindow.h", "C++", 0, 0, 0, 0, 0, 0, 0, 0, 0, 0, 0, 73, 0, 0, 0, 0, 0, 0, 0, 0, 0, 0, 0, 0, 0, 0, 0, 0, 0, 0, 0, 0, 0, 0, 0, 0, 0, 0, 0, 22, 95
"c:\Users\Marlowe\Desktop\ProjectBible\external-repos\ScriptureGuide\ScriptureGuide\LogosSearchWindow.cpp", "C++", 0, 0, 0, 0, 0, 0, 0, 0, 0, 0, 0, 290, 0, 0, 0, 0, 0, 0, 0, 0, 0, 0, 0, 0, 0, 0, 0, 0, 0, 0, 0, 0, 0, 0, 0, 0, 0, 0, 19, 46, 355
"c:\Users\Marlowe\Desktop\ProjectBible\external-repos\ScriptureGuide\ScriptureGuide\LogosSearchWindow.h", "C++", 0, 0, 0, 0, 0, 0, 0, 0, 0, 0, 0, 50, 0, 0, 0, 0, 0, 0, 0, 0, 0, 0, 0, 0, 0, 0, 0, 0, 0, 0, 0, 0, 0, 0, 0, 0, 0, 0, 0, 13, 63
"c:\Users\Marlowe\Desktop\ProjectBible\external-repos\ScriptureGuide\ScriptureGuide\Makefile", "Makefile", 0, 0, 0, 0, 0, 0, 0, 0, 0, 0, 0, 0, 31, 0, 0, 0, 0, 0, 0, 0, 0, 0, 0, 0, 0, 0, 0, 0, 0, 0, 0, 0, 0, 0, 0, 0, 0, 0, 81, 25, 137
"c:\Users\Marlowe\Desktop\ProjectBible\external-repos\ScriptureGuide\ScriptureGuide\Preferences.cpp", "C++", 0, 0, 0, 0, 0, 0, 0, 0, 0, 0, 0, 74, 0, 0, 0, 0, 0, 0, 0, 0, 0, 0, 0, 0, 0, 0, 0, 0, 0, 0, 0, 0, 0, 0, 0, 0, 0, 0, 0, 31, 105
"c:\Users\Marlowe\Desktop\ProjectBible\external-repos\ScriptureGuide\ScriptureGuide\Preferences.h", "C++", 0, 0, 0, 0, 0, 0, 0, 0, 0, 0, 0, 13, 0, 0, 0, 0, 0, 0, 0, 0, 0, 0, 0, 0, 0, 0, 0, 0, 0, 0, 0, 0, 0, 0, 0, 0, 0, 0, 0, 7, 20
"c:\Users\Marlowe\Desktop\ProjectBible\external-repos\ScriptureGuide\ScriptureGuide\Spinner.cpp", "C++", 0, 0, 0, 0, 0, 0, 0, 0, 0, 0, 0, 127, 0, 0, 0, 0, 0, 0, 0, 0, 0, 0, 0, 0, 0, 0, 0, 0, 0, 0, 0, 0, 0, 0, 0, 0, 0, 0, 7, 30, 164
"c:\Users\Marlowe\Desktop\ProjectBible\external-repos\ScriptureGuide\ScriptureGuide\Spinner.h", "C++", 0, 0, 0, 0, 0, 0, 0, 0, 0, 0, 0, 42, 0, 0, 0, 0, 0, 0, 0, 0, 0, 0, 0, 0, 0, 0, 0, 0, 0, 0, 0, 0, 0, 0, 0, 0, 0, 0, 0, 13, 55
"c:\Users\Marlowe\Desktop\ProjectBible\external-repos\ScriptureGuide\ScriptureGuide\SwordBackend.cpp", "C++", 0, 0, 0, 0, 0, 0, 0, 0, 0, 0, 0, 300, 0, 0, 0, 0, 0, 0, 0, 0, 0, 0, 0, 0, 0, 0, 0, 0, 0, 0, 0, 0, 0, 0, 0, 0, 0, 0, 52, 73, 425
"c:\Users\Marlowe\Desktop\ProjectBible\external-repos\ScriptureGuide\ScriptureGuide\SwordBackend.h", "C++", 0, 0, 0, 0, 0, 0, 0, 0, 0, 0, 0, 85, 0, 0, 0, 0, 0, 0, 0, 0, 0, 0, 0, 0, 0, 0, 0, 0, 0, 0, 0, 0, 0, 0, 0, 0, 0, 0, 4, 26, 115
"c:\Users\Marlowe\Desktop\ProjectBible\external-repos\ScriptureGuide\ScriptureGuide\constants.h", "C++", 0, 0, 0, 0, 0, 0, 0, 0, 0, 0, 0, 61, 0, 0, 0, 0, 0, 0, 0, 0, 0, 0, 0, 0, 0, 0, 0, 0, 0, 0, 0, 0, 0, 0, 0, 0, 0, 0, 11, 24, 96
"c:\Users\Marlowe\Desktop\ProjectBible\external-repos\americas-public-bible\LICENSE.md", "Markdown", 17, 0, 0, 0, 0, 0, 0, 0, 0, 0, 0, 0, 0, 0, 0, 0, 0, 0, 0, 0, 0, 0, 0, 0, 0, 0, 0, 0, 0, 0, 0, 0, 0, 0, 0, 0, 0, 0, 0, 5, 22
"c:\Users\Marlowe\Desktop\ProjectBible\external-repos\americas-public-bible\README.md", "Markdown", 36, 0, 0, 0, 0, 0, 0, 0, 0, 0, 0, 0, 0, 0, 0, 0, 0, 0, 0, 0, 0, 0, 0, 0, 0, 0, 0, 0, 0, 0, 0, 0, 0, 0, 0, 0, 0, 0, 0, 16, 52
"c:\Users\Marlowe\Desktop\ProjectBible\external-repos\americas-public-bible\americas-public-bible.code-workspace", "JSON with Comments", 0, 17, 0, 0, 0, 0, 0, 0, 0, 0, 0, 0, 0, 0, 0, 0, 0, 0, 0, 0, 0, 0, 0, 0, 0, 0, 0, 0, 0, 0, 0, 0, 0, 0, 0, 0, 0, 0, 0, 1, 18
"c:\Users\Marlowe\Desktop\ProjectBible\external-repos\americas-public-bible\chronam\batch-chronam.R", "R", 0, 0, 0, 0, 0, 0, 0, 0, 0, 0, 0, 0, 0, 0, 0, 0, 0, 0, 0, 0, 0, 0, 0, 0, 0, 0, 0, 0, 0, 0, 0, 0, 0, 0, 0, 0, 25, 0, 2, 8, 35
"c:\Users\Marlowe\Desktop\ProjectBible\external-repos\americas-public-bible\chronam\chronam-import-text\chronam-import-text.go", "Go", 0, 0, 0, 0, 0, 0, 0, 0, 0, 0, 0, 0, 0, 0, 0, 0, 0, 0, 0, 0, 0, 0, 0, 0, 0, 0, 0, 0, 0, 0, 0, 0, 0, 0, 0, 0, 0, 73, 20, 18, 111
"c:\Users\Marlowe\Desktop\ProjectBible\external-repos\americas-public-bible\chronam\chronam-import-text\go.mod", "XML", 0, 0, 0, 0, 0, 0, 0, 0, 0, 0, 0, 0, 0, 0, 10, 0, 0, 0, 0, 0, 0, 0, 0, 0, 0, 0, 0, 0, 0, 0, 0, 0, 0, 0, 0, 0, 0, 0, 0, 3, 13
"c:\Users\Marlowe\Desktop\ProjectBible\external-repos\americas-public-bible\chronam\chronam-import-text\parse-path.go", "Go", 0, 0, 0, 0, 0, 0, 0, 0, 0, 0, 0, 0, 0, 0, 0, 0, 0, 0, 0, 0, 0, 0, 0, 0, 0, 0, 0, 0, 0, 0, 0, 0, 0, 0, 0, 0, 0, 27, 0, 5, 32
"c:\Users\Marlowe\Desktop\ProjectBible\external-repos\americas-public-bible\chronam\chronam-import-text\wordcount.go", "Go", 0, 0, 0, 0, 0, 0, 0, 0, 0, 0, 0, 0, 0, 0, 0, 0, 0, 0, 0, 0, 0, 0, 0, 0, 0, 0, 0, 0, 0, 0, 0, 0, 0, 0, 0, 0, 0, 7, 0, 3, 10
"c:\Users\Marlowe\Desktop\ProjectBible\external-repos\americas-public-bible\chronam\download.R", "R", 0, 0, 0, 0, 0, 0, 0, 0, 0, 0, 0, 0, 0, 0, 0, 0, 0, 0, 0, 0, 0, 0, 0, 0, 0, 0, 0, 0, 0, 0, 0, 0, 0, 0, 0, 0, 73, 0, 5, 22, 100
"c:\Users\Marlowe\Desktop\ProjectBible\external-repos\americas-public-bible\chronam\get-ocr-files.R", "R", 0, 0, 0, 0, 0, 0, 0, 0, 0, 0, 0, 0, 0, 0, 0, 0, 0, 0, 0, 0, 0, 0, 0, 0, 0, 0, 0, 0, 0, 0, 0, 0, 0, 0, 0, 0, 20, 0, 2, 5, 27
"c:\Users\Marlowe\Desktop\ProjectBible\external-repos\americas-public-bible\chronam\import-most-ocr-data.R", "R", 0, 0, 0, 0, 0, 0, 0, 0, 0, 0, 0, 0, 0, 0, 0, 0, 0, 0, 0, 0, 0, 0, 0, 0, 0, 0, 0, 0, 0, 0, 0, 0, 0, 0, 0, 0, 18, 0, 1, 5, 24
"c:\Users\Marlowe\Desktop\ProjectBible\external-repos\americas-public-bible\chronam\ocr-quality\go.mod", "XML", 0, 0, 0, 0, 0, 0, 0, 0, 0, 0, 0, 0, 0, 0, 12, 0, 0, 0, 0, 0, 0, 0, 0, 0, 0, 0, 0, 0, 0, 0, 0, 0, 0, 0, 0, 0, 0, 0, 0, 3, 15
"c:\Users\Marlowe\Desktop\ProjectBible\external-repos\americas-public-bible\chronam\ocr-quality\ocr-quality.go", "Go", 0, 0, 0, 0, 0, 0, 0, 0, 0, 0, 0, 0, 0, 0, 0, 0, 0, 0, 0, 0, 0, 0, 0, 0, 0, 0, 0, 0, 0, 0, 0, 0, 0, 0, 0, 0, 0, 81, 16, 18, 115
"c:\Users\Marlowe\Desktop\ProjectBible\external-repos\americas-public-bible\chronam\ocr-quality\score.go", "Go", 0, 0, 0, 0, 0, 0, 0, 0, 0, 0, 0, 0, 0, 0, 0, 0, 0, 0, 0, 0, 0, 0, 0, 0, 0, 0, 0, 0, 0, 0, 0, 0, 0, 0, 0, 0, 0, 17, 0, 3, 20
"c:\Users\Marlowe\Desktop\ProjectBible\external-repos\americas-public-bible\chronam\ocr-quality\workers.go", "Go", 0, 0, 0, 0, 0, 0, 0, 0, 0, 0, 0, 0, 0, 0, 0, 0, 0, 0, 0, 0, 0, 0, 0, 0, 0, 0, 0, 0, 0, 0, 0, 0, 0, 0, 0, 0, 0, 18, 1, 3, 22
"c:\Users\Marlowe\Desktop\ProjectBible\external-repos\americas-public-bible\notebooks\001-detect-biblical-quotations.nb.html", "HTML", 0, 0, 0, 0, 0, 336, 0, 0, 0, 0, 0, 0, 0, 0, 0, 0, 0, 0, 0, 0, 0, 0, 0, 0, 0, 0, 0, 0, 0, 0, 0, 0, 0, 0, 0, 0, 0, 0, 115, 61, 512
"c:\Users\Marlowe\Desktop\ProjectBible\external-repos\americas-public-bible\notebooks\004-modeling.nb.html", "HTML", 0, 0, 0, 0, 0, 300, 0, 0, 0, 0, 0, 0, 0, 0, 0, 0, 0, 0, 0, 0, 0, 0, 0, 0, 0, 0, 0, 0, 0, 0, 0, 0, 0, 0, 0, 0, 0, 0, 79, 61, 440
"c:\Users\Marlowe\Desktop\ProjectBible\external-repos\americas-public-bible\notebooks\005-check-conversions.nb.html", "HTML", 0, 0, 0, 0, 0, 210, 0, 0, 0, 0, 0, 0, 0, 0, 0, 0, 0, 0, 0, 0, 0, 0, 0, 0, 0, 0, 0, 0, 0, 0, 0, 0, 0, 0, 0, 0, 0, 0, 41, 49, 300
"c:\Users\Marlowe\Desktop\ProjectBible\external-repos\americas-public-bible\notebooks\006-wordcounts.nb.html", "HTML", 0, 0, 0, 0, 0, 199, 0, 0, 0, 0, 0, 0, 0, 0, 0, 0, 0, 0, 0, 0, 0, 0, 0, 0, 0, 0, 0, 0, 0, 0, 0, 0, 0, 0, 0, 0, 0, 0, 35, 49, 283
"c:\Users\Marlowe\Desktop\ProjectBible\external-repos\americas-public-bible\notebooks\007-proportion.nb.html", "HTML", 0, 0, 0, 0, 0, 1445, 0, 0, 0, 0, 0, 0, 0, 0, 0, 0, 0, 0, 0, 0, 0, 0, 0, 0, 0, 0, 0, 0, 0, 0, 0, 0, 0, 0, 0, 0, 0, 0, 47, 341, 1833
"c:\Users\Marlowe\Desktop\ProjectBible\external-repos\americas-public-bible\notebooks\008-scriptural-similarity.nb.html", "HTML", 0, 0, 0, 0, 0, 6026, 0, 0, 0, 0, 0, 0, 0, 0, 0, 0, 0, 0, 0, 0, 0, 0, 0, 0, 0, 0, 0, 0, 0, 0, 0, 0, 0, 0, 0, 0, 0, 0, 145, 346, 6517
"c:\Users\Marlowe\Desktop\ProjectBible\external-repos\americas-public-bible\notebooks\009-time-series.nb.html", "HTML", 0, 0, 0, 0, 0, 1676, 0, 0, 0, 0, 0, 0, 0, 0, 0, 0, 0, 0, 0, 0, 0, 0, 0, 0, 0, 0, 0, 0, 0, 0, 0, 0, 0, 0, 0, 0, 0, 0, 39, 441, 2156
"c:\Users\Marlowe\Desktop\ProjectBible\external-repos\americas-public-bible\notebooks\010-identifying-quotations-to-keep.nb.html", "HTML", 0, 0, 0, 0, 0, 1523, 0, 0, 0, 0, 0, 0, 0, 0, 0, 0, 0, 0, 0, 0, 0, 0, 0, 0, 0, 0, 0, 0, 0, 0, 0, 0, 0, 0, 0, 0, 0, 0, 53, 355, 1931
"c:\Users\Marlowe\Desktop\ProjectBible\external-repos\americas-public-bible\notebooks\011-ocr-quality.nb.html", "HTML", 0, 0, 0, 0, 0, 1536, 0, 0, 0, 0, 0, 0, 0, 0, 0, 0, 0, 0, 0, 0, 0, 0, 0, 0, 0, 0, 0, 0, 0, 0, 0, 0, 0, 0, 0, 0, 0, 0, 81, 360, 1977
"c:\Users\Marlowe\Desktop\ProjectBible\external-repos\americas-public-bible\notebooks\012-overall-trend-lines.nb.html", "HTML", 0, 0, 0, 0, 0, 1505, 0, 0, 0, 0, 0, 0, 0, 0, 0, 0, 0, 0, 0, 0, 0, 0, 0, 0, 0, 0, 0, 0, 0, 0, 0, 0, 0, 0, 0, 0, 0, 0, 31, 370, 1906
"c:\Users\Marlowe\Desktop\ProjectBible\external-repos\americas-public-bible\notebooks\013-pages-in-NCNP.nb.html", "HTML", 0, 0, 0, 0, 0, 1494, 0, 0, 0, 0, 0, 0, 0, 0, 0, 0, 0, 0, 0, 0, 0, 0, 0, 0, 0, 0, 0, 0, 0, 0, 0, 0, 0, 0, 0, 0, 0, 0, 37, 358, 1889
"c:\Users\Marlowe\Desktop\ProjectBible\external-repos\americas-public-bible\notebooks\014-general-trends.nb.html", "HTML", 0, 0, 0, 0, 0, 1496, 0, 0, 0, 0, 0, 0, 0, 0, 0, 0, 0, 0, 0, 0, 0, 0, 0, 0, 0, 0, 0, 0, 0, 0, 0, 0, 0, 0, 0, 0, 0, 0, 43, 359, 1898
"c:\Users\Marlowe\Desktop\ProjectBible\external-repos\americas-public-bible\notebooks\015-verse-peaks.nb.html", "HTML", 0, 0, 0, 0, 0, 214, 0, 0, 0, 0, 0, 0, 0, 0, 0, 0, 0, 0, 0, 0, 0, 0, 0, 0, 0, 0, 0, 0, 0, 0, 0, 0, 0, 0, 0, 0, 0, 0, 19, 68, 301
"c:\Users\Marlowe\Desktop\ProjectBible\external-repos\americas-public-bible\prototype-website\README.md", "Markdown", 2, 0, 0, 0, 0, 0, 0, 0, 0, 0, 0, 0, 0, 0, 0, 0, 0, 0, 0, 0, 0, 0, 0, 0, 0, 0, 0, 0, 0, 0, 0, 0, 0, 0, 0, 0, 0, 0, 0, 3, 5
"c:\Users\Marlowe\Desktop\ProjectBible\external-repos\americas-public-bible\prototype-website\_includes\footer.html", "HTML", 0, 0, 0, 0, 0, 9, 0, 0, 0, 0, 0, 0, 0, 0, 0, 0, 0, 0, 0, 0, 0, 0, 0, 0, 0, 0, 0, 0, 0, 0, 0, 0, 0, 0, 0, 0, 0, 0, 0, 1, 10
"c:\Users\Marlowe\Desktop\ProjectBible\external-repos\americas-public-bible\prototype-website\_includes\in-header.html", "HTML", 0, 0, 0, 0, 0, 19, 0, 0, 0, 0, 0, 0, 0, 0, 0, 0, 0, 0, 0, 0, 0, 0, 0, 0, 0, 0, 0, 0, 0, 0, 0, 0, 0, 0, 0, 0, 0, 0, 0, 5, 24
"c:\Users\Marlowe\Desktop\ProjectBible\external-repos\americas-public-bible\prototype-website\_site.yml", "YAML", 0, 0, 0, 0, 19, 0, 0, 0, 0, 0, 0, 0, 0, 0, 0, 0, 0, 0, 0, 0, 0, 0, 0, 0, 0, 0, 0, 0, 0, 0, 0, 0, 0, 0, 0, 0, 0, 0, 0, 1, 20
"c:\Users\Marlowe\Desktop\ProjectBible\external-repos\americas-public-bible\prototype-website\helpers.R", "R", 0, 0, 0, 0, 0, 0, 0, 0, 0, 0, 0, 0, 0, 0, 0, 0, 0, 0, 0, 0, 0, 0, 0, 0, 0, 0, 0, 0, 0, 0, 0, 0, 0, 0, 0, 0, 27, 0, 0, 5, 32
"c:\Users\Marlowe\Desktop\ProjectBible\external-repos\americas-public-bible\prototype-website\img\icons\browserconfig.xml", "XML", 0, 0, 0, 0, 0, 0, 0, 0, 0, 0, 0, 0, 0, 0, 2, 0, 0, 0, 0, 0, 0, 0, 0, 0, 0, 0, 0, 0, 0, 0, 0, 0, 0, 0, 0, 0, 0, 0, 0, 0, 2
"c:\Users\Marlowe\Desktop\ProjectBible\external-repos\americas-public-bible\prototype-website\img\icons\manifest.json", "JSON", 0, 0, 41, 0, 0, 0, 0, 0, 0, 0, 0, 0, 0, 0, 0, 0, 0, 0, 0, 0, 0, 0, 0, 0, 0, 0, 0, 0, 0, 0, 0, 0, 0, 0, 0, 0, 0, 0, 0, 0, 41
"c:\Users\Marlowe\Desktop\ProjectBible\external-repos\americas-public-bible\prototype-website\js\iframeResizer.min.js", "JavaScript", 0, 0, 0, 0, 0, 0, 0, 0, 0, 0, 0, 0, 0, 1, 0, 0, 0, 0, 0, 0, 0, 0, 0, 0, 0, 0, 0, 0, 0, 0, 0, 0, 0, 0, 0, 0, 0, 0, 7, 1, 9
"c:\Users\Marlowe\Desktop\ProjectBible\external-repos\americas-public-bible\prototype-website\styles.css", "PostCSS", 0, 0, 0, 0, 0, 0, 0, 0, 0, 0, 0, 0, 0, 0, 0, 0, 0, 0, 0, 92, 0, 0, 0, 0, 0, 0, 0, 0, 0, 0, 0, 0, 0, 0, 0, 0, 0, 0, 1, 23, 116
"c:\Users\Marlowe\Desktop\ProjectBible\external-repos\americas-public-bible\quotation-finder\Makefile", "Makefile", 0, 0, 0, 0, 0, 0, 0, 0, 0, 0, 0, 0, 46, 0, 0, 0, 0, 0, 0, 0, 0, 0, 0, 0, 0, 0, 0, 0, 0, 0, 0, 0, 0, 0, 0, 0, 0, 0, 15, 19, 80
"c:\Users\Marlowe\Desktop\ProjectBible\external-repos\americas-public-bible\quotation-finder\README.md", "Markdown", 8, 0, 0, 0, 0, 0, 0, 0, 0, 0, 0, 0, 0, 0, 0, 0, 0, 0, 0, 0, 0, 0, 0, 0, 0, 0, 0, 0, 0, 0, 0, 0, 0, 0, 0, 0, 0, 0, 0, 8, 16
"c:\Users\Marlowe\Desktop\ProjectBible\external-repos\americas-public-bible\quotation-finder\bin\count-words.R", "R", 0, 0, 0, 0, 0, 0, 0, 0, 0, 0, 0, 0, 0, 0, 0, 0, 0, 0, 0, 0, 0, 0, 0, 0, 0, 0, 0, 0, 0, 0, 0, 0, 0, 0, 0, 0, 52, 0, 8, 12, 72
"c:\Users\Marlowe\Desktop\ProjectBible\external-repos\americas-public-bible\quotation-finder\bin\count-words.sh", "Shell Script", 0, 0, 0, 0, 0, 0, 0, 0, 0, 0, 0, 0, 0, 0, 0, 0, 0, 16, 0, 0, 0, 0, 0, 0, 0, 0, 0, 0, 0, 0, 0, 0, 0, 0, 0, 0, 0, 0, 11, 4, 31
"c:\Users\Marlowe\Desktop\ProjectBible\external-repos\americas-public-bible\quotation-finder\bin\find-potential-quotations.R", "R", 0, 0, 0, 0, 0, 0, 0, 0, 0, 0, 0, 0, 0, 0, 0, 0, 0, 0, 0, 0, 0, 0, 0, 0, 0, 0, 0, 0, 0, 0, 0, 0, 0, 0, 0, 0, 183, 0, 14, 22, 219
"c:\Users\Marlowe\Desktop\ProjectBible\external-repos\americas-public-bible\quotation-finder\bin\find-potential-quotations.sh", "Shell Script", 0, 0, 0, 0, 0, 0, 0, 0, 0, 0, 0, 0, 0, 0, 0, 0, 0, 18, 0, 0, 0, 0, 0, 0, 0, 0, 0, 0, 0, 0, 0, 0, 0, 0, 0, 0, 0, 0, 13, 4, 35
"c:\Users\Marlowe\Desktop\ProjectBible\external-repos\americas-public-bible\quotation-finder\bin\predict-quotations.R", "R", 0, 0, 0, 0, 0, 0, 0, 0, 0, 0, 0, 0, 0, 0, 0, 0, 0, 0, 0, 0, 0, 0, 0, 0, 0, 0, 0, 0, 0, 0, 0, 0, 0, 0, 0, 0, 62, 0, 8, 10, 80
"c:\Users\Marlowe\Desktop\ProjectBible\external-repos\americas-public-bible\quotation-finder\bin\predict-quotations.sh", "Shell Script", 0, 0, 0, 0, 0, 0, 0, 0, 0, 0, 0, 0, 0, 0, 0, 0, 0, 17, 0, 0, 0, 0, 0, 0, 0, 0, 0, 0, 0, 0, 0, 0, 0, 0, 0, 0, 0, 0, 12, 4, 33
"c:\Users\Marlowe\Desktop\ProjectBible\external-repos\americas-public-bible\quotation-finder\data\2018-07-18-matches-for-training.csv", "CSV", 0, 0, 0, 0, 0, 0, 0, 0, 0, 0, 0, 0, 0, 0, 0, 0, 0, 0, 0, 0, 0, 0, 0, 0, 0, 0, 0, 0, 0, 0, 0, 0, 0, 0, 11141, 0, 0, 0, 0, 1, 11142
"c:\Users\Marlowe\Desktop\ProjectBible\external-repos\americas-public-bible\quotation-finder\data\2018-08-10-matches-for-training.csv", "CSV", 0, 0, 0, 0, 0, 0, 0, 0, 0, 0, 0, 0, 0, 0, 0, 0, 0, 0, 0, 0, 0, 0, 0, 0, 0, 0, 0, 0, 0, 0, 0, 0, 0, 0, 5688, 0, 0, 0, 0, 1, 5689
"c:\Users\Marlowe\Desktop\ProjectBible\external-repos\americas-public-bible\quotation-finder\data\labeled-data.csv", "CSV", 0, 0, 0, 0, 0, 0, 0, 0, 0, 0, 0, 0, 0, 0, 0, 0, 0, 0, 0, 0, 0, 0, 0, 0, 0, 0, 0, 0, 0, 0, 0, 0, 0, 0, 2223, 0, 0, 0, 0, 0, 2223
"c:\Users\Marlowe\Desktop\ProjectBible\external-repos\americas-public-bible\quotation-finder\data\prototype-matches-for-model-training.csv", "CSV", 0, 0, 0, 0, 0, 0, 0, 0, 0, 0, 0, 0, 0, 0, 0, 0, 0, 0, 0, 0, 0, 0, 0, 0, 0, 0, 0, 0, 0, 0, 0, 0, 0, 0, 1731, 0, 0, 0, 0, 1, 1732
"c:\Users\Marlowe\Desktop\ProjectBible\external-repos\americas-public-bible\quotation-finder\model\apb-labeled-quotations.csv", "CSV", 0, 0, 0, 0, 0, 0, 0, 0, 0, 0, 0, 0, 0, 0, 0, 0, 0, 0, 0, 0, 0, 0, 0, 0, 0, 0, 0, 0, 0, 0, 0, 0, 0, 0, 976, 0, 0, 0, 0, 1, 977
"c:\Users\Marlowe\Desktop\ProjectBible\external-repos\americas-public-bible\quotation-finder\model\apb-testing.csv", "CSV", 0, 0, 0, 0, 0, 0, 0, 0, 0, 0, 0, 0, 0, 0, 0, 0, 0, 0, 0, 0, 0, 0, 0, 0, 0, 0, 0, 0, 0, 0, 0, 0, 0, 0, 146, 0, 0, 0, 0, 1, 147
"c:\Users\Marlowe\Desktop\ProjectBible\external-repos\americas-public-bible\quotation-finder\model\apb-training.csv", "CSV", 0, 0, 0, 0, 0, 0, 0, 0, 0, 0, 0, 0, 0, 0, 0, 0, 0, 0, 0, 0, 0, 0, 0, 0, 0, 0, 0, 0, 0, 0, 0, 0, 0, 0, 831, 0, 0, 0, 0, 1, 832
"c:\Users\Marlowe\Desktop\ProjectBible\external-repos\americas-public-bible\quotation-finder\model\model-training.nb.html", "HTML", 0, 0, 0, 0, 0, 1811, 0, 0, 0, 0, 0, 0, 0, 0, 0, 0, 0, 0, 0, 0, 0, 0, 0, 0, 0, 0, 0, 0, 0, 0, 0, 0, 0, 0, 0, 0, 0, 0, 207, 376, 2394
"c:\Users\Marlowe\Desktop\ProjectBible\external-repos\americas-public-bible\quotation-finder\prototype\create-supervised-learning-data.R", "R", 0, 0, 0, 0, 0, 0, 0, 0, 0, 0, 0, 0, 0, 0, 0, 0, 0, 0, 0, 0, 0, 0, 0, 0, 0, 0, 0, 0, 0, 0, 0, 0, 0, 0, 0, 0, 67, 0, 6, 22, 95
"c:\Users\Marlowe\Desktop\ProjectBible\external-repos\americas-public-bible\quotation-finder\prototype\train-model.R", "R", 0, 0, 0, 0, 0, 0, 0, 0, 0, 0, 0, 0, 0, 0, 0, 0, 0, 0, 0, 0, 0, 0, 0, 0, 0, 0, 0, 0, 0, 0, 0, 0, 0, 0, 0, 0, 73, 0, 62, 19, 154
"c:\Users\Marlowe\Desktop\ProjectBible\external-repos\americas-public-bible\quotation-finder\scripts\bible-payload.R", "R", 0, 0, 0, 0, 0, 0, 0, 0, 0, 0, 0, 0, 0, 0, 0, 0, 0, 0, 0, 0, 0, 0, 0, 0, 0, 0, 0, 0, 0, 0, 0, 0, 0, 0, 0, 0, 46, 0, 15, 13, 74
"c:\Users\Marlowe\Desktop\ProjectBible\external-repos\americas-public-bible\quotation-finder\scripts\db-dump-batches.R", "R", 0, 0, 0, 0, 0, 0, 0, 0, 0, 0, 0, 0, 0, 0, 0, 0, 0, 0, 0, 0, 0, 0, 0, 0, 0, 0, 0, 0, 0, 0, 0, 0, 0, 0, 0, 0, 44, 0, 3, 9, 56
"c:\Users\Marlowe\Desktop\ProjectBible\external-repos\americas-public-bible\quotation-finder\scripts\db-load-potential-quotations.R", "R", 0, 0, 0, 0, 0, 0, 0, 0, 0, 0, 0, 0, 0, 0, 0, 0, 0, 0, 0, 0, 0, 0, 0, 0, 0, 0, 0, 0, 0, 0, 0, 0, 0, 0, 0, 0, 14, 0, 0, 5, 19
"c:\Users\Marlowe\Desktop\ProjectBible\external-repos\americas-public-bible\quotation-finder\scripts\get-new-data-to-label.R", "R", 0, 0, 0, 0, 0, 0, 0, 0, 0, 0, 0, 0, 0, 0, 0, 0, 0, 0, 0, 0, 0, 0, 0, 0, 0, 0, 0, 0, 0, 0, 0, 0, 0, 0, 0, 0, 41, 0, 4, 12, 57
"c:\Users\Marlowe\Desktop\ProjectBible\external-repos\americas-public-bible\quotation-finder\scripts\new-training-data.R", "R", 0, 0, 0, 0, 0, 0, 0, 0, 0, 0, 0, 0, 0, 0, 0, 0, 0, 0, 0, 0, 0, 0, 0, 0, 0, 0, 0, 0, 0, 0, 0, 0, 0, 0, 0, 0, 12, 0, 7, 9, 28
"c:\Users\Marlowe\Desktop\ProjectBible\external-repos\americas-public-bible\quotation-finder\scripts\potential-matches-to-db-from-proto.R", "R", 0, 0, 0, 0, 0, 0, 0, 0, 0, 0, 0, 0, 0, 0, 0, 0, 0, 0, 0, 0, 0, 0, 0, 0, 0, 0, 0, 0, 0, 0, 0, 0, 0, 0, 0, 0, 24, 0, 11, 12, 47
"c:\Users\Marlowe\Desktop\ProjectBible\external-repos\americas-public-bible\quotation-finder\scripts\prototype-download-labeled-data.R", "R", 0, 0, 0, 0, 0, 0, 0, 0, 0, 0, 0, 0, 0, 0, 0, 0, 0, 0, 0, 0, 0, 0, 0, 0, 0, 0, 0, 0, 0, 0, 0, 0, 0, 0, 0, 0, 18, 0, 13, 12, 43
"c:\Users\Marlowe\Desktop\ProjectBible\external-repos\americas-public-bible\quotation-finder\scripts\wordcounts-to-db.R", "R", 0, 0, 0, 0, 0, 0, 0, 0, 0, 0, 0, 0, 0, 0, 0, 0, 0, 0, 0, 0, 0, 0, 0, 0, 0, 0, 0, 0, 0, 0, 0, 0, 0, 0, 0, 0, 22, 0, 4, 8, 34
"c:\Users\Marlowe\Desktop\ProjectBible\external-repos\americas-public-bible\scripts\verse-peaks.R", "R", 0, 0, 0, 0, 0, 0, 0, 0, 0, 0, 0, 0, 0, 0, 0, 0, 0, 0, 0, 0, 0, 0, 0, 0, 0, 0, 0, 0, 0, 0, 0, 0, 0, 0, 0, 0, 19, 0, 0, 7, 26
"c:\Users\Marlowe\Desktop\ProjectBible\external-repos\americas-public-bible\scriptures\README.md", "Markdown", 11, 0, 0, 0, 0, 0, 0, 0, 0, 0, 0, 0, 0, 0, 0, 0, 0, 0, 0, 0, 0, 0, 0, 0, 0, 0, 0, 0, 0, 0, 0, 0, 0, 0, 0, 0, 0, 0, 0, 6, 17
"c:\Users\Marlowe\Desktop\ProjectBible\external-repos\americas-public-bible\scriptures\R\assorted.R", "R", 0, 0, 0, 0, 0, 0, 0, 0, 0, 0, 0, 0, 0, 0, 0, 0, 0, 0, 0, 0, 0, 0, 0, 0, 0, 0, 0, 0, 0, 0, 0, 0, 0, 0, 0, 0, 31, 0, 1, 5, 37
"c:\Users\Marlowe\Desktop\ProjectBible\external-repos\americas-public-bible\scriptures\R\jps.R", "R", 0, 0, 0, 0, 0, 0, 0, 0, 0, 0, 0, 0, 0, 0, 0, 0, 0, 0, 0, 0, 0, 0, 0, 0, 0, 0, 0, 0, 0, 0, 0, 0, 0, 0, 0, 0, 27, 0, 2, 3, 32
"c:\Users\Marlowe\Desktop\ProjectBible\external-repos\americas-public-bible\scriptures\R\kjv.R", "R", 0, 0, 0, 0, 0, 0, 0, 0, 0, 0, 0, 0, 0, 0, 0, 0, 0, 0, 0, 0, 0, 0, 0, 0, 0, 0, 0, 0, 0, 0, 0, 0, 0, 0, 0, 0, 36, 0, 1, 9, 46
"c:\Users\Marlowe\Desktop\ProjectBible\external-repos\americas-public-bible\scriptures\R\lds.R", "R", 0, 0, 0, 0, 0, 0, 0, 0, 0, 0, 0, 0, 0, 0, 0, 0, 0, 0, 0, 0, 0, 0, 0, 0, 0, 0, 0, 0, 0, 0, 0, 0, 0, 0, 0, 0, 22, 0, 1, 5, 28
"c:\Users\Marlowe\Desktop\ProjectBible\external-repos\americas-public-bible\scriptures\R\test.R", "R", 0, 0, 0, 0, 0, 0, 0, 0, 0, 0, 0, 0, 0, 0, 0, 0, 0, 0, 0, 0, 0, 0, 0, 0, 0, 0, 0, 0, 0, 0, 0, 0, 0, 0, 0, 0, 10, 0, 0, 1, 11
"c:\Users\Marlowe\Desktop\ProjectBible\external-repos\americas-public-bible\scriptures\data\asv.csv", "CSV", 0, 0, 0, 0, 0, 0, 0, 0, 0, 0, 0, 0, 0, 0, 0, 0, 0, 0, 0, 0, 0, 0, 0, 0, 0, 0, 0, 0, 0, 0, 0, 0, 0, 0, 31101, 0, 0, 0, 0, 1, 31102
"c:\Users\Marlowe\Desktop\ProjectBible\external-repos\americas-public-bible\scriptures\data\douay-rheims.csv", "CSV", 0, 0, 0, 0, 0, 0, 0, 0, 0, 0, 0, 0, 0, 0, 0, 0, 0, 0, 0, 0, 0, 0, 0, 0, 0, 0, 0, 0, 0, 0, 0, 0, 0, 0, 31093, 0, 0, 0, 0, 1, 31094
"c:\Users\Marlowe\Desktop\ProjectBible\external-repos\americas-public-bible\scriptures\data\kjv.csv", "CSV", 0, 0, 0, 0, 0, 0, 0, 0, 0, 0, 0, 0, 0, 0, 0, 0, 0, 0, 0, 0, 0, 0, 0, 0, 0, 0, 0, 0, 0, 0, 0, 0, 0, 0, 36717, 0, 0, 0, 0, 1, 36718
"c:\Users\Marlowe\Desktop\ProjectBible\external-repos\americas-public-bible\scriptures\data\lds.csv", "CSV", 0, 0, 0, 0, 0, 0, 0, 0, 0, 0, 0, 0, 0, 0, 0, 0, 0, 0, 0, 0, 0, 0, 0, 0, 0, 0, 0, 0, 0, 0, 0, 0, 0, 0, 10894, 0, 0, 0, 0, 1, 10895
"c:\Users\Marlowe\Desktop\ProjectBible\external-repos\americas-public-bible\scriptures\data\rv.csv", "CSV", 0, 0, 0, 0, 0, 0, 0, 0, 0, 0, 0, 0, 0, 0, 0, 0, 0, 0, 0, 0, 0, 0, 0, 0, 0, 0, 0, 0, 0, 0, 0, 0, 0, 0, 31087, 0, 0, 0, 0, 1, 31088
"c:\Users\Marlowe\Desktop\ProjectBible\external-repos\americas-public-bible\scriptures\data\scriptures.csv", "CSV", 0, 0, 0, 0, 0, 0, 0, 0, 0, 0, 0, 0, 0, 0, 0, 0, 0, 0, 0, 0, 0, 0, 0, 0, 0, 0, 0, 0, 0, 0, 0, 0, 0, 0, 164094, 0, 0, 0, 0, 1, 164095
"c:\Users\Marlowe\Desktop\ProjectBible\external-repos\americas-public-bible\scriptures\make.R", "R", 0, 0, 0, 0, 0, 0, 0, 0, 0, 0, 0, 0, 0, 0, 0, 0, 0, 0, 0, 0, 0, 0, 0, 0, 0, 0, 0, 0, 0, 0, 0, 0, 0, 0, 0, 0, 48, 0, 5, 12, 65
"c:\Users\Marlowe\Desktop\ProjectBible\external-repos\americas-public-bible\scriptures\raw\jps\1 Chronicles.json", "JSON", 0, 0, 1007, 0, 0, 0, 0, 0, 0, 0, 0, 0, 0, 0, 0, 0, 0, 0, 0, 0, 0, 0, 0, 0, 0, 0, 0, 0, 0, 0, 0, 0, 0, 0, 0, 0, 0, 0, 0, 0, 1007
"c:\Users\Marlowe\Desktop\ProjectBible\external-repos\americas-public-bible\scriptures\raw\jps\1 Kings.json", "JSON", 0, 0, 867, 0, 0, 0, 0, 0, 0, 0, 0, 0, 0, 0, 0, 0, 0, 0, 0, 0, 0, 0, 0, 0, 0, 0, 0, 0, 0, 0, 0, 0, 0, 0, 0, 0, 0, 0, 0, 0, 867
"c:\Users\Marlowe\Desktop\ProjectBible\external-repos\americas-public-bible\scriptures\raw\jps\1 Samuel.json", "JSON", 0, 0, 879, 0, 0, 0, 0, 0, 0, 0, 0, 0, 0, 0, 0, 0, 0, 0, 0, 0, 0, 0, 0, 0, 0, 0, 0, 0, 0, 0, 0, 0, 0, 0, 0, 0, 0, 0, 0, 0, 879
"c:\Users\Marlowe\Desktop\ProjectBible\external-repos\americas-public-bible\scriptures\raw\jps\2 Chronicles.json", "JSON", 0, 0, 900, 0, 0, 0, 0, 0, 0, 0, 0, 0, 0, 0, 0, 0, 0, 0, 0, 0, 0, 0, 0, 0, 0, 0, 0, 0, 0, 0, 0, 0, 0, 0, 0, 0, 0, 0, 0, 0, 900
"c:\Users\Marlowe\Desktop\ProjectBible\external-repos\americas-public-bible\scriptures\raw\jps\2 Kings.json", "JSON", 0, 0, 775, 0, 0, 0, 0, 0, 0, 0, 0, 0, 0, 0, 0, 0, 0, 0, 0, 0, 0, 0, 0, 0, 0, 0, 0, 0, 0, 0, 0, 0, 0, 0, 0, 0, 0, 0, 0, 0, 775
"c:\Users\Marlowe\Desktop\ProjectBible\external-repos\americas-public-bible\scriptures\raw\jps\2 Samuel.json", "JSON", 0, 0, 749, 0, 0, 0, 0, 0, 0, 0, 0, 0, 0, 0, 0, 0, 0, 0, 0, 0, 0, 0, 0, 0, 0, 0, 0, 0, 0, 0, 0, 0, 0, 0, 0, 0, 0, 0, 0, 0, 749
"c:\Users\Marlowe\Desktop\ProjectBible\external-repos\americas-public-bible\scriptures\raw\jps\Amos.json", "JSON", 0, 0, 170, 0, 0, 0, 0, 0, 0, 0, 0, 0, 0, 0, 0, 0, 0, 0, 0, 0, 0, 0, 0, 0, 0, 0, 0, 0, 0, 0, 0, 0, 0, 0, 0, 0, 0, 0, 0, 0, 170
"c:\Users\Marlowe\Desktop\ProjectBible\external-repos\americas-public-bible\scriptures\raw\jps\Daniel.json", "JSON", 0, 0, 387, 0, 0, 0, 0, 0, 0, 0, 0, 0, 0, 0, 0, 0, 0, 0, 0, 0, 0, 0, 0, 0, 0, 0, 0, 0, 0, 0, 0, 0, 0, 0, 0, 0, 0, 0, 0, 0, 387
"c:\Users\Marlowe\Desktop\ProjectBible\external-repos\americas-public-bible\scriptures\raw\jps\Deuteronomy.json", "JSON", 0, 0, 1030, 0, 0, 0, 0, 0, 0, 0, 0, 0, 0, 0, 0, 0, 0, 0, 0, 0, 0, 0, 0, 0, 0, 0, 0, 0, 0, 0, 0, 0, 0, 0, 0, 0, 0, 0, 0, 0, 1030
"c:\Users\Marlowe\Desktop\ProjectBible\external-repos\americas-public-bible\scriptures\raw\jps\Ecclesiastes.json", "JSON", 0, 0, 252, 0, 0, 0, 0, 0, 0, 0, 0, 0, 0, 0, 0, 0, 0, 0, 0, 0, 0, 0, 0, 0, 0, 0, 0, 0, 0, 0, 0, 0, 0, 0, 0, 0, 0, 0, 0, 0, 252
"c:\Users\Marlowe\Desktop\ProjectBible\external-repos\americas-public-bible\scriptures\raw\jps\Esther.json", "JSON", 0, 0, 193, 0, 0, 0, 0, 0, 0, 0, 0, 0, 0, 0, 0, 0, 0, 0, 0, 0, 0, 0, 0, 0, 0, 0, 0, 0, 0, 0, 0, 0, 0, 0, 0, 0, 0, 0, 0, 0, 193
"c:\Users\Marlowe\Desktop\ProjectBible\external-repos\americas-public-bible\scriptures\raw\jps\Exodus.json", "JSON", 0, 0, 1296, 0, 0, 0, 0, 0, 0, 0, 0, 0, 0, 0, 0, 0, 0, 0, 0, 0, 0, 0, 0, 0, 0, 0, 0, 0, 0, 0, 0, 0, 0, 0, 0, 0, 0, 0, 0, 0, 1296
"c:\Users\Marlowe\Desktop\ProjectBible\external-repos\americas-public-bible\scriptures\raw\jps\Ezekiel.json", "JSON", 0, 0, 1375, 0, 0, 0, 0, 0, 0, 0, 0, 0, 0, 0, 0, 0, 0, 0, 0, 0, 0, 0, 0, 0, 0, 0, 0, 0, 0, 0, 0, 0, 0, 0, 0, 0, 0, 0, 0, 0, 1375
"c:\Users\Marlowe\Desktop\ProjectBible\external-repos\americas-public-bible\scriptures\raw\jps\Ezra.json", "JSON", 0, 0, 306, 0, 0, 0, 0, 0, 0, 0, 0, 0, 0, 0, 0, 0, 0, 0, 0, 0, 0, 0, 0, 0, 0, 0, 0, 0, 0, 0, 0, 0, 0, 0, 0, 0, 0, 0, 0, 0, 306
"c:\Users\Marlowe\Desktop\ProjectBible\external-repos\americas-public-bible\scriptures\raw\jps\Genesis.json", "JSON", 0, 0, 1639, 0, 0, 0, 0, 0, 0, 0, 0, 0, 0, 0, 0, 0, 0, 0, 0, 0, 0, 0, 0, 0, 0, 0, 0, 0, 0, 0, 0, 0, 0, 0, 0, 0, 0, 0, 0, 0, 1639
"c:\Users\Marlowe\Desktop\ProjectBible\external-repos\americas-public-bible\scriptures\raw\jps\Habakkuk.json", "JSON", 0, 0, 68, 0, 0, 0, 0, 0, 0, 0, 0, 0, 0, 0, 0, 0, 0, 0, 0, 0, 0, 0, 0, 0, 0, 0, 0, 0, 0, 0, 0, 0, 0, 0, 0, 0, 0, 0, 0, 0, 68
"c:\Users\Marlowe\Desktop\ProjectBible\external-repos\americas-public-bible\scriptures\raw\jps\Haggai.json", "JSON", 0, 0, 48, 0, 0, 0, 0, 0, 0, 0, 0, 0, 0, 0, 0, 0, 0, 0, 0, 0, 0, 0, 0, 0, 0, 0, 0, 0, 0, 0, 0, 0, 0, 0, 0, 0, 0, 0, 0, 0, 48
"c:\Users\Marlowe\Desktop\ProjectBible\external-repos\americas-public-bible\scriptures\raw\jps\Hosea.json", "JSON", 0, 0, 231, 0, 0, 0, 0, 0, 0, 0, 0, 0, 0, 0, 0, 0, 0, 0, 0, 0, 0, 0, 0, 0, 0, 0, 0, 0, 0, 0, 0, 0, 0, 0, 0, 0, 0, 0, 0, 0, 231
"c:\Users\Marlowe\Desktop\ProjectBible\external-repos\americas-public-bible\scriptures\raw\jps\Isaiah.json", "JSON", 0, 0, 1429, 0, 0, 0, 0, 0, 0, 0, 0, 0, 0, 0, 0, 0, 0, 0, 0, 0, 0, 0, 0, 0, 0, 0, 0, 0, 0, 0, 0, 0, 0, 0, 0, 0, 0, 0, 0, 0, 1429
"c:\Users\Marlowe\Desktop\ProjectBible\external-repos\americas-public-bible\scriptures\raw\jps\Jeremiah.json", "JSON", 0, 0, 1474, 0, 0, 0, 0, 0, 0, 0, 0, 0, 0, 0, 0, 0, 0, 0, 0, 0, 0, 0, 0, 0, 0, 0, 0, 0, 0, 0, 0, 0, 0, 0, 0, 0, 0, 0, 0, 0, 1474
"c:\Users\Marlowe\Desktop\ProjectBible\external-repos\americas-public-bible\scriptures\raw\jps\Job.json", "JSON", 0, 0, 1160, 0, 0, 0, 0, 0, 0, 0, 0, 0, 0, 0, 0, 0, 0, 0, 0, 0, 0, 0, 0, 0, 0, 0, 0, 0, 0, 0, 0, 0, 0, 0, 0, 0, 0, 0, 0, 0, 1160
"c:\Users\Marlowe\Desktop\ProjectBible\external-repos\americas-public-bible\scriptures\raw\jps\Joel.json", "JSON", 0, 0, 87, 0, 0, 0, 0, 0, 0, 0, 0, 0, 0, 0, 0, 0, 0, 0, 0, 0, 0, 0, 0, 0, 0, 0, 0, 0, 0, 0, 0, 0, 0, 0, 0, 0, 0, 0, 0, 0, 87
"c:\Users\Marlowe\Desktop\ProjectBible\external-repos\americas-public-bible\scriptures\raw\jps\Jonah.json", "JSON", 0, 0, 62, 0, 0, 0, 0, 0, 0, 0, 0, 0, 0, 0, 0, 0, 0, 0, 0, 0, 0, 0, 0, 0, 0, 0, 0, 0, 0, 0, 0, 0, 0, 0, 0, 0, 0, 0, 0, 0, 62
"c:\Users\Marlowe\Desktop\ProjectBible\external-repos\americas-public-bible\scriptures\raw\jps\Joshua.json", "JSON", 0, 0, 712, 0, 0, 0, 0, 0, 0, 0, 0, 0, 0, 0, 0, 0, 0, 0, 0, 0, 0, 0, 0, 0, 0, 0, 0, 0, 0, 0, 0, 0, 0, 0, 0, 0, 0, 0, 0, 0, 712
"c:\Users\Marlowe\Desktop\ProjectBible\external-repos\americas-public-bible\scriptures\raw\jps\Judges.json", "JSON", 0, 0, 666, 0, 0, 0, 0, 0, 0, 0, 0, 0, 0, 0, 0, 0, 0, 0, 0, 0, 0, 0, 0, 0, 0, 0, 0, 0, 0, 0, 0, 0, 0, 0, 0, 0, 0, 0, 0, 0, 666
"c:\Users\Marlowe\Desktop\ProjectBible\external-repos\americas-public-bible\scriptures\raw\jps\Lamentations.json", "JSON", 0, 0, 170, 0, 0, 0, 0, 0, 0, 0, 0, 0, 0, 0, 0, 0, 0, 0, 0, 0, 0, 0, 0, 0, 0, 0, 0, 0, 0, 0, 0, 0, 0, 0, 0, 0, 0, 0, 0, 0, 170
"c:\Users\Marlowe\Desktop\ProjectBible\external-repos\americas-public-bible\scriptures\raw\jps\Leviticus.json", "JSON", 0, 0, 919, 0, 0, 0, 0, 0, 0, 0, 0, 0, 0, 0, 0, 0, 0, 0, 0, 0, 0, 0, 0, 0, 0, 0, 0, 0, 0, 0, 0, 0, 0, 0, 0, 0, 0, 0, 0, 0, 919
"c:\Users\Marlowe\Desktop\ProjectBible\external-repos\americas-public-bible\scriptures\raw\jps\Malachi.json", "JSON", 0, 0, 67, 0, 0, 0, 0, 0, 0, 0, 0, 0, 0, 0, 0, 0, 0, 0, 0, 0, 0, 0, 0, 0, 0, 0, 0, 0, 0, 0, 0, 0, 0, 0, 0, 0, 0, 0, 0, 0, 67
"c:\Users\Marlowe\Desktop\ProjectBible\external-repos\americas-public-bible\scriptures\raw\jps\Micah.json", "JSON", 0, 0, 125, 0, 0, 0, 0, 0, 0, 0, 0, 0, 0, 0, 0, 0, 0, 0, 0, 0, 0, 0, 0, 0, 0, 0, 0, 0, 0, 0, 0, 0, 0, 0, 0, 0, 0, 0, 0, 0, 125
"c:\Users\Marlowe\Desktop\ProjectBible\external-repos\americas-public-bible\scriptures\raw\jps\Nahum.json", "JSON", 0, 0, 59, 0, 0, 0, 0, 0, 0, 0, 0, 0, 0, 0, 0, 0, 0, 0, 0, 0, 0, 0, 0, 0, 0, 0, 0, 0, 0, 0, 0, 0, 0, 0, 0, 0, 0, 0, 0, 0, 59
"c:\Users\Marlowe\Desktop\ProjectBible\external-repos\americas-public-bible\scriptures\raw\jps\Nehemiah.json", "JSON", 0, 0, 437, 0, 0, 0, 0, 0, 0, 0, 0, 0, 0, 0, 0, 0, 0, 0, 0, 0, 0, 0, 0, 0, 0, 0, 0, 0, 0, 0, 0, 0, 0, 0, 0, 0, 0, 0, 0, 0, 437
"c:\Users\Marlowe\Desktop\ProjectBible\external-repos\americas-public-bible\scriptures\raw\jps\Numbers.json", "JSON", 0, 0, 1366, 0, 0, 0, 0, 0, 0, 0, 0, 0, 0, 0, 0, 0, 0, 0, 0, 0, 0, 0, 0, 0, 0, 0, 0, 0, 0, 0, 0, 0, 0, 0, 0, 0, 0, 0, 0, 0, 1366
"c:\Users\Marlowe\Desktop\ProjectBible\external-repos\americas-public-bible\scriptures\raw\jps\Obadiah.json", "JSON", 0, 0, 29, 0, 0, 0, 0, 0, 0, 0, 0, 0, 0, 0, 0, 0, 0, 0, 0, 0, 0, 0, 0, 0, 0, 0, 0, 0, 0, 0, 0, 0, 0, 0, 0, 0, 0, 0, 0, 0, 29
"c:\Users\Marlowe\Desktop\ProjectBible\external-repos\americas-public-bible\scriptures\raw\jps\Proverbs.json", "JSON", 0, 0, 983, 0, 0, 0, 0, 0, 0, 0, 0, 0, 0, 0, 0, 0, 0, 0, 0, 0, 0, 0, 0, 0, 0, 0, 0, 0, 0, 0, 0, 0, 0, 0, 0, 0, 0, 0, 0, 0, 983
"c:\Users\Marlowe\Desktop\ProjectBible\external-repos\americas-public-bible\scriptures\raw\jps\Psalms.json", "JSON", 0, 0, 2833, 0, 0, 0, 0, 0, 0, 0, 0, 0, 0, 0, 0, 0, 0, 0, 0, 0, 0, 0, 0, 0, 0, 0, 0, 0, 0, 0, 0, 0, 0, 0, 0, 0, 0, 0, 0, 0, 2833
"c:\Users\Marlowe\Desktop\ProjectBible\external-repos\americas-public-bible\scriptures\raw\jps\Ruth.json", "JSON", 0, 0, 99, 0, 0, 0, 0, 0, 0, 0, 0, 0, 0, 0, 0, 0, 0, 0, 0, 0, 0, 0, 0, 0, 0, 0, 0, 0, 0, 0, 0, 0, 0, 0, 0, 0, 0, 0, 0, 0, 99
"c:\Users\Marlowe\Desktop\ProjectBible\external-repos\americas-public-bible\scriptures\raw\jps\Song of Songs.json", "JSON", 0, 0, 139, 0, 0, 0, 0, 0, 0, 0, 0, 0, 0, 0, 0, 0, 0, 0, 0, 0, 0, 0, 0, 0, 0, 0, 0, 0, 0, 0, 0, 0, 0, 0, 0, 0, 0, 0, 0, 0, 139
"c:\Users\Marlowe\Desktop\ProjectBible\external-repos\americas-public-bible\scriptures\raw\jps\Zechariah.json", "JSON", 0, 0, 245, 0, 0, 0, 0, 0, 0, 0, 0, 0, 0, 0, 0, 0, 0, 0, 0, 0, 0, 0, 0, 0, 0, 0, 0, 0, 0, 0, 0, 0, 0, 0, 0, 0, 0, 0, 0, 0, 245
"c:\Users\Marlowe\Desktop\ProjectBible\external-repos\americas-public-bible\scriptures\raw\jps\Zephaniah.json", "JSON", 0, 0, 65, 0, 0, 0, 0, 0, 0, 0, 0, 0, 0, 0, 0, 0, 0, 0, 0, 0, 0, 0, 0, 0, 0, 0, 0, 0, 0, 0, 0, 0, 0, 0, 0, 0, 0, 0, 0, 0, 65
"c:\Users\Marlowe\Desktop\ProjectBible\external-repos\americas-public-bible\scriptures\raw\lds\lds-scriptures.csv", "CSV", 0, 0, 0, 0, 0, 0, 0, 0, 0, 0, 0, 0, 0, 0, 0, 0, 0, 0, 0, 0, 0, 0, 0, 0, 0, 0, 0, 0, 0, 0, 0, 0, 0, 0, 42830, 0, 0, 0, 0, 1, 42831
"c:\Users\Marlowe\Desktop\ProjectBible\external-repos\americas-public-bible\verse-explorer\README.md", "Markdown", 2, 0, 0, 0, 0, 0, 0, 0, 0, 0, 0, 0, 0, 0, 0, 0, 0, 0, 0, 0, 0, 0, 0, 0, 0, 0, 0, 0, 0, 0, 0, 0, 0, 0, 0, 0, 0, 0, 0, 3, 5
"c:\Users\Marlowe\Desktop\ProjectBible\external-repos\americas-public-bible\verse-explorer\global.R", "R", 0, 0, 0, 0, 0, 0, 0, 0, 0, 0, 0, 0, 0, 0, 0, 0, 0, 0, 0, 0, 0, 0, 0, 0, 0, 0, 0, 0, 0, 0, 0, 0, 0, 0, 0, 0, 5, 0, 0, 2, 7
"c:\Users\Marlowe\Desktop\ProjectBible\external-repos\americas-public-bible\verse-explorer\server.R", "R", 0, 0, 0, 0, 0, 0, 0, 0, 0, 0, 0, 0, 0, 0, 0, 0, 0, 0, 0, 0, 0, 0, 0, 0, 0, 0, 0, 0, 0, 0, 0, 0, 0, 0, 0, 0, 281, 0, 0, 32, 313
"c:\Users\Marlowe\Desktop\ProjectBible\external-repos\americas-public-bible\verse-explorer\ui.R", "R", 0, 0, 0, 0, 0, 0, 0, 0, 0, 0, 0, 0, 0, 0, 0, 0, 0, 0, 0, 0, 0, 0, 0, 0, 0, 0, 0, 0, 0, 0, 0, 0, 0, 0, 0, 0, 48, 0, 0, 3, 51
"c:\Users\Marlowe\Desktop\ProjectBible\external-repos\americas-public-bible\verse-explorer\www\bootstrap.min.css", "PostCSS", 0, 0, 0, 0, 0, 0, 0, 0, 0, 0, 0, 0, 0, 0, 0, 0, 0, 0, 0, 8, 0, 0, 0, 0, 0, 0, 0, 0, 0, 0, 0, 0, 0, 0, 0, 0, 0, 0, 3, 0, 11
"c:\Users\Marlowe\Desktop\ProjectBible\external-repos\americas-public-bible\verse-explorer\www\dygraph-resize.js", "JavaScript", 0, 0, 0, 0, 0, 0, 0, 0, 0, 0, 0, 0, 0, 1, 0, 0, 0, 0, 0, 0, 0, 0, 0, 0, 0, 0, 0, 0, 0, 0, 0, 0, 0, 0, 0, 0, 0, 0, 0, 1, 2
"c:\Users\Marlowe\Desktop\ProjectBible\external-repos\americas-public-bible\verse-explorer\www\iframeResizer.contentWindow.min.js", "JavaScript", 0, 0, 0, 0, 0, 0, 0, 0, 0, 0, 0, 0, 0, 1, 0, 0, 0, 0, 0, 0, 0, 0, 0, 0, 0, 0, 0, 0, 0, 0, 0, 0, 0, 0, 0, 0, 0, 0, 8, 1, 10
"c:\Users\Marlowe\Desktop\ProjectBible\external-repos\americas-public-bible\verse-explorer\www\style.css", "PostCSS", 0, 0, 0, 0, 0, 0, 0, 0, 0, 0, 0, 0, 0, 0, 0, 0, 0, 0, 0, 29, 0, 0, 0, 0, 0, 0, 0, 0, 0, 0, 0, 0, 0, 0, 0, 0, 0, 0, 1, 9, 39
"c:\Users\Marlowe\Desktop\ProjectBible\external-repos\americas-public-bible\website\.eslintrc.js", "JavaScript", 0, 0, 0, 0, 0, 0, 0, 0, 0, 0, 0, 0, 0, 18, 0, 0, 0, 0, 0, 0, 0, 0, 0, 0, 0, 0, 0, 0, 0, 0, 0, 0, 0, 0, 0, 0, 0, 0, 0, 1, 19
"c:\Users\Marlowe\Desktop\ProjectBible\external-repos\americas-public-bible\website\Makefile", "Makefile", 0, 0, 0, 0, 0, 0, 0, 0, 0, 0, 0, 0, 15, 0, 0, 0, 0, 0, 0, 0, 0, 0, 0, 0, 0, 0, 0, 0, 0, 0, 0, 0, 0, 0, 0, 0, 0, 0, 0, 3, 18
"c:\Users\Marlowe\Desktop\ProjectBible\external-repos\americas-public-bible\website\README.md", "Markdown", 20, 0, 0, 0, 0, 0, 0, 0, 0, 0, 0, 0, 0, 0, 0, 0, 0, 0, 0, 0, 0, 0, 0, 0, 0, 0, 0, 0, 0, 0, 0, 0, 0, 0, 0, 0, 0, 0, 0, 12, 32
"c:\Users\Marlowe\Desktop\ProjectBible\external-repos\americas-public-bible\website\archetypes\default.md", "Markdown", 5, 0, 0, 0, 0, 0, 0, 0, 0, 0, 0, 0, 0, 0, 0, 0, 0, 0, 0, 0, 0, 0, 0, 0, 0, 0, 0, 0, 0, 0, 0, 0, 0, 0, 0, 0, 0, 0, 0, 2, 7
"c:\Users\Marlowe\Desktop\ProjectBible\external-repos\americas-public-bible\website\assets\css\foundation.css", "PostCSS", 0, 0, 0, 0, 0, 0, 0, 0, 0, 0, 0, 0, 0, 0, 0, 0, 0, 0, 0, 5150, 0, 0, 0, 0, 0, 0, 0, 0, 0, 0, 0, 0, 0, 0, 0, 0, 0, 0, 8, 431, 5589
"c:\Users\Marlowe\Desktop\ProjectBible\external-repos\americas-public-bible\website\assets\css\main.css", "PostCSS", 0, 0, 0, 0, 0, 0, 0, 0, 0, 0, 0, 0, 0, 0, 0, 0, 0, 0, 0, 369, 0, 0, 0, 0, 0, 0, 0, 0, 0, 0, 0, 0, 0, 0, 0, 0, 0, 0, 26, 87, 482
"c:\Users\Marlowe\Desktop\ProjectBible\external-repos\americas-public-bible\website\assets\css\selectize.css", "PostCSS", 0, 0, 0, 0, 0, 0, 0, 0, 0, 0, 0, 0, 0, 0, 0, 0, 0, 0, 0, 316, 0, 0, 0, 0, 0, 0, 0, 0, 0, 0, 0, 0, 0, 0, 0, 0, 0, 0, 16, 2, 334
"c:\Users\Marlowe\Desktop\ProjectBible\external-repos\americas-public-bible\website\assets\js\foundation.min.js", "JavaScript", 0, 0, 0, 0, 0, 0, 0, 0, 0, 0, 0, 0, 0, 8243, 0, 0, 0, 0, 0, 0, 0, 0, 0, 0, 0, 0, 0, 0, 0, 0, 0, 0, 0, 0, 0, 0, 0, 0, 0, 2, 8245
"c:\Users\Marlowe\Desktop\ProjectBible\external-repos\americas-public-bible\website\assets\js\jquery.min.js", "JavaScript", 0, 0, 0, 0, 0, 0, 0, 0, 0, 0, 0, 0, 0, 1, 0, 0, 0, 0, 0, 0, 0, 0, 0, 0, 0, 0, 0, 0, 0, 0, 0, 0, 0, 0, 0, 0, 0, 0, 1, 1, 3
"c:\Users\Marlowe\Desktop\ProjectBible\external-repos\americas-public-bible\website\assets\js\selectize.min.js", "JavaScript", 0, 0, 0, 0, 0, 0, 0, 0, 0, 0, 0, 0, 0, 2, 0, 0, 0, 0, 0, 0, 0, 0, 0, 0, 0, 0, 0, 0, 0, 0, 0, 0, 0, 0, 0, 0, 0, 0, 1, 1, 4
"c:\Users\Marlowe\Desktop\ProjectBible\external-repos\americas-public-bible\website\assets\viz\bible-borrowings\bible-borrowings.js", "JavaScript", 0, 0, 0, 0, 0, 0, 0, 0, 0, 0, 0, 0, 0, 133, 0, 0, 0, 0, 0, 0, 0, 0, 0, 0, 0, 0, 0, 0, 0, 0, 0, 0, 0, 0, 0, 0, 0, 0, 2, 26, 161
"c:\Users\Marlowe\Desktop\ProjectBible\external-repos\americas-public-bible\website\assets\viz\bible-borrowings\main.js", "JavaScript", 0, 0, 0, 0, 0, 0, 0, 0, 0, 0, 0, 0, 0, 11, 0, 0, 0, 0, 0, 0, 0, 0, 0, 0, 0, 0, 0, 0, 0, 0, 0, 0, 0, 0, 0, 0, 0, 0, 0, 3, 14
"c:\Users\Marlowe\Desktop\ProjectBible\external-repos\americas-public-bible\website\assets\viz\bible-borrowings\style.css", "PostCSS", 0, 0, 0, 0, 0, 0, 0, 0, 0, 0, 0, 0, 0, 0, 0, 0, 0, 0, 0, 0, 0, 0, 0, 0, 0, 0, 0, 0, 0, 0, 0, 0, 0, 0, 0, 0, 0, 0, 1, 1, 2
"c:\Users\Marlowe\Desktop\ProjectBible\external-repos\americas-public-bible\website\assets\viz\bible-trend\bible-trend.js", "JavaScript", 0, 0, 0, 0, 0, 0, 0, 0, 0, 0, 0, 0, 0, 175, 0, 0, 0, 0, 0, 0, 0, 0, 0, 0, 0, 0, 0, 0, 0, 0, 0, 0, 0, 0, 0, 0, 0, 0, 23, 28, 226
"c:\Users\Marlowe\Desktop\ProjectBible\external-repos\americas-public-bible\website\assets\viz\bible-trend\main.js", "JavaScript", 0, 0, 0, 0, 0, 0, 0, 0, 0, 0, 0, 0, 0, 11, 0, 0, 0, 0, 0, 0, 0, 0, 0, 0, 0, 0, 0, 0, 0, 0, 0, 0, 0, 0, 0, 0, 0, 0, 0, 3, 14
"c:\Users\Marlowe\Desktop\ProjectBible\external-repos\americas-public-bible\website\assets\viz\common\alert.js", "JavaScript", 0, 0, 0, 0, 0, 0, 0, 0, 0, 0, 0, 0, 0, 15, 0, 0, 0, 0, 0, 0, 0, 0, 0, 0, 0, 0, 0, 0, 0, 0, 0, 0, 0, 0, 0, 0, 0, 0, 0, 3, 18
"c:\Users\Marlowe\Desktop\ProjectBible\external-repos\americas-public-bible\website\assets\viz\common\color-scale.js", "JavaScript", 0, 0, 0, 0, 0, 0, 0, 0, 0, 0, 0, 0, 0, 5, 0, 0, 0, 0, 0, 0, 0, 0, 0, 0, 0, 0, 0, 0, 0, 0, 0, 0, 0, 0, 0, 0, 0, 0, 0, 3, 8
"c:\Users\Marlowe\Desktop\ProjectBible\external-repos\americas-public-bible\website\assets\viz\common\display.js", "JavaScript", 0, 0, 0, 0, 0, 0, 0, 0, 0, 0, 0, 0, 0, 31, 0, 0, 0, 0, 0, 0, 0, 0, 0, 0, 0, 0, 0, 0, 0, 0, 0, 0, 0, 0, 0, 0, 0, 0, 3, 8, 42
"c:\Users\Marlowe\Desktop\ProjectBible\external-repos\americas-public-bible\website\assets\viz\common\dom-id.js", "JavaScript", 0, 0, 0, 0, 0, 0, 0, 0, 0, 0, 0, 0, 0, 4, 0, 0, 0, 0, 0, 0, 0, 0, 0, 0, 0, 0, 0, 0, 0, 0, 0, 0, 0, 0, 0, 0, 0, 0, 0, 1, 5
"c:\Users\Marlowe\Desktop\ProjectBible\external-repos\americas-public-bible\website\assets\viz\common\index-item.js", "JavaScript", 0, 0, 0, 0, 0, 0, 0, 0, 0, 0, 0, 0, 0, 51, 0, 0, 0, 0, 0, 0, 0, 0, 0, 0, 0, 0, 0, 0, 0, 0, 0, 0, 0, 0, 0, 0, 0, 0, 0, 7, 58
"c:\Users\Marlowe\Desktop\ProjectBible\external-repos\americas-public-bible\website\assets\viz\common\random-int.js", "JavaScript", 0, 0, 0, 0, 0, 0, 0, 0, 0, 0, 0, 0, 0, 3, 0, 0, 0, 0, 0, 0, 0, 0, 0, 0, 0, 0, 0, 0, 0, 0, 0, 0, 0, 0, 0, 0, 0, 0, 0, 2, 5
"c:\Users\Marlowe\Desktop\ProjectBible\external-repos\americas-public-bible\website\assets\viz\common\text.js", "JavaScript", 0, 0, 0, 0, 0, 0, 0, 0, 0, 0, 0, 0, 0, 197, 0, 0, 0, 0, 0, 0, 0, 0, 0, 0, 0, 0, 0, 0, 0, 0, 0, 0, 0, 0, 0, 0, 0, 0, 1, 2, 200
"c:\Users\Marlowe\Desktop\ProjectBible\external-repos\americas-public-bible\website\assets\viz\common\verse-sparkline.js", "JavaScript", 0, 0, 0, 0, 0, 0, 0, 0, 0, 0, 0, 0, 0, 67, 0, 0, 0, 0, 0, 0, 0, 0, 0, 0, 0, 0, 0, 0, 0, 0, 0, 0, 0, 0, 0, 0, 0, 0, 1, 14, 82
"c:\Users\Marlowe\Desktop\ProjectBible\external-repos\americas-public-bible\website\assets\viz\common\visualization.js", "JavaScript", 0, 0, 0, 0, 0, 0, 0, 0, 0, 0, 0, 0, 0, 33, 0, 0, 0, 0, 0, 0, 0, 0, 0, 0, 0, 0, 0, 0, 0, 0, 0, 0, 0, 0, 0, 0, 0, 0, 6, 6, 45
"c:\Users\Marlowe\Desktop\ProjectBible\external-repos\americas-public-bible\website\assets\viz\config.js", "JavaScript", 0, 0, 0, 0, 0, 0, 0, 0, 0, 0, 0, 0, 0, 6, 0, 0, 0, 0, 0, 0, 0, 0, 0, 0, 0, 0, 0, 0, 0, 0, 0, 0, 0, 0, 0, 0, 0, 0, 1, 1, 8
"c:\Users\Marlowe\Desktop\ProjectBible\external-repos\americas-public-bible\website\assets\viz\index\main.js", "JavaScript", 0, 0, 0, 0, 0, 0, 0, 0, 0, 0, 0, 0, 0, 17, 0, 0, 0, 0, 0, 0, 0, 0, 0, 0, 0, 0, 0, 0, 0, 0, 0, 0, 0, 0, 0, 0, 0, 0, 0, 3, 20
"c:\Users\Marlowe\Desktop\ProjectBible\external-repos\americas-public-bible\website\assets\viz\small-multiples\main.js", "JavaScript", 0, 0, 0, 0, 0, 0, 0, 0, 0, 0, 0, 0, 0, 44, 0, 0, 0, 0, 0, 0, 0, 0, 0, 0, 0, 0, 0, 0, 0, 0, 0, 0, 0, 0, 0, 0, 0, 0, 0, 9, 53
"c:\Users\Marlowe\Desktop\ProjectBible\external-repos\americas-public-bible\website\assets\viz\small-multiples\style.css", "PostCSS", 0, 0, 0, 0, 0, 0, 0, 0, 0, 0, 0, 0, 0, 0, 0, 0, 0, 0, 0, 7, 0, 0, 0, 0, 0, 0, 0, 0, 0, 0, 0, 0, 0, 0, 0, 0, 0, 0, 0, 2, 9
"c:\Users\Marlowe\Desktop\ProjectBible\external-repos\americas-public-bible\website\assets\viz\verse-figure\main.js", "JavaScript", 0, 0, 0, 0, 0, 0, 0, 0, 0, 0, 0, 0, 0, 10, 0, 0, 0, 0, 0, 0, 0, 0, 0, 0, 0, 0, 0, 0, 0, 0, 0, 0, 0, 0, 0, 0, 0, 0, 0, 3, 13
"c:\Users\Marlowe\Desktop\ProjectBible\external-repos\americas-public-bible\website\assets\viz\verse-history-viewer\main.js", "JavaScript", 0, 0, 0, 0, 0, 0, 0, 0, 0, 0, 0, 0, 0, 4, 0, 0, 0, 0, 0, 0, 0, 0, 0, 0, 0, 0, 0, 0, 0, 0, 0, 0, 0, 0, 0, 0, 0, 0, 2, 3, 9
"c:\Users\Marlowe\Desktop\ProjectBible\external-repos\americas-public-bible\website\assets\viz\verse-history-viewer\simple-trend.js", "JavaScript", 0, 0, 0, 0, 0, 0, 0, 0, 0, 0, 0, 0, 0, 75, 0, 0, 0, 0, 0, 0, 0, 0, 0, 0, 0, 0, 0, 0, 0, 0, 0, 0, 0, 0, 0, 0, 0, 0, 4, 6, 85
"c:\Users\Marlowe\Desktop\ProjectBible\external-repos\americas-public-bible\website\assets\viz\verse-index\biblical-order.js", "JavaScript", 0, 0, 0, 0, 0, 0, 0, 0, 0, 0, 0, 0, 0, 17, 0, 0, 0, 0, 0, 0, 0, 0, 0, 0, 0, 0, 0, 0, 0, 0, 0, 0, 0, 0, 0, 0, 0, 0, 0, 3, 20
"c:\Users\Marlowe\Desktop\ProjectBible\external-repos\americas-public-bible\website\assets\viz\verse-index\chronological-order.js", "JavaScript", 0, 0, 0, 0, 0, 0, 0, 0, 0, 0, 0, 0, 0, 12, 0, 0, 0, 0, 0, 0, 0, 0, 0, 0, 0, 0, 0, 0, 0, 0, 0, 0, 0, 0, 0, 0, 0, 0, 0, 3, 15
"c:\Users\Marlowe\Desktop\ProjectBible\external-repos\americas-public-bible\website\assets\viz\verse-index\most-quoted.js", "JavaScript", 0, 0, 0, 0, 0, 0, 0, 0, 0, 0, 0, 0, 0, 12, 0, 0, 0, 0, 0, 0, 0, 0, 0, 0, 0, 0, 0, 0, 0, 0, 0, 0, 0, 0, 0, 0, 0, 0, 0, 3, 15
"c:\Users\Marlowe\Desktop\ProjectBible\external-repos\americas-public-bible\website\assets\viz\verse-index\style.css", "PostCSS", 0, 0, 0, 0, 0, 0, 0, 0, 0, 0, 0, 0, 0, 0, 0, 0, 0, 0, 0, 5, 0, 0, 0, 0, 0, 0, 0, 0, 0, 0, 0, 0, 0, 0, 0, 0, 0, 0, 0, 1, 6
"c:\Users\Marlowe\Desktop\ProjectBible\external-repos\americas-public-bible\website\assets\viz\verse-viewer\main.js", "JavaScript", 0, 0, 0, 0, 0, 0, 0, 0, 0, 0, 0, 0, 0, 34, 0, 0, 0, 0, 0, 0, 0, 0, 0, 0, 0, 0, 0, 0, 0, 0, 0, 0, 0, 0, 0, 0, 0, 0, 0, 4, 38
"c:\Users\Marlowe\Desktop\ProjectBible\external-repos\americas-public-bible\website\assets\viz\verse-viewer\style.css", "PostCSS", 0, 0, 0, 0, 0, 0, 0, 0, 0, 0, 0, 0, 0, 0, 0, 0, 0, 0, 0, 40, 0, 0, 0, 0, 0, 0, 0, 0, 0, 0, 0, 0, 0, 0, 0, 0, 0, 0, 0, 6, 46
"c:\Users\Marlowe\Desktop\ProjectBible\external-repos\americas-public-bible\website\assets\viz\verse-viewer\verse-display.js", "JavaScript", 0, 0, 0, 0, 0, 0, 0, 0, 0, 0, 0, 0, 0, 40, 0, 0, 0, 0, 0, 0, 0, 0, 0, 0, 0, 0, 0, 0, 0, 0, 0, 0, 0, 0, 0, 0, 0, 0, 0, 6, 46
"c:\Users\Marlowe\Desktop\ProjectBible\external-repos\americas-public-bible\website\assets\viz\verse-viewer\verse-quotations.js", "JavaScript", 0, 0, 0, 0, 0, 0, 0, 0, 0, 0, 0, 0, 0, 65, 0, 0, 0, 0, 0, 0, 0, 0, 0, 0, 0, 0, 0, 0, 0, 0, 0, 0, 0, 0, 0, 0, 0, 0, 1, 11, 77
"c:\Users\Marlowe\Desktop\ProjectBible\external-repos\americas-public-bible\website\assets\viz\verse-viewer\verse-trend.js", "JavaScript", 0, 0, 0, 0, 0, 0, 0, 0, 0, 0, 0, 0, 0, 204, 0, 0, 0, 0, 0, 0, 0, 0, 0, 0, 0, 0, 0, 0, 0, 0, 0, 0, 0, 0, 0, 0, 0, 0, 15, 33, 252
"c:\Users\Marlowe\Desktop\ProjectBible\external-repos\americas-public-bible\website\config.yaml", "YAML", 0, 0, 0, 0, 24, 0, 0, 0, 0, 0, 0, 0, 0, 0, 0, 0, 0, 0, 0, 0, 0, 0, 0, 0, 0, 0, 0, 0, 0, 0, 0, 0, 0, 0, 0, 0, 0, 0, 0, 5, 29
"c:\Users\Marlowe\Desktop\ProjectBible\external-repos\americas-public-bible\website\content\_index.md", "Markdown", 11, 0, 0, 0, 0, 0, 0, 0, 0, 0, 0, 0, 0, 0, 0, 0, 0, 0, 0, 0, 0, 0, 0, 0, 0, 0, 0, 0, 0, 0, 0, 0, 0, 0, 0, 0, 0, 0, 0, 3, 14
"c:\Users\Marlowe\Desktop\ProjectBible\external-repos\americas-public-bible\website\content\about-the-author.md", "Markdown", 3, 0, 0, 0, 0, 0, 0, 0, 0, 0, 0, 0, 0, 0, 0, 0, 0, 0, 0, 0, 0, 0, 0, 0, 0, 0, 0, 0, 0, 0, 0, 0, 0, 0, 0, 0, 0, 0, 0, 2, 5
"c:\Users\Marlowe\Desktop\ProjectBible\external-repos\americas-public-bible\website\content\acknowledgements.md", "Markdown", 12, 0, 0, 0, 0, 0, 0, 0, 0, 0, 0, 0, 0, 0, 0, 0, 0, 0, 0, 0, 0, 0, 0, 0, 0, 0, 0, 0, 0, 0, 0, 0, 0, 0, 0, 0, 0, 0, 0, 10, 22
"c:\Users\Marlowe\Desktop\ProjectBible\external-repos\americas-public-bible\website\content\appendix.md", "Markdown", 9, 0, 0, 0, 0, 0, 0, 0, 0, 0, 0, 0, 0, 0, 0, 0, 0, 0, 0, 0, 0, 0, 0, 0, 0, 0, 0, 0, 0, 0, 0, 0, 0, 0, 0, 0, 0, 0, 0, 7, 16
"c:\Users\Marlowe\Desktop\ProjectBible\external-repos\americas-public-bible\website\content\biblical-order.html", "HTML", 0, 0, 0, 0, 0, 9, 0, 0, 0, 0, 0, 0, 0, 0, 0, 0, 0, 0, 0, 0, 0, 0, 0, 0, 0, 0, 0, 0, 0, 0, 0, 0, 0, 0, 0, 0, 0, 0, 0, 3, 12
"c:\Users\Marlowe\Desktop\ProjectBible\external-repos\americas-public-bible\website\content\chronological-order.html", "HTML", 0, 0, 0, 0, 0, 9, 0, 0, 0, 0, 0, 0, 0, 0, 0, 0, 0, 0, 0, 0, 0, 0, 0, 0, 0, 0, 0, 0, 0, 0, 0, 0, 0, 0, 0, 0, 0, 0, 0, 3, 12
"c:\Users\Marlowe\Desktop\ProjectBible\external-repos\americas-public-bible\website\content\essay\bibliography\index.md", "Markdown", 85, 0, 0, 0, 0, 0, 0, 0, 0, 0, 0, 0, 0, 0, 0, 0, 0, 0, 0, 0, 0, 0, 0, 0, 0, 0, 0, 0, 0, 0, 0, 0, 0, 0, 0, 0, 0, 0, 0, 81, 166
"c:\Users\Marlowe\Desktop\ProjectBible\external-repos\americas-public-bible\website\content\essay\introduction\index.md", "Markdown", 154, 0, 0, 0, 0, 0, 0, 0, 0, 0, 0, 0, 0, 0, 0, 0, 0, 0, 0, 0, 0, 0, 0, 0, 0, 0, 0, 0, 0, 0, 0, 0, 0, 0, 0, 0, 0, 0, 0, 150, 304
"c:\Users\Marlowe\Desktop\ProjectBible\external-repos\americas-public-bible\website\content\essay\methods\index.md", "Markdown", 106, 0, 0, 0, 0, 0, 0, 0, 0, 0, 0, 0, 0, 0, 0, 0, 0, 0, 0, 0, 0, 0, 0, 0, 0, 0, 0, 0, 0, 0, 0, 0, 0, 0, 0, 0, 0, 0, 0, 71, 177
"c:\Users\Marlowe\Desktop\ProjectBible\external-repos\americas-public-bible\website\content\essay\most-quoted\index.md", "Markdown", 79, 0, 0, 0, 0, 0, 0, 0, 0, 0, 0, 0, 0, 0, 0, 0, 0, 0, 0, 0, 0, 0, 0, 0, 0, 0, 0, 0, 0, 0, 0, 0, 0, 0, 0, 0, 0, 0, 0, 75, 154
"c:\Users\Marlowe\Desktop\ProjectBible\external-repos\americas-public-bible\website\content\essay\preface\index.md", "Markdown", 21, 0, 0, 0, 0, 0, 0, 0, 0, 0, 0, 0, 0, 0, 0, 0, 0, 0, 0, 0, 0, 0, 0, 0, 0, 0, 0, 0, 0, 0, 0, 0, 0, 0, 0, 0, 0, 0, 0, 18, 39
"c:\Users\Marlowe\Desktop\ProjectBible\external-repos\americas-public-bible\website\content\essay\super-pages\index.md", "Markdown", 47, 0, 0, 0, 0, 0, 0, 0, 0, 0, 0, 0, 0, 0, 0, 0, 0, 0, 0, 0, 0, 0, 0, 0, 0, 0, 0, 0, 0, 0, 0, 0, 0, 0, 0, 0, 0, 0, 0, 43, 90
"c:\Users\Marlowe\Desktop\ProjectBible\external-repos\americas-public-bible\website\content\gallery\_index.md", "Markdown", 7, 0, 0, 0, 0, 0, 0, 0, 0, 0, 0, 0, 0, 0, 0, 0, 0, 0, 0, 0, 0, 0, 0, 0, 0, 0, 0, 0, 0, 0, 0, 0, 0, 0, 0, 0, 0, 0, 0, 4, 11
"c:\Users\Marlowe\Desktop\ProjectBible\external-repos\americas-public-bible\website\content\gallery\bible-box\index.md", "Markdown", 12, 0, 0, 0, 0, 0, 0, 0, 0, 0, 0, 0, 0, 0, 0, 0, 0, 0, 0, 0, 0, 0, 0, 0, 0, 0, 0, 0, 0, 0, 0, 0, 0, 0, 0, 0, 0, 0, 0, 2, 14
"c:\Users\Marlowe\Desktop\ProjectBible\external-repos\americas-public-bible\website\content\gallery\bitter-cup\index.md", "Markdown", 12, 0, 0, 0, 0, 0, 0, 0, 0, 0, 0, 0, 0, 0, 0, 0, 0, 0, 0, 0, 0, 0, 0, 0, 0, 0, 0, 0, 0, 0, 0, 0, 0, 0, 0, 0, 0, 0, 0, 2, 14
"c:\Users\Marlowe\Desktop\ProjectBible\external-repos\americas-public-bible\website\content\gallery\body-building\index.md", "Markdown", 12, 0, 0, 0, 0, 0, 0, 0, 0, 0, 0, 0, 0, 0, 0, 0, 0, 0, 0, 0, 0, 0, 0, 0, 0, 0, 0, 0, 0, 0, 0, 0, 0, 0, 0, 0, 0, 0, 0, 2, 14
"c:\Users\Marlowe\Desktop\ProjectBible\external-repos\americas-public-bible\website\content\gallery\christianity-against-imperialism\index.md", "Markdown", 12, 0, 0, 0, 0, 0, 0, 0, 0, 0, 0, 0, 0, 0, 0, 0, 0, 0, 0, 0, 0, 0, 0, 0, 0, 0, 0, 0, 0, 0, 0, 0, 0, 0, 0, 0, 0, 0, 0, 2, 14
"c:\Users\Marlowe\Desktop\ProjectBible\external-repos\americas-public-bible\website\content\gallery\christmas\index.md", "Markdown", 12, 0, 0, 0, 0, 0, 0, 0, 0, 0, 0, 0, 0, 0, 0, 0, 0, 0, 0, 0, 0, 0, 0, 0, 0, 0, 0, 0, 0, 0, 0, 0, 0, 0, 0, 0, 0, 0, 0, 2, 14
"c:\Users\Marlowe\Desktop\ProjectBible\external-repos\americas-public-bible\website\content\gallery\domestic-violence\index.md", "Markdown", 12, 0, 0, 0, 0, 0, 0, 0, 0, 0, 0, 0, 0, 0, 0, 0, 0, 0, 0, 0, 0, 0, 0, 0, 0, 0, 0, 0, 0, 0, 0, 0, 0, 0, 0, 0, 0, 0, 0, 3, 15
"c:\Users\Marlowe\Desktop\ProjectBible\external-repos\americas-public-bible\website\content\gallery\faithful-jack\index.md", "Markdown", 16, 0, 0, 0, 0, 0, 0, 0, 0, 0, 0, 0, 0, 0, 0, 0, 0, 0, 0, 0, 0, 0, 0, 0, 0, 0, 0, 0, 0, 0, 0, 0, 0, 0, 0, 0, 0, 0, 0, 2, 18
"c:\Users\Marlowe\Desktop\ProjectBible\external-repos\americas-public-bible\website\content\gallery\fill-in-the-blanks\index.md", "Markdown", 12, 0, 0, 0, 0, 0, 0, 0, 0, 0, 0, 0, 0, 0, 0, 0, 0, 0, 0, 0, 0, 0, 0, 0, 0, 0, 0, 0, 0, 0, 0, 0, 0, 0, 0, 0, 0, 0, 0, 2, 14
"c:\Users\Marlowe\Desktop\ProjectBible\external-repos\americas-public-bible\website\content\gallery\good-samaritan\index.md", "Markdown", 12, 0, 0, 0, 0, 0, 0, 0, 0, 0, 0, 0, 0, 0, 0, 0, 0, 0, 0, 0, 0, 0, 0, 0, 0, 0, 0, 0, 0, 0, 0, 0, 0, 0, 0, 0, 0, 0, 0, 2, 14
"c:\Users\Marlowe\Desktop\ProjectBible\external-repos\americas-public-bible\website\content\gallery\greater-love\index.md", "Markdown", 12, 0, 0, 0, 0, 0, 0, 0, 0, 0, 0, 0, 0, 0, 0, 0, 0, 0, 0, 0, 0, 0, 0, 0, 0, 0, 0, 0, 0, 0, 0, 0, 0, 0, 0, 0, 0, 0, 0, 2, 14
"c:\Users\Marlowe\Desktop\ProjectBible\external-repos\americas-public-bible\website\content\gallery\johnson-thanksgiving\index.md", "Markdown", 12, 0, 0, 0, 0, 0, 0, 0, 0, 0, 0, 0, 0, 0, 0, 0, 0, 0, 0, 0, 0, 0, 0, 0, 0, 0, 0, 0, 0, 0, 0, 0, 0, 0, 0, 0, 0, 0, 0, 3, 15
"c:\Users\Marlowe\Desktop\ProjectBible\external-repos\americas-public-bible\website\content\gallery\jug-not\index.md", "Markdown", 12, 0, 0, 0, 0, 0, 0, 0, 0, 0, 0, 0, 0, 0, 0, 0, 0, 0, 0, 0, 0, 0, 0, 0, 0, 0, 0, 0, 0, 0, 0, 0, 0, 0, 0, 0, 0, 0, 0, 2, 14
"c:\Users\Marlowe\Desktop\ProjectBible\external-repos\americas-public-bible\website\content\gallery\lord-called-samuel\index.md", "Markdown", 12, 0, 0, 0, 0, 0, 0, 0, 0, 0, 0, 0, 0, 0, 0, 0, 0, 0, 0, 0, 0, 0, 0, 0, 0, 0, 0, 0, 0, 0, 0, 0, 0, 0, 0, 0, 0, 0, 0, 2, 14
"c:\Users\Marlowe\Desktop\ProjectBible\external-repos\americas-public-bible\website\content\gallery\mammoth-raddish\index.md", "Markdown", 12, 0, 0, 0, 0, 0, 0, 0, 0, 0, 0, 0, 0, 0, 0, 0, 0, 0, 0, 0, 0, 0, 0, 0, 0, 0, 0, 0, 0, 0, 0, 0, 0, 0, 0, 0, 0, 0, 0, 2, 14
"c:\Users\Marlowe\Desktop\ProjectBible\external-repos\americas-public-bible\website\content\gallery\one-blood-tribune\index.md", "Markdown", 12, 0, 0, 0, 0, 0, 0, 0, 0, 0, 0, 0, 0, 0, 0, 0, 0, 0, 0, 0, 0, 0, 0, 0, 0, 0, 0, 0, 0, 0, 0, 0, 0, 0, 0, 0, 0, 0, 0, 3, 15
"c:\Users\Marlowe\Desktop\ProjectBible\external-repos\americas-public-bible\website\content\gallery\personal-appearance\index.md", "Markdown", 18, 0, 0, 0, 0, 0, 0, 0, 0, 0, 0, 0, 0, 0, 0, 0, 0, 0, 0, 0, 0, 0, 0, 0, 0, 0, 0, 0, 0, 0, 0, 0, 0, 0, 0, 0, 0, 0, 0, 2, 20
"c:\Users\Marlowe\Desktop\ProjectBible\external-repos\americas-public-bible\website\content\gallery\plea-for-polygamy\index.md", "Markdown", 12, 0, 0, 0, 0, 0, 0, 0, 0, 0, 0, 0, 0, 0, 0, 0, 0, 0, 0, 0, 0, 0, 0, 0, 0, 0, 0, 0, 0, 0, 0, 0, 0, 0, 0, 0, 0, 0, 0, 2, 14
"c:\Users\Marlowe\Desktop\ProjectBible\external-repos\americas-public-bible\website\content\gallery\southern-light\index.md", "Markdown", 12, 0, 0, 0, 0, 0, 0, 0, 0, 0, 0, 0, 0, 0, 0, 0, 0, 0, 0, 0, 0, 0, 0, 0, 0, 0, 0, 0, 0, 0, 0, 0, 0, 0, 0, 0, 0, 0, 0, 2, 14
"c:\Users\Marlowe\Desktop\ProjectBible\external-repos\americas-public-bible\website\content\gallery\sunday-ball-games\index.md", "Markdown", 12, 0, 0, 0, 0, 0, 0, 0, 0, 0, 0, 0, 0, 0, 0, 0, 0, 0, 0, 0, 0, 0, 0, 0, 0, 0, 0, 0, 0, 0, 0, 0, 0, 0, 0, 0, 0, 0, 0, 2, 14
"c:\Users\Marlowe\Desktop\ProjectBible\external-repos\americas-public-bible\website\content\gallery\telegraph\index.md", "Markdown", 12, 0, 0, 0, 0, 0, 0, 0, 0, 0, 0, 0, 0, 0, 0, 0, 0, 0, 0, 0, 0, 0, 0, 0, 0, 0, 0, 0, 0, 0, 0, 0, 0, 0, 0, 0, 0, 0, 0, 2, 14
"c:\Users\Marlowe\Desktop\ProjectBible\external-repos\americas-public-bible\website\content\gallery\telephone-girls\index.md", "Markdown", 12, 0, 0, 0, 0, 0, 0, 0, 0, 0, 0, 0, 0, 0, 0, 0, 0, 0, 0, 0, 0, 0, 0, 0, 0, 0, 0, 0, 0, 0, 0, 0, 0, 0, 0, 0, 0, 0, 0, 2, 14
"c:\Users\Marlowe\Desktop\ProjectBible\external-repos\americas-public-bible\website\content\gallery\ten-commandments\index.md", "Markdown", 13, 0, 0, 0, 0, 0, 0, 0, 0, 0, 0, 0, 0, 0, 0, 0, 0, 0, 0, 0, 0, 0, 0, 0, 0, 0, 0, 0, 0, 0, 0, 0, 0, 0, 0, 0, 0, 0, 0, 3, 16
"c:\Users\Marlowe\Desktop\ProjectBible\external-repos\americas-public-bible\website\content\gallery\the-law\index.md", "Markdown", 12, 0, 0, 0, 0, 0, 0, 0, 0, 0, 0, 0, 0, 0, 0, 0, 0, 0, 0, 0, 0, 0, 0, 0, 0, 0, 0, 0, 0, 0, 0, 0, 0, 0, 0, 0, 0, 0, 0, 2, 14
"c:\Users\Marlowe\Desktop\ProjectBible\external-repos\americas-public-bible\website\content\gallery\titanic-heroines\index.md", "Markdown", 12, 0, 0, 0, 0, 0, 0, 0, 0, 0, 0, 0, 0, 0, 0, 0, 0, 0, 0, 0, 0, 0, 0, 0, 0, 0, 0, 0, 0, 0, 0, 0, 0, 0, 0, 0, 0, 0, 0, 2, 14
"c:\Users\Marlowe\Desktop\ProjectBible\external-repos\americas-public-bible\website\content\gallery\vegetable-pills\index.md", "Markdown", 12, 0, 0, 0, 0, 0, 0, 0, 0, 0, 0, 0, 0, 0, 0, 0, 0, 0, 0, 0, 0, 0, 0, 0, 0, 0, 0, 0, 0, 0, 0, 0, 0, 0, 0, 0, 0, 0, 0, 3, 15
"c:\Users\Marlowe\Desktop\ProjectBible\external-repos\americas-public-bible\website\content\how-to-use.md", "Markdown", 6, 0, 0, 0, 0, 0, 0, 0, 0, 0, 0, 0, 0, 0, 0, 0, 0, 0, 0, 0, 0, 0, 0, 0, 0, 0, 0, 0, 0, 0, 0, 0, 0, 0, 0, 0, 0, 0, 0, 5, 11
"c:\Users\Marlowe\Desktop\ProjectBible\external-repos\americas-public-bible\website\content\most-quoted.html", "HTML", 0, 0, 0, 0, 0, 9, 0, 0, 0, 0, 0, 0, 0, 0, 0, 0, 0, 0, 0, 0, 0, 0, 0, 0, 0, 0, 0, 0, 0, 0, 0, 0, 0, 0, 0, 0, 0, 0, 0, 3, 12
"c:\Users\Marlowe\Desktop\ProjectBible\external-repos\americas-public-bible\website\content\verse-viewer\index.html", "HTML", 0, 0, 0, 0, 0, 9, 0, 0, 0, 0, 0, 0, 0, 0, 0, 0, 0, 0, 0, 0, 0, 0, 0, 0, 0, 0, 0, 0, 0, 0, 0, 0, 0, 0, 0, 0, 0, 0, 0, 2, 11
"c:\Users\Marlowe\Desktop\ProjectBible\external-repos\americas-public-bible\website\content\verse\1-thessalonians-5-21\index.md", "Markdown", 16, 0, 0, 0, 0, 0, 0, 0, 0, 0, 0, 0, 0, 0, 0, 0, 0, 0, 0, 0, 0, 0, 0, 0, 0, 0, 0, 0, 0, 0, 0, 0, 0, 0, 0, 0, 0, 0, 0, 9, 25
"c:\Users\Marlowe\Desktop\ProjectBible\external-repos\americas-public-bible\website\content\verse\ephesians-5-22\index.md", "Markdown", 49, 0, 0, 0, 0, 0, 0, 0, 0, 0, 0, 0, 0, 0, 0, 0, 0, 0, 0, 0, 0, 0, 0, 0, 0, 0, 0, 0, 0, 0, 0, 0, 0, 0, 0, 0, 0, 0, 0, 41, 90
"c:\Users\Marlowe\Desktop\ProjectBible\external-repos\americas-public-bible\website\content\verse\matthew-16-26\index.md", "Markdown", 51, 0, 0, 0, 0, 0, 0, 0, 0, 0, 0, 0, 0, 0, 0, 0, 0, 0, 0, 0, 0, 0, 0, 0, 0, 0, 0, 0, 0, 0, 0, 0, 0, 0, 0, 0, 0, 0, 0, 43, 94
"c:\Users\Marlowe\Desktop\ProjectBible\external-repos\americas-public-bible\website\content\verse\proverbs-15-1\index.md", "Markdown", 18, 0, 0, 0, 0, 0, 0, 0, 0, 0, 0, 0, 0, 0, 0, 0, 0, 0, 0, 0, 0, 0, 0, 0, 0, 0, 0, 0, 0, 0, 0, 0, 0, 0, 0, 0, 0, 0, 0, 10, 28
"c:\Users\Marlowe\Desktop\ProjectBible\external-repos\americas-public-bible\website\content\verse\romans-13-1\index.md", "Markdown", 45, 0, 0, 0, 0, 0, 0, 0, 0, 0, 0, 0, 0, 0, 0, 0, 0, 0, 0, 0, 0, 0, 0, 0, 0, 0, 0, 0, 0, 0, 0, 0, 0, 0, 0, 0, 0, 0, 0, 38, 83
"c:\Users\Marlowe\Desktop\ProjectBible\external-repos\americas-public-bible\website\layouts\404.html", "HTML", 0, 0, 0, 0, 0, 10, 0, 0, 0, 0, 0, 0, 0, 0, 0, 0, 0, 0, 0, 0, 0, 0, 0, 0, 0, 0, 0, 0, 0, 0, 0, 0, 0, 0, 0, 0, 0, 0, 0, 4, 14
"c:\Users\Marlowe\Desktop\ProjectBible\external-repos\americas-public-bible\website\layouts\_default\baseof.html", "HTML", 0, 0, 0, 0, 0, 90, 0, 0, 0, 0, 0, 0, 0, 0, 0, 0, 0, 0, 0, 0, 0, 0, 0, 0, 0, 0, 0, 0, 0, 0, 0, 0, 0, 0, 0, 0, 0, 0, 4, 20, 114
"c:\Users\Marlowe\Desktop\ProjectBible\external-repos\americas-public-bible\website\layouts\_default\list.html", "HTML", 0, 0, 0, 0, 0, 0, 0, 0, 0, 0, 0, 0, 0, 0, 0, 0, 0, 0, 0, 0, 0, 0, 0, 0, 0, 0, 0, 0, 0, 0, 0, 0, 0, 0, 0, 0, 0, 0, 0, 1, 1
"c:\Users\Marlowe\Desktop\ProjectBible\external-repos\americas-public-bible\website\layouts\_default\single.html", "HTML", 0, 0, 0, 0, 0, 8, 0, 0, 0, 0, 0, 0, 0, 0, 0, 0, 0, 0, 0, 0, 0, 0, 0, 0, 0, 0, 0, 0, 0, 0, 0, 0, 0, 0, 0, 0, 0, 0, 0, 5, 13
"c:\Users\Marlowe\Desktop\ProjectBible\external-repos\americas-public-bible\website\layouts\essay\single.html", "HTML", 0, 0, 0, 0, 0, 11, 0, 0, 0, 0, 0, 0, 0, 0, 0, 0, 0, 0, 0, 0, 0, 0, 0, 0, 0, 0, 0, 0, 0, 0, 0, 0, 0, 0, 0, 0, 0, 0, 0, 3, 14
"c:\Users\Marlowe\Desktop\ProjectBible\external-repos\americas-public-bible\website\layouts\gallery\li.html", "HTML", 0, 0, 0, 0, 0, 32, 0, 0, 0, 0, 0, 0, 0, 0, 0, 0, 0, 0, 0, 0, 0, 0, 0, 0, 0, 0, 0, 0, 0, 0, 0, 0, 0, 0, 0, 0, 0, 0, 0, 3, 35
"c:\Users\Marlowe\Desktop\ProjectBible\external-repos\americas-public-bible\website\layouts\gallery\list.html", "HTML", 0, 0, 0, 0, 0, 13, 0, 0, 0, 0, 0, 0, 0, 0, 0, 0, 0, 0, 0, 0, 0, 0, 0, 0, 0, 0, 0, 0, 0, 0, 0, 0, 0, 0, 0, 0, 0, 0, 0, 7, 20
"c:\Users\Marlowe\Desktop\ProjectBible\external-repos\americas-public-bible\website\layouts\index.html", "HTML", 0, 0, 0, 0, 0, 201, 0, 0, 0, 0, 0, 0, 0, 0, 0, 0, 0, 0, 0, 0, 0, 0, 0, 0, 0, 0, 0, 0, 0, 0, 0, 0, 0, 0, 0, 0, 0, 0, 1, 42, 244
"c:\Users\Marlowe\Desktop\ProjectBible\external-repos\americas-public-bible\website\layouts\partials\analytics.html", "HTML", 0, 0, 0, 0, 0, 4, 0, 0, 0, 0, 0, 0, 0, 0, 0, 0, 0, 0, 0, 0, 0, 0, 0, 0, 0, 0, 0, 0, 0, 0, 0, 0, 0, 0, 0, 0, 0, 0, 0, 1, 5
"c:\Users\Marlowe\Desktop\ProjectBible\external-repos\americas-public-bible\website\layouts\partials\meta.html", "HTML", 0, 0, 0, 0, 0, 35, 0, 0, 0, 0, 0, 0, 0, 0, 0, 0, 0, 0, 0, 0, 0, 0, 0, 0, 0, 0, 0, 0, 0, 0, 0, 0, 0, 0, 0, 0, 0, 0, 0, 4, 39
"c:\Users\Marlowe\Desktop\ProjectBible\external-repos\americas-public-bible\website\layouts\partials\newsletters.html", "HTML", 0, 0, 0, 0, 0, 10, 0, 0, 0, 0, 0, 0, 0, 0, 0, 0, 0, 0, 0, 0, 0, 0, 0, 0, 0, 0, 0, 0, 0, 0, 0, 0, 0, 0, 0, 0, 0, 0, 0, 2, 12
"c:\Users\Marlowe\Desktop\ProjectBible\external-repos\americas-public-bible\website\layouts\partials\verse-select.html", "HTML", 0, 0, 0, 0, 0, 52, 0, 0, 0, 0, 0, 0, 0, 0, 0, 0, 0, 0, 0, 0, 0, 0, 0, 0, 0, 0, 0, 0, 0, 0, 0, 0, 0, 0, 0, 0, 0, 0, 0, 3, 55
"c:\Users\Marlowe\Desktop\ProjectBible\external-repos\americas-public-bible\website\layouts\shortcodes\apb-stats.html", "HTML", 0, 0, 0, 0, 0, 18, 0, 0, 0, 0, 0, 0, 0, 0, 0, 0, 0, 0, 0, 0, 0, 0, 0, 0, 0, 0, 0, 0, 0, 0, 0, 0, 0, 0, 0, 0, 0, 0, 0, 1, 19
"c:\Users\Marlowe\Desktop\ProjectBible\external-repos\americas-public-bible\website\layouts\shortcodes\fig-2up.html", "HTML", 0, 0, 0, 0, 0, 23, 0, 0, 0, 0, 0, 0, 0, 0, 0, 0, 0, 0, 0, 0, 0, 0, 0, 0, 0, 0, 0, 0, 0, 0, 0, 0, 0, 0, 0, 0, 0, 0, 1, 1, 25
"c:\Users\Marlowe\Desktop\ProjectBible\external-repos\americas-public-bible\website\layouts\shortcodes\fig-full.html", "HTML", 0, 0, 0, 0, 0, 13, 0, 0, 0, 0, 0, 0, 0, 0, 0, 0, 0, 0, 0, 0, 0, 0, 0, 0, 0, 0, 0, 0, 0, 0, 0, 0, 0, 0, 0, 0, 0, 0, 1, 1, 15
"c:\Users\Marlowe\Desktop\ProjectBible\external-repos\americas-public-bible\website\layouts\shortcodes\fig-interactive.html", "HTML", 0, 0, 0, 0, 0, 15, 0, 0, 0, 0, 0, 0, 0, 0, 0, 0, 0, 0, 0, 0, 0, 0, 0, 0, 0, 0, 0, 0, 0, 0, 0, 0, 0, 0, 0, 0, 0, 0, 0, 3, 18
"c:\Users\Marlowe\Desktop\ProjectBible\external-repos\americas-public-bible\website\layouts\shortcodes\fig-verse.html", "HTML", 0, 0, 0, 0, 0, 15, 0, 0, 0, 0, 0, 0, 0, 0, 0, 0, 0, 0, 0, 0, 0, 0, 0, 0, 0, 0, 0, 0, 0, 0, 0, 0, 0, 0, 0, 0, 0, 0, 0, 3, 18
"c:\Users\Marlowe\Desktop\ProjectBible\external-repos\americas-public-bible\website\layouts\shortcodes\how-to-use.html", "HTML", 0, 0, 0, 0, 0, 4, 0, 0, 0, 0, 0, 0, 0, 0, 0, 0, 0, 0, 0, 0, 0, 0, 0, 0, 0, 0, 0, 0, 0, 0, 0, 0, 0, 0, 0, 0, 0, 0, 0, 1, 5
"c:\Users\Marlowe\Desktop\ProjectBible\external-repos\americas-public-bible\website\layouts\shortcodes\vv.html", "HTML", 0, 0, 0, 0, 0, 8, 0, 0, 0, 0, 0, 0, 0, 0, 0, 0, 0, 0, 0, 0, 0, 0, 0, 0, 0, 0, 0, 0, 0, 0, 0, 0, 0, 0, 0, 0, 0, 0, 0, 1, 9
"c:\Users\Marlowe\Desktop\ProjectBible\external-repos\americas-public-bible\website\layouts\verse\single.html", "HTML", 0, 0, 0, 0, 0, 43, 0, 0, 0, 0, 0, 0, 0, 0, 0, 0, 0, 0, 0, 0, 0, 0, 0, 0, 0, 0, 0, 0, 0, 0, 0, 0, 0, 0, 0, 0, 0, 0, 0, 7, 50
"c:\Users\Marlowe\Desktop\ProjectBible\external-repos\americas-public-bible\website\layouts\visualization\single.html", "HTML", 0, 0, 0, 0, 0, 6, 0, 0, 0, 0, 0, 0, 0, 0, 0, 0, 0, 0, 0, 0, 0, 0, 0, 0, 0, 0, 0, 0, 0, 0, 0, 0, 0, 0, 0, 0, 0, 0, 0, 3, 9
"c:\Users\Marlowe\Desktop\ProjectBible\external-repos\americas-public-bible\website\package-lock.json", "JSON", 0, 0, 5055, 0, 0, 0, 0, 0, 0, 0, 0, 0, 0, 0, 0, 0, 0, 0, 0, 0, 0, 0, 0, 0, 0, 0, 0, 0, 0, 0, 0, 0, 0, 0, 0, 0, 0, 0, 0, 1, 5056
"c:\Users\Marlowe\Desktop\ProjectBible\external-repos\americas-public-bible\website\package.json", "JSON", 0, 0, 21, 0, 0, 0, 0, 0, 0, 0, 0, 0, 0, 0, 0, 0, 0, 0, 0, 0, 0, 0, 0, 0, 0, 0, 0, 0, 0, 0, 0, 0, 0, 0, 0, 0, 0, 0, 0, 1, 22
"c:\Users\Marlowe\Desktop\ProjectBible\external-repos\americas-public-bible\website\static\logo_stanford.svg", "XML", 0, 0, 0, 0, 0, 0, 0, 0, 0, 0, 0, 0, 0, 0, 1, 0, 0, 0, 0, 0, 0, 0, 0, 0, 0, 0, 0, 0, 0, 0, 0, 0, 0, 0, 0, 0, 0, 0, 0, 1, 2
"c:\Users\Marlowe\Desktop\ProjectBible\external-repos\and-bible\.github\ISSUE_TEMPLATE\bug_report.md", "Markdown", 26, 0, 0, 0, 0, 0, 0, 0, 0, 0, 0, 0, 0, 0, 0, 0, 0, 0, 0, 0, 0, 0, 0, 0, 0, 0, 0, 0, 0, 0, 0, 0, 0, 0, 0, 0, 0, 0, 0, 9, 35
"c:\Users\Marlowe\Desktop\ProjectBible\external-repos\and-bible\.github\ISSUE_TEMPLATE\bug_report_alpha.md", "Markdown", 26, 0, 0, 0, 0, 0, 0, 0, 0, 0, 0, 0, 0, 0, 0, 0, 0, 0, 0, 0, 0, 0, 0, 0, 0, 0, 0, 0, 0, 0, 0, 0, 0, 0, 0, 0, 0, 0, 0, 9, 35
"c:\Users\Marlowe\Desktop\ProjectBible\external-repos\and-bible\.github\ISSUE_TEMPLATE\discussion.md", "Markdown", 6, 0, 0, 0, 0, 0, 0, 0, 0, 0, 0, 0, 0, 0, 0, 0, 0, 0, 0, 0, 0, 0, 0, 0, 0, 0, 0, 0, 0, 0, 0, 0, 0, 0, 0, 0, 0, 0, 0, 4, 10
"c:\Users\Marlowe\Desktop\ProjectBible\external-repos\and-bible\.github\ISSUE_TEMPLATE\feature_request.md", "Markdown", 14, 0, 0, 0, 0, 0, 0, 0, 0, 0, 0, 0, 0, 0, 0, 0, 0, 0, 0, 0, 0, 0, 0, 0, 0, 0, 0, 0, 0, 0, 0, 0, 0, 0, 0, 0, 0, 0, 0, 6, 20
"c:\Users\Marlowe\Desktop\ProjectBible\external-repos\and-bible\.github\ISSUE_TEMPLATE\support_request.md", "Markdown", 30, 0, 0, 0, 0, 0, 0, 0, 0, 0, 0, 0, 0, 0, 0, 0, 0, 0, 0, 0, 0, 0, 0, 0, 0, 0, 0, 0, 0, 0, 0, 0, 0, 0, 0, 0, 0, 0, 0, 11, 41
"c:\Users\Marlowe\Desktop\ProjectBible\external-repos\and-bible\.github\ISSUE_TEMPLATE\task.md", "Markdown", 6, 0, 0, 0, 0, 0, 0, 0, 0, 0, 0, 0, 0, 0, 0, 0, 0, 0, 0, 0, 0, 0, 0, 0, 0, 0, 0, 0, 0, 0, 0, 0, 0, 0, 0, 0, 0, 0, 0, 4, 10
"c:\Users\Marlowe\Desktop\ProjectBible\external-repos\and-bible\.github\copilot-instructions.md", "Markdown", 492, 0, 0, 0, 0, 0, 0, 0, 0, 0, 0, 0, 0, 0, 0, 0, 0, 0, 0, 0, 0, 0, 0, 0, 0, 0, 0, 0, 0, 0, 0, 0, 0, 0, 0, 0, 0, 0, 0, 109, 601
"c:\Users\Marlowe\Desktop\ProjectBible\external-repos\and-bible\.github\workflows\branch-management.yml", "YAML", 0, 0, 0, 0, 32, 0, 0, 0, 0, 0, 0, 0, 0, 0, 0, 0, 0, 0, 0, 0, 0, 0, 0, 0, 0, 0, 0, 0, 0, 0, 0, 0, 0, 0, 0, 0, 0, 0, 0, 6, 38
"c:\Users\Marlowe\Desktop\ProjectBible\external-repos\and-bible\.github\workflows\build-apk.yml", "YAML", 0, 0, 0, 0, 100, 0, 0, 0, 0, 0, 0, 0, 0, 0, 0, 0, 0, 0, 0, 0, 0, 0, 0, 0, 0, 0, 0, 0, 0, 0, 0, 0, 0, 0, 0, 0, 0, 0, 5, 14, 119
"c:\Users\Marlowe\Desktop\ProjectBible\external-repos\and-bible\.github\workflows\config.properties", "Properties", 0, 0, 0, 0, 0, 0, 0, 0, 0, 0, 2, 0, 0, 0, 0, 0, 0, 0, 0, 0, 0, 0, 0, 0, 0, 0, 0, 0, 0, 0, 0, 0, 0, 0, 0, 0, 0, 0, 16, 2, 20
"c:\Users\Marlowe\Desktop\ProjectBible\external-repos\and-bible\.github\workflows\copilot-setup-steps.yml", "YAML", 0, 0, 0, 0, 42, 0, 0, 0, 0, 0, 0, 0, 0, 0, 0, 0, 0, 0, 0, 0, 0, 0, 0, 0, 0, 0, 0, 0, 0, 0, 0, 0, 0, 0, 0, 0, 0, 0, 11, 9, 62
"c:\Users\Marlowe\Desktop\ProjectBible\external-repos\and-bible\.github\workflows\jslint.yml", "YAML", 0, 0, 0, 0, 89, 0, 0, 0, 0, 0, 0, 0, 0, 0, 0, 0, 0, 0, 0, 0, 0, 0, 0, 0, 0, 0, 0, 0, 0, 0, 0, 0, 0, 0, 0, 0, 0, 0, 0, 18, 107
"c:\Users\Marlowe\Desktop\ProjectBible\external-repos\and-bible\.github\workflows\labeled.yml", "YAML", 0, 0, 0, 0, 18, 0, 0, 0, 0, 0, 0, 0, 0, 0, 0, 0, 0, 0, 0, 0, 0, 0, 0, 0, 0, 0, 0, 0, 0, 0, 0, 0, 0, 0, 0, 0, 0, 0, 0, 3, 21
"c:\Users\Marlowe\Desktop\ProjectBible\external-repos\and-bible\.github\workflows\run-tests.yml", "YAML", 0, 0, 0, 0, 119, 0, 0, 0, 0, 0, 0, 0, 0, 0, 0, 0, 0, 0, 0, 0, 0, 0, 0, 0, 0, 0, 0, 0, 0, 0, 0, 0, 0, 0, 0, 0, 0, 0, 2, 13, 134
"c:\Users\Marlowe\Desktop\ProjectBible\external-repos\and-bible\CLAUDE.md", "Markdown", 183, 0, 0, 0, 0, 0, 0, 0, 0, 0, 0, 0, 0, 0, 0, 0, 0, 0, 0, 0, 0, 0, 0, 0, 0, 0, 0, 0, 0, 0, 0, 0, 0, 0, 0, 0, 0, 0, 0, 50, 233
"c:\Users\Marlowe\Desktop\ProjectBible\external-repos\and-bible\CODE_OF_CONDUCT.md", "Markdown", 54, 0, 0, 0, 0, 0, 0, 0, 0, 0, 0, 0, 0, 0, 0, 0, 0, 0, 0, 0, 0, 0, 0, 0, 0, 0, 0, 0, 0, 0, 0, 0, 0, 0, 0, 0, 0, 0, 0, 20, 74
"c:\Users\Marlowe\Desktop\ProjectBible\external-repos\and-bible\Makefile", "Makefile", 0, 0, 0, 0, 0, 0, 0, 0, 0, 0, 0, 0, 37, 0, 0, 0, 0, 0, 0, 0, 0, 0, 0, 0, 0, 0, 0, 0, 0, 0, 0, 0, 0, 0, 0, 0, 0, 0, 3, 9, 49
"c:\Users\Marlowe\Desktop\ProjectBible\external-repos\and-bible\PULL_REQUEST_TEMPLATE.md", "Markdown", 6, 0, 0, 0, 0, 0, 0, 0, 0, 0, 0, 0, 0, 0, 0, 0, 0, 0, 0, 0, 0, 0, 0, 0, 0, 0, 0, 0, 0, 0, 0, 0, 0, 0, 0, 0, 0, 0, 0, 2, 8
"c:\Users\Marlowe\Desktop\ProjectBible\external-repos\and-bible\README.md", "Markdown", 54, 0, 0, 0, 0, 0, 0, 0, 0, 0, 0, 0, 0, 0, 0, 0, 0, 0, 0, 0, 0, 0, 0, 0, 0, 0, 0, 0, 0, 0, 0, 0, 0, 0, 0, 0, 0, 0, 0, 29, 83
"c:\Users\Marlowe\Desktop\ProjectBible\external-repos\and-bible\app\bibleview-js\.eslintrc.cjs", "JavaScript", 0, 0, 0, 0, 0, 0, 0, 0, 0, 0, 0, 0, 0, 29, 0, 0, 0, 0, 0, 0, 0, 0, 0, 0, 0, 0, 0, 0, 0, 0, 0, 0, 0, 0, 0, 0, 0, 0, 1, 2, 32
"c:\Users\Marlowe\Desktop\ProjectBible\external-repos\and-bible\app\bibleview-js\README.md", "Markdown", 19, 0, 0, 0, 0, 0, 0, 0, 0, 0, 0, 0, 0, 0, 0, 0, 0, 0, 0, 0, 0, 0, 0, 0, 0, 0, 0, 0, 0, 0, 0, 0, 0, 0, 0, 0, 0, 0, 0, 6, 25
"c:\Users\Marlowe\Desktop\ProjectBible\external-repos\and-bible\app\bibleview-js\index.html", "HTML", 0, 0, 0, 0, 0, 18, 0, 0, 0, 0, 0, 0, 0, 0, 0, 0, 0, 0, 0, 0, 0, 0, 0, 0, 0, 0, 0, 0, 0, 0, 0, 0, 0, 0, 0, 0, 0, 0, 16, 2, 36
"c:\Users\Marlowe\Desktop\ProjectBible\external-repos\and-bible\app\bibleview-js\package-lock.json", "JSON", 0, 0, 8790, 0, 0, 0, 0, 0, 0, 0, 0, 0, 0, 0, 0, 0, 0, 0, 0, 0, 0, 0, 0, 0, 0, 0, 0, 0, 0, 0, 0, 0, 0, 0, 0, 0, 0, 0, 0, 1, 8791
"c:\Users\Marlowe\Desktop\ProjectBible\external-repos\and-bible\app\bibleview-js\package.json", "JSON", 0, 0, 65, 0, 0, 0, 0, 0, 0, 0, 0, 0, 0, 0, 0, 0, 0, 0, 0, 0, 0, 0, 0, 0, 0, 0, 0, 0, 0, 0, 0, 0, 0, 0, 0, 0, 0, 0, 0, 1, 66
"c:\Users\Marlowe\Desktop\ProjectBible\external-repos\and-bible\app\bibleview-js\src\__tests__\bookmarks.spec.js", "JavaScript", 0, 0, 0, 0, 0, 0, 0, 0, 0, 0, 0, 0, 0, 373, 0, 0, 0, 0, 0, 0, 0, 0, 0, 0, 0, 0, 0, 0, 0, 0, 0, 0, 0, 0, 0, 0, 0, 0, 25, 42, 440
"c:\Users\Marlowe\Desktop\ProjectBible\external-repos\and-bible\app\bibleview-js\src\__tests__\colors.spec.js", "JavaScript", 0, 0, 0, 0, 0, 0, 0, 0, 0, 0, 0, 0, 0, 27, 0, 0, 0, 0, 0, 0, 0, 0, 0, 0, 0, 0, 0, 0, 0, 0, 0, 0, 0, 0, 0, 0, 0, 0, 16, 5, 48
"c:\Users\Marlowe\Desktop\ProjectBible\external-repos\and-bible\app\bibleview-js\src\__tests__\dom.spec.js", "JavaScript", 0, 0, 0, 0, 0, 0, 0, 0, 0, 0, 0, 0, 0, 558, 0, 0, 0, 0, 0, 0, 0, 0, 0, 0, 0, 0, 0, 0, 0, 0, 0, 0, 0, 0, 0, 0, 0, 0, 19, 74, 651
"c:\Users\Marlowe\Desktop\ProjectBible\external-repos\and-bible\app\bibleview-js\src\__tests__\memorizedocument.spec.js", "JavaScript", 0, 0, 0, 0, 0, 0, 0, 0, 0, 0, 0, 0, 0, 129, 0, 0, 0, 0, 0, 0, 0, 0, 0, 0, 0, 0, 0, 0, 0, 0, 0, 0, 0, 0, 0, 0, 0, 0, 47, 28, 204
"c:\Users\Marlowe\Desktop\ProjectBible\external-repos\and-bible\app\bibleview-js\src\__tests__\note.spec.js", "JavaScript", 0, 0, 0, 0, 0, 0, 0, 0, 0, 0, 0, 0, 0, 86, 0, 0, 0, 0, 0, 0, 0, 0, 0, 0, 0, 0, 0, 0, 0, 0, 0, 0, 0, 0, 0, 0, 0, 0, 20, 22, 128
"c:\Users\Marlowe\Desktop\ProjectBible\external-repos\and-bible\app\bibleview-js\src\__tests__\osis.spec.js", "JavaScript", 0, 0, 0, 0, 0, 0, 0, 0, 0, 0, 0, 0, 0, 54, 0, 0, 0, 0, 0, 0, 0, 0, 0, 0, 0, 0, 0, 0, 0, 0, 0, 0, 0, 0, 0, 0, 0, 0, 20, 9, 83
"c:\Users\Marlowe\Desktop\ProjectBible\external-repos\and-bible\app\bibleview-js\src\__tests__\tab-components.spec.js", "JavaScript", 0, 0, 0, 0, 0, 0, 0, 0, 0, 0, 0, 0, 0, 263, 0, 0, 0, 0, 0, 0, 0, 0, 0, 0, 0, 0, 0, 0, 0, 0, 0, 0, 0, 0, 0, 0, 0, 0, 8, 58, 329
"c:\Users\Marlowe\Desktop\ProjectBible\external-repos\and-bible\app\bibleview-js\src\__tests__\testdata\eph.2-kjva-result.html", "HTML", 0, 0, 0, 0, 0, 12, 0, 0, 0, 0, 0, 0, 0, 0, 0, 0, 0, 0, 0, 0, 0, 0, 0, 0, 0, 0, 0, 0, 0, 0, 0, 0, 0, 0, 0, 0, 0, 0, 8, 1, 21
"c:\Users\Marlowe\Desktop\ProjectBible\external-repos\and-bible\app\bibleview-js\src\__tests__\testdata\eph.2-kjva.xml", "XML", 0, 0, 0, 0, 0, 0, 0, 0, 0, 0, 0, 0, 0, 0, 1, 0, 0, 0, 0, 0, 0, 0, 0, 0, 0, 0, 0, 0, 0, 0, 0, 0, 0, 0, 0, 0, 0, 0, 0, 1, 2
"c:\Users\Marlowe\Desktop\ProjectBible\external-repos\and-bible\app\bibleview-js\src\__tests__\verse.spec.js", "JavaScript", 0, 0, 0, 0, 0, 0, 0, 0, 0, 0, 0, 0, 0, 111, 0, 0, 0, 0, 0, 0, 0, 0, 0, 0, 0, 0, 0, 0, 0, 0, 0, 0, 0, 0, 0, 0, 0, 0, 16, 17, 144
"c:\Users\Marlowe\Desktop\ProjectBible\external-repos\and-bible\app\bibleview-js\src\__tests__\wordblur.spec.js", "JavaScript", 0, 0, 0, 0, 0, 0, 0, 0, 0, 0, 0, 0, 0, 76, 0, 0, 0, 0, 0, 0, 0, 0, 0, 0, 0, 0, 0, 0, 0, 0, 0, 0, 0, 0, 0, 0, 0, 0, 41, 31, 148
"c:\Users\Marlowe\Desktop\ProjectBible\external-repos\and-bible\app\bibleview-js\src\__tests__\wordscramble.spec.js", "JavaScript", 0, 0, 0, 0, 0, 0, 0, 0, 0, 0, 0, 0, 0, 294, 0, 0, 0, 0, 0, 0, 0, 0, 0, 0, 0, 0, 0, 0, 0, 0, 0, 0, 0, 0, 0, 0, 0, 0, 106, 103, 503
"c:\Users\Marlowe\Desktop\ProjectBible\external-repos\and-bible\app\bibleview-js\src\__tests__\xml-validation.spec.js", "JavaScript", 0, 0, 0, 0, 0, 0, 0, 0, 0, 0, 0, 0, 0, 267, 0, 0, 0, 0, 0, 0, 0, 0, 0, 0, 0, 0, 0, 0, 0, 0, 0, 0, 0, 0, 0, 0, 0, 0, 17, 54, 338
"c:\Users\Marlowe\Desktop\ProjectBible\external-repos\and-bible\app\bibleview-js\src\assets\noise.svg", "XML", 0, 0, 0, 0, 0, 0, 0, 0, 0, 0, 0, 0, 0, 0, 13, 0, 0, 0, 0, 0, 0, 0, 0, 0, 0, 0, 0, 0, 0, 0, 0, 0, 0, 0, 0, 0, 0, 0, 16, 4, 33
"c:\Users\Marlowe\Desktop\ProjectBible\external-repos\and-bible\app\bibleview-js\src\common.scss", "SCSS", 0, 0, 0, 0, 0, 0, 0, 0, 0, 0, 0, 0, 0, 0, 0, 0, 0, 0, 0, 0, 0, 0, 0, 0, 0, 0, 0, 0, 0, 0, 0, 0, 369, 0, 0, 0, 0, 0, 20, 58, 447
"c:\Users\Marlowe\Desktop\ProjectBible\external-repos\and-bible\app\bibleview-js\src\composables\addon-fonts.ts", "TypeScript", 0, 0, 0, 0, 0, 0, 27, 0, 0, 0, 0, 0, 0, 0, 0, 0, 0, 0, 0, 0, 0, 0, 0, 0, 0, 0, 0, 0, 0, 0, 0, 0, 0, 0, 0, 0, 0, 0, 16, 6, 49
"c:\Users\Marlowe\Desktop\ProjectBible\external-repos\and-bible\app\bibleview-js\src\composables\android.ts", "TypeScript", 0, 0, 0, 0, 0, 0, 517, 0, 0, 0, 0, 0, 0, 0, 0, 0, 0, 0, 0, 0, 0, 0, 0, 0, 0, 0, 0, 0, 0, 0, 0, 0, 0, 0, 0, 0, 0, 0, 19, 80, 616
"c:\Users\Marlowe\Desktop\ProjectBible\external-repos\and-bible\app\bibleview-js\src\composables\bookmarks.ts", "TypeScript", 0, 0, 0, 0, 0, 0, 757, 0, 0, 0, 0, 0, 0, 0, 0, 0, 0, 0, 0, 0, 0, 0, 0, 0, 0, 0, 0, 0, 0, 0, 0, 0, 0, 0, 0, 0, 0, 0, 38, 99, 894
"c:\Users\Marlowe\Desktop\ProjectBible\external-repos\and-bible\app\bibleview-js\src\composables\config.ts", "TypeScript", 0, 0, 0, 0, 0, 0, 292, 0, 0, 0, 0, 0, 0, 0, 0, 0, 0, 0, 0, 0, 0, 0, 0, 0, 0, 0, 0, 0, 0, 0, 0, 0, 0, 0, 0, 0, 0, 0, 28, 44, 364
"c:\Users\Marlowe\Desktop\ProjectBible\external-repos\and-bible\app\bibleview-js\src\composables\custom-css.ts", "TypeScript", 0, 0, 0, 0, 0, 0, 74, 0, 0, 0, 0, 0, 0, 0, 0, 0, 0, 0, 0, 0, 0, 0, 0, 0, 0, 0, 0, 0, 0, 0, 0, 0, 0, 0, 0, 0, 0, 0, 16, 13, 103
"c:\Users\Marlowe\Desktop\ProjectBible\external-repos\and-bible\app\bibleview-js\src\composables\features.ts", "TypeScript", 0, 0, 0, 0, 0, 0, 34, 0, 0, 0, 0, 0, 0, 0, 0, 0, 0, 0, 0, 0, 0, 0, 0, 0, 0, 0, 0, 0, 0, 0, 0, 0, 0, 0, 0, 0, 0, 0, 17, 8, 59
"c:\Users\Marlowe\Desktop\ProjectBible\external-repos\and-bible\app\bibleview-js\src\composables\fontawesome.ts", "TypeScript", 0, 0, 0, 0, 0, 0, 160, 0, 0, 0, 0, 0, 0, 0, 0, 0, 0, 0, 0, 0, 0, 0, 0, 0, 0, 0, 0, 0, 0, 0, 0, 0, 0, 0, 0, 0, 0, 0, 25, 13, 198
"c:\Users\Marlowe\Desktop\ProjectBible\external-repos\and-bible\app\bibleview-js\src\composables\index.ts", "TypeScript", 0, 0, 0, 0, 0, 0, 55, 0, 0, 0, 0, 0, 0, 0, 0, 0, 0, 0, 0, 0, 0, 0, 0, 0, 0, 0, 0, 0, 0, 0, 0, 0, 0, 0, 0, 0, 0, 0, 16, 14, 85
"c:\Users\Marlowe\Desktop\ProjectBible\external-repos\and-bible\app\bibleview-js\src\composables\infinite-scroll.ts", "TypeScript", 0, 0, 0, 0, 0, 0, 186, 0, 0, 0, 0, 0, 0, 0, 0, 0, 0, 0, 0, 0, 0, 0, 0, 0, 0, 0, 0, 0, 0, 0, 0, 0, 0, 0, 0, 0, 0, 0, 26, 30, 242
"c:\Users\Marlowe\Desktop\ProjectBible\external-repos\and-bible\app\bibleview-js\src\composables\journal.ts", "TypeScript", 0, 0, 0, 0, 0, 0, 40, 0, 0, 0, 0, 0, 0, 0, 0, 0, 0, 0, 0, 0, 0, 0, 0, 0, 0, 0, 0, 0, 0, 0, 0, 0, 0, 0, 0, 0, 0, 0, 16, 9, 65
"c:\Users\Marlowe\Desktop\ProjectBible\external-repos\and-bible\app\bibleview-js\src\composables\keyboard.ts", "TypeScript", 0, 0, 0, 0, 0, 0, 74, 0, 0, 0, 0, 0, 0, 0, 0, 0, 0, 0, 0, 0, 0, 0, 0, 0, 0, 0, 0, 0, 0, 0, 0, 0, 0, 0, 0, 0, 0, 0, 17, 13, 104
"c:\Users\Marlowe\Desktop\ProjectBible\external-repos\and-bible\app\bibleview-js\src\composables\modal.ts", "TypeScript", 0, 0, 0, 0, 0, 0, 28, 0, 0, 0, 0, 0, 0, 0, 0, 0, 0, 0, 0, 0, 0, 0, 0, 0, 0, 0, 0, 0, 0, 0, 0, 0, 0, 0, 0, 0, 0, 0, 16, 11, 55
"c:\Users\Marlowe\Desktop\ProjectBible\external-repos\and-bible\app\bibleview-js\src\composables\ordinal-highlight.ts", "TypeScript", 0, 0, 0, 0, 0, 0, 23, 0, 0, 0, 0, 0, 0, 0, 0, 0, 0, 0, 0, 0, 0, 0, 0, 0, 0, 0, 0, 0, 0, 0, 0, 0, 0, 0, 0, 0, 0, 0, 16, 9, 48
"c:\Users\Marlowe\Desktop\ProjectBible\external-repos\and-bible\app\bibleview-js\src\composables\parsers.ts", "TypeScript", 0, 0, 0, 0, 0, 0, 48, 0, 0, 0, 0, 0, 0, 0, 0, 0, 0, 0, 0, 0, 0, 0, 0, 0, 0, 0, 0, 0, 0, 0, 0, 0, 0, 0, 0, 0, 0, 0, 18, 11, 77
"c:\Users\Marlowe\Desktop\ProjectBible\external-repos\and-bible\app\bibleview-js\src\composables\scroll.ts", "TypeScript", 0, 0, 0, 0, 0, 0, 185, 0, 0, 0, 0, 0, 0, 0, 0, 0, 0, 0, 0, 0, 0, 0, 0, 0, 0, 0, 0, 0, 0, 0, 0, 0, 0, 0, 0, 0, 0, 0, 20, 26, 231
"c:\Users\Marlowe\Desktop\ProjectBible\external-repos\and-bible\app\bibleview-js\src\composables\sharing.ts", "TypeScript", 0, 0, 0, 0, 0, 0, 30, 0, 0, 0, 0, 0, 0, 0, 0, 0, 0, 0, 0, 0, 0, 0, 0, 0, 0, 0, 0, 0, 0, 0, 0, 0, 0, 0, 0, 0, 0, 0, 16, 6, 52
"c:\Users\Marlowe\Desktop\ProjectBible\external-repos\and-bible\app\bibleview-js\src\composables\strings.ts", "TypeScript", 0, 0, 0, 0, 0, 0, 47, 0, 0, 0, 0, 0, 0, 0, 0, 0, 0, 0, 0, 0, 0, 0, 0, 0, 0, 0, 0, 0, 0, 0, 0, 0, 0, 0, 0, 0, 0, 0, 16, 8, 71
"c:\Users\Marlowe\Desktop\ProjectBible\external-repos\and-bible\app\bibleview-js\src\composables\verse-notifier.ts", "TypeScript", 0, 0, 0, 0, 0, 0, 65, 0, 0, 0, 0, 0, 0, 0, 0, 0, 0, 0, 0, 0, 0, 0, 0, 0, 0, 0, 0, 0, 0, 0, 0, 0, 0, 0, 0, 0, 0, 0, 19, 7, 91
"c:\Users\Marlowe\Desktop\ProjectBible\external-repos\and-bible\app\bibleview-js\src\declaration.d.ts", "TypeScript", 0, 0, 0, 0, 0, 0, 125, 0, 0, 0, 0, 0, 0, 0, 0, 0, 0, 0, 0, 0, 0, 0, 0, 0, 0, 0, 0, 0, 0, 0, 0, 0, 0, 0, 0, 0, 0, 0, 16, 10, 151
"c:\Users\Marlowe\Desktop\ProjectBible\external-repos\and-bible\app\bibleview-js\src\dom.ts", "TypeScript", 0, 0, 0, 0, 0, 0, 229, 0, 0, 0, 0, 0, 0, 0, 0, 0, 0, 0, 0, 0, 0, 0, 0, 0, 0, 0, 0, 0, 0, 0, 0, 0, 0, 0, 0, 0, 0, 0, 17, 27, 273
"c:\Users\Marlowe\Desktop\ProjectBible\external-repos\and-bible\app\bibleview-js\src\eventbus.ts", "TypeScript", 0, 0, 0, 0, 0, 0, 43, 0, 0, 0, 0, 0, 0, 0, 0, 0, 0, 0, 0, 0, 0, 0, 0, 0, 0, 0, 0, 0, 0, 0, 0, 0, 0, 0, 0, 0, 0, 0, 16, 6, 65
"c:\Users\Marlowe\Desktop\ProjectBible\external-repos\and-bible\app\bibleview-js\src\export.scss", "SCSS", 0, 0, 0, 0, 0, 0, 0, 0, 0, 0, 0, 0, 0, 0, 0, 0, 0, 0, 0, 0, 0, 0, 0, 0, 0, 0, 0, 0, 0, 0, 0, 0, 30, 0, 0, 0, 0, 0, 16, 6, 52
"c:\Users\Marlowe\Desktop\ProjectBible\external-repos\and-bible\app\bibleview-js\src\lang\af.yaml", "YAML", 0, 0, 0, 0, 96, 0, 0, 0, 0, 0, 0, 0, 0, 0, 0, 0, 0, 0, 0, 0, 0, 0, 0, 0, 0, 0, 0, 0, 0, 0, 0, 0, 0, 0, 0, 0, 0, 0, 1, 1, 98
"c:\Users\Marlowe\Desktop\ProjectBible\external-repos\and-bible\app\bibleview-js\src\lang\ar.yaml", "YAML", 0, 0, 0, 0, 96, 0, 0, 0, 0, 0, 0, 0, 0, 0, 0, 0, 0, 0, 0, 0, 0, 0, 0, 0, 0, 0, 0, 0, 0, 0, 0, 0, 0, 0, 0, 0, 0, 0, 1, 1, 98
"c:\Users\Marlowe\Desktop\ProjectBible\external-repos\and-bible\app\bibleview-js\src\lang\b+sr+Latn.yaml", "YAML", 0, 0, 0, 0, 96, 0, 0, 0, 0, 0, 0, 0, 0, 0, 0, 0, 0, 0, 0, 0, 0, 0, 0, 0, 0, 0, 0, 0, 0, 0, 0, 0, 0, 0, 0, 0, 0, 0, 1, 1, 98
"c:\Users\Marlowe\Desktop\ProjectBible\external-repos\and-bible\app\bibleview-js\src\lang\b+sr+RS.yaml", "YAML", 0, 0, 0, 0, 96, 0, 0, 0, 0, 0, 0, 0, 0, 0, 0, 0, 0, 0, 0, 0, 0, 0, 0, 0, 0, 0, 0, 0, 0, 0, 0, 0, 0, 0, 0, 0, 0, 0, 1, 1, 98
"c:\Users\Marlowe\Desktop\ProjectBible\external-repos\and-bible\app\bibleview-js\src\lang\bn.yaml", "YAML", 0, 0, 0, 0, 96, 0, 0, 0, 0, 0, 0, 0, 0, 0, 0, 0, 0, 0, 0, 0, 0, 0, 0, 0, 0, 0, 0, 0, 0, 0, 0, 0, 0, 0, 0, 0, 0, 0, 1, 1, 98
"c:\Users\Marlowe\Desktop\ProjectBible\external-repos\and-bible\app\bibleview-js\src\lang\check.py", "Python", 0, 0, 0, 0, 0, 0, 0, 38, 0, 0, 0, 0, 0, 0, 0, 0, 0, 0, 0, 0, 0, 0, 0, 0, 0, 0, 0, 0, 0, 0, 0, 0, 0, 0, 0, 0, 0, 0, 1, 12, 51
"c:\Users\Marlowe\Desktop\ProjectBible\external-repos\and-bible\app\bibleview-js\src\lang\cs.yaml", "YAML", 0, 0, 0, 0, 96, 0, 0, 0, 0, 0, 0, 0, 0, 0, 0, 0, 0, 0, 0, 0, 0, 0, 0, 0, 0, 0, 0, 0, 0, 0, 0, 0, 0, 0, 0, 0, 0, 0, 1, 1, 98
"c:\Users\Marlowe\Desktop\ProjectBible\external-repos\and-bible\app\bibleview-js\src\lang\de.yaml", "YAML", 0, 0, 0, 0, 96, 0, 0, 0, 0, 0, 0, 0, 0, 0, 0, 0, 0, 0, 0, 0, 0, 0, 0, 0, 0, 0, 0, 0, 0, 0, 0, 0, 0, 0, 0, 0, 0, 0, 1, 1, 98
"c:\Users\Marlowe\Desktop\ProjectBible\external-repos\and-bible\app\bibleview-js\src\lang\default.yaml", "YAML", 0, 0, 0, 0, 98, 0, 0, 0, 0, 0, 0, 0, 0, 0, 0, 0, 0, 0, 0, 0, 0, 0, 0, 0, 0, 0, 0, 0, 0, 0, 0, 0, 0, 0, 0, 0, 0, 0, 1, 1, 100
"c:\Users\Marlowe\Desktop\ProjectBible\external-repos\and-bible\app\bibleview-js\src\lang\el.yaml", "YAML", 0, 0, 0, 0, 96, 0, 0, 0, 0, 0, 0, 0, 0, 0, 0, 0, 0, 0, 0, 0, 0, 0, 0, 0, 0, 0, 0, 0, 0, 0, 0, 0, 0, 0, 0, 0, 0, 0, 1, 1, 98
"c:\Users\Marlowe\Desktop\ProjectBible\external-repos\and-bible\app\bibleview-js\src\lang\en.yaml", "YAML", 0, 0, 0, 0, 94, 0, 0, 0, 0, 0, 0, 0, 0, 0, 0, 0, 0, 0, 0, 0, 0, 0, 0, 0, 0, 0, 0, 0, 0, 0, 0, 0, 0, 0, 0, 0, 0, 0, 1, 1, 96
"c:\Users\Marlowe\Desktop\ProjectBible\external-repos\and-bible\app\bibleview-js\src\lang\eo.yaml", "YAML", 0, 0, 0, 0, 96, 0, 0, 0, 0, 0, 0, 0, 0, 0, 0, 0, 0, 0, 0, 0, 0, 0, 0, 0, 0, 0, 0, 0, 0, 0, 0, 0, 0, 0, 0, 0, 0, 0, 1, 1, 98
"c:\Users\Marlowe\Desktop\ProjectBible\external-repos\and-bible\app\bibleview-js\src\lang\es.yaml", "YAML", 0, 0, 0, 0, 96, 0, 0, 0, 0, 0, 0, 0, 0, 0, 0, 0, 0, 0, 0, 0, 0, 0, 0, 0, 0, 0, 0, 0, 0, 0, 0, 0, 0, 0, 0, 0, 0, 0, 1, 1, 98
"c:\Users\Marlowe\Desktop\ProjectBible\external-repos\and-bible\app\bibleview-js\src\lang\et.yaml", "YAML", 0, 0, 0, 0, 96, 0, 0, 0, 0, 0, 0, 0, 0, 0, 0, 0, 0, 0, 0, 0, 0, 0, 0, 0, 0, 0, 0, 0, 0, 0, 0, 0, 0, 0, 0, 0, 0, 0, 1, 1, 98
"c:\Users\Marlowe\Desktop\ProjectBible\external-repos\and-bible\app\bibleview-js\src\lang\fi.yaml", "YAML", 0, 0, 0, 0, 96, 0, 0, 0, 0, 0, 0, 0, 0, 0, 0, 0, 0, 0, 0, 0, 0, 0, 0, 0, 0, 0, 0, 0, 0, 0, 0, 0, 0, 0, 0, 0, 0, 0, 1, 1, 98
"c:\Users\Marlowe\Desktop\ProjectBible\external-repos\and-bible\app\bibleview-js\src\lang\fr.yaml", "YAML", 0, 0, 0, 0, 96, 0, 0, 0, 0, 0, 0, 0, 0, 0, 0, 0, 0, 0, 0, 0, 0, 0, 0, 0, 0, 0, 0, 0, 0, 0, 0, 0, 0, 0, 0, 0, 0, 0, 1, 1, 98
"c:\Users\Marlowe\Desktop\ProjectBible\external-repos\and-bible\app\bibleview-js\src\lang\he.yaml", "YAML", 0, 0, 0, 0, 96, 0, 0, 0, 0, 0, 0, 0, 0, 0, 0, 0, 0, 0, 0, 0, 0, 0, 0, 0, 0, 0, 0, 0, 0, 0, 0, 0, 0, 0, 0, 0, 0, 0, 1, 1, 98
"c:\Users\Marlowe\Desktop\ProjectBible\external-repos\and-bible\app\bibleview-js\src\lang\hi.yaml", "YAML", 0, 0, 0, 0, 96, 0, 0, 0, 0, 0, 0, 0, 0, 0, 0, 0, 0, 0, 0, 0, 0, 0, 0, 0, 0, 0, 0, 0, 0, 0, 0, 0, 0, 0, 0, 0, 0, 0, 1, 1, 98
"c:\Users\Marlowe\Desktop\ProjectBible\external-repos\and-bible\app\bibleview-js\src\lang\hr.yaml", "YAML", 0, 0, 0, 0, 96, 0, 0, 0, 0, 0, 0, 0, 0, 0, 0, 0, 0, 0, 0, 0, 0, 0, 0, 0, 0, 0, 0, 0, 0, 0, 0, 0, 0, 0, 0, 0, 0, 0, 1, 1, 98
"c:\Users\Marlowe\Desktop\ProjectBible\external-repos\and-bible\app\bibleview-js\src\lang\hu.yaml", "YAML", 0, 0, 0, 0, 96, 0, 0, 0, 0, 0, 0, 0, 0, 0, 0, 0, 0, 0, 0, 0, 0, 0, 0, 0, 0, 0, 0, 0, 0, 0, 0, 0, 0, 0, 0, 0, 0, 0, 1, 1, 98
"c:\Users\Marlowe\Desktop\ProjectBible\external-repos\and-bible\app\bibleview-js\src\lang\it.yaml", "YAML", 0, 0, 0, 0, 96, 0, 0, 0, 0, 0, 0, 0, 0, 0, 0, 0, 0, 0, 0, 0, 0, 0, 0, 0, 0, 0, 0, 0, 0, 0, 0, 0, 0, 0, 0, 0, 0, 0, 1, 1, 98
"c:\Users\Marlowe\Desktop\ProjectBible\external-repos\and-bible\app\bibleview-js\src\lang\kk.yaml", "YAML", 0, 0, 0, 0, 96, 0, 0, 0, 0, 0, 0, 0, 0, 0, 0, 0, 0, 0, 0, 0, 0, 0, 0, 0, 0, 0, 0, 0, 0, 0, 0, 0, 0, 0, 0, 0, 0, 0, 1, 2, 99
"c:\Users\Marlowe\Desktop\ProjectBible\external-repos\and-bible\app\bibleview-js\src\lang\ko.yaml", "YAML", 0, 0, 0, 0, 96, 0, 0, 0, 0, 0, 0, 0, 0, 0, 0, 0, 0, 0, 0, 0, 0, 0, 0, 0, 0, 0, 0, 0, 0, 0, 0, 0, 0, 0, 0, 0, 0, 0, 1, 1, 98
"c:\Users\Marlowe\Desktop\ProjectBible\external-repos\and-bible\app\bibleview-js\src\lang\lt.yaml", "YAML", 0, 0, 0, 0, 96, 0, 0, 0, 0, 0, 0, 0, 0, 0, 0, 0, 0, 0, 0, 0, 0, 0, 0, 0, 0, 0, 0, 0, 0, 0, 0, 0, 0, 0, 0, 0, 0, 0, 1, 1, 98
"c:\Users\Marlowe\Desktop\ProjectBible\external-repos\and-bible\app\bibleview-js\src\lang\my.yaml", "YAML", 0, 0, 0, 0, 96, 0, 0, 0, 0, 0, 0, 0, 0, 0, 0, 0, 0, 0, 0, 0, 0, 0, 0, 0, 0, 0, 0, 0, 0, 0, 0, 0, 0, 0, 0, 0, 0, 0, 1, 1, 98
"c:\Users\Marlowe\Desktop\ProjectBible\external-repos\and-bible\app\bibleview-js\src\lang\nb.yaml", "YAML", 0, 0, 0, 0, 64, 0, 0, 0, 0, 0, 0, 0, 0, 0, 0, 0, 0, 0, 0, 0, 0, 0, 0, 0, 0, 0, 0, 0, 0, 0, 0, 0, 0, 0, 0, 0, 0, 0, 1, 1, 66
"c:\Users\Marlowe\Desktop\ProjectBible\external-repos\and-bible\app\bibleview-js\src\lang\nl.yaml", "YAML", 0, 0, 0, 0, 96, 0, 0, 0, 0, 0, 0, 0, 0, 0, 0, 0, 0, 0, 0, 0, 0, 0, 0, 0, 0, 0, 0, 0, 0, 0, 0, 0, 0, 0, 0, 0, 0, 0, 1, 1, 98
"c:\Users\Marlowe\Desktop\ProjectBible\external-repos\and-bible\app\bibleview-js\src\lang\pl.yaml", "YAML", 0, 0, 0, 0, 96, 0, 0, 0, 0, 0, 0, 0, 0, 0, 0, 0, 0, 0, 0, 0, 0, 0, 0, 0, 0, 0, 0, 0, 0, 0, 0, 0, 0, 0, 0, 0, 0, 0, 1, 1, 98
"c:\Users\Marlowe\Desktop\ProjectBible\external-repos\and-bible\app\bibleview-js\src\lang\pt-BR.yaml", "YAML", 0, 0, 0, 0, 96, 0, 0, 0, 0, 0, 0, 0, 0, 0, 0, 0, 0, 0, 0, 0, 0, 0, 0, 0, 0, 0, 0, 0, 0, 0, 0, 0, 0, 0, 0, 0, 0, 0, 1, 1, 98
"c:\Users\Marlowe\Desktop\ProjectBible\external-repos\and-bible\app\bibleview-js\src\lang\pt.yaml", "YAML", 0, 0, 0, 0, 96, 0, 0, 0, 0, 0, 0, 0, 0, 0, 0, 0, 0, 0, 0, 0, 0, 0, 0, 0, 0, 0, 0, 0, 0, 0, 0, 0, 0, 0, 0, 0, 0, 0, 1, 1, 98
"c:\Users\Marlowe\Desktop\ProjectBible\external-repos\and-bible\app\bibleview-js\src\lang\ro.yaml", "YAML", 0, 0, 0, 0, 96, 0, 0, 0, 0, 0, 0, 0, 0, 0, 0, 0, 0, 0, 0, 0, 0, 0, 0, 0, 0, 0, 0, 0, 0, 0, 0, 0, 0, 0, 0, 0, 0, 0, 1, 1, 98
"c:\Users\Marlowe\Desktop\ProjectBible\external-repos\and-bible\app\bibleview-js\src\lang\ru.yaml", "YAML", 0, 0, 0, 0, 96, 0, 0, 0, 0, 0, 0, 0, 0, 0, 0, 0, 0, 0, 0, 0, 0, 0, 0, 0, 0, 0, 0, 0, 0, 0, 0, 0, 0, 0, 0, 0, 0, 0, 1, 1, 98
"c:\Users\Marlowe\Desktop\ProjectBible\external-repos\and-bible\app\bibleview-js\src\lang\sk.yaml", "YAML", 0, 0, 0, 0, 96, 0, 0, 0, 0, 0, 0, 0, 0, 0, 0, 0, 0, 0, 0, 0, 0, 0, 0, 0, 0, 0, 0, 0, 0, 0, 0, 0, 0, 0, 0, 0, 0, 0, 1, 1, 98
"c:\Users\Marlowe\Desktop\ProjectBible\external-repos\and-bible\app\bibleview-js\src\lang\sl.yaml", "YAML", 0, 0, 0, 0, 96, 0, 0, 0, 0, 0, 0, 0, 0, 0, 0, 0, 0, 0, 0, 0, 0, 0, 0, 0, 0, 0, 0, 0, 0, 0, 0, 0, 0, 0, 0, 0, 0, 0, 1, 1, 98
"c:\Users\Marlowe\Desktop\ProjectBible\external-repos\and-bible\app\bibleview-js\src\lang\sv.yaml", "YAML", 0, 0, 0, 0, 96, 0, 0, 0, 0, 0, 0, 0, 0, 0, 0, 0, 0, 0, 0, 0, 0, 0, 0, 0, 0, 0, 0, 0, 0, 0, 0, 0, 0, 0, 0, 0, 0, 0, 1, 1, 98
"c:\Users\Marlowe\Desktop\ProjectBible\external-repos\and-bible\app\bibleview-js\src\lang\ta.yaml", "YAML", 0, 0, 0, 0, 96, 0, 0, 0, 0, 0, 0, 0, 0, 0, 0, 0, 0, 0, 0, 0, 0, 0, 0, 0, 0, 0, 0, 0, 0, 0, 0, 0, 0, 0, 0, 0, 0, 0, 1, 1, 98
"c:\Users\Marlowe\Desktop\ProjectBible\external-repos\and-bible\app\bibleview-js\src\lang\te.yaml", "YAML", 0, 0, 0, 0, 96, 0, 0, 0, 0, 0, 0, 0, 0, 0, 0, 0, 0, 0, 0, 0, 0, 0, 0, 0, 0, 0, 0, 0, 0, 0, 0, 0, 0, 0, 0, 0, 0, 0, 1, 1, 98
"c:\Users\Marlowe\Desktop\ProjectBible\external-repos\and-bible\app\bibleview-js\src\lang\tr.yaml", "YAML", 0, 0, 0, 0, 96, 0, 0, 0, 0, 0, 0, 0, 0, 0, 0, 0, 0, 0, 0, 0, 0, 0, 0, 0, 0, 0, 0, 0, 0, 0, 0, 0, 0, 0, 0, 0, 0, 0, 1, 1, 98
"c:\Users\Marlowe\Desktop\ProjectBible\external-repos\and-bible\app\bibleview-js\src\lang\uk.yaml", "YAML", 0, 0, 0, 0, 96, 0, 0, 0, 0, 0, 0, 0, 0, 0, 0, 0, 0, 0, 0, 0, 0, 0, 0, 0, 0, 0, 0, 0, 0, 0, 0, 0, 0, 0, 0, 0, 0, 0, 1, 1, 98
"c:\Users\Marlowe\Desktop\ProjectBible\external-repos\and-bible\app\bibleview-js\src\lang\yue.yaml", "YAML", 0, 0, 0, 0, 96, 0, 0, 0, 0, 0, 0, 0, 0, 0, 0, 0, 0, 0, 0, 0, 0, 0, 0, 0, 0, 0, 0, 0, 0, 0, 0, 0, 0, 0, 0, 0, 0, 0, 1, 1, 98
"c:\Users\Marlowe\Desktop\ProjectBible\external-repos\and-bible\app\bibleview-js\src\lang\zh-CN.yaml", "YAML", 0, 0, 0, 0, 96, 0, 0, 0, 0, 0, 0, 0, 0, 0, 0, 0, 0, 0, 0, 0, 0, 0, 0, 0, 0, 0, 0, 0, 0, 0, 0, 0, 0, 0, 0, 0, 0, 0, 1, 1, 98
"c:\Users\Marlowe\Desktop\ProjectBible\external-repos\and-bible\app\bibleview-js\src\lang\zh.yaml", "YAML", 0, 0, 0, 0, 96, 0, 0, 0, 0, 0, 0, 0, 0, 0, 0, 0, 0, 0, 0, 0, 0, 0, 0, 0, 0, 0, 0, 0, 0, 0, 0, 0, 0, 0, 0, 0, 0, 0, 1, 1, 98
"c:\Users\Marlowe\Desktop\ProjectBible\external-repos\and-bible\app\bibleview-js\src\lib\en_bcv_parser.js", "JavaScript", 0, 0, 0, 0, 0, 0, 0, 0, 0, 0, 0, 0, 0, 7453, 0, 0, 0, 0, 0, 0, 0, 0, 0, 0, 0, 0, 0, 0, 0, 0, 0, 0, 0, 0, 0, 0, 0, 0, 8, 323, 7784
"c:\Users\Marlowe\Desktop\ProjectBible\external-repos\and-bible\app\bibleview-js\src\lib\highlight-range.ts", "TypeScript", 0, 0, 0, 0, 0, 0, 72, 0, 0, 0, 0, 0, 0, 0, 0, 0, 0, 0, 0, 0, 0, 0, 0, 0, 0, 0, 0, 0, 0, 0, 0, 0, 0, 0, 0, 0, 0, 0, 44, 13, 129
"c:\Users\Marlowe\Desktop\ProjectBible\external-repos\and-bible\app\bibleview-js\src\lib\pell\pell.d.ts", "TypeScript", 0, 0, 0, 0, 0, 0, 17, 0, 0, 0, 0, 0, 0, 0, 0, 0, 0, 0, 0, 0, 0, 0, 0, 0, 0, 0, 0, 0, 0, 0, 0, 0, 0, 0, 0, 0, 0, 0, 16, 5, 38
"c:\Users\Marlowe\Desktop\ProjectBible\external-repos\and-bible\app\bibleview-js\src\lib\pell\pell.js", "JavaScript", 0, 0, 0, 0, 0, 0, 0, 0, 0, 0, 0, 0, 0, 169, 0, 0, 0, 0, 0, 0, 0, 0, 0, 0, 0, 0, 0, 0, 0, 0, 0, 0, 0, 0, 0, 0, 0, 0, 20, 19, 208
"c:\Users\Marlowe\Desktop\ProjectBible\external-repos\and-bible\app\bibleview-js\src\lib\pell\pell.scss", "SCSS", 0, 0, 0, 0, 0, 0, 0, 0, 0, 0, 0, 0, 0, 0, 0, 0, 0, 0, 0, 0, 0, 0, 0, 0, 0, 0, 0, 0, 0, 0, 0, 0, 43, 0, 0, 0, 0, 0, 18, 8, 69
"c:\Users\Marlowe\Desktop\ProjectBible\external-repos\and-bible\app\bibleview-js\src\lib\ryb-color-mixer.js", "JavaScript", 0, 0, 0, 0, 0, 0, 0, 0, 0, 0, 0, 0, 0, 191, 0, 0, 0, 0, 0, 0, 0, 0, 0, 0, 0, 0, 0, 0, 0, 0, 0, 0, 0, 0, 0, 0, 0, 0, 48, 57, 296
"c:\Users\Marlowe\Desktop\ProjectBible\external-repos\and-bible\app\bibleview-js\src\main.ts", "TypeScript", 0, 0, 0, 0, 0, 0, 31, 0, 0, 0, 0, 0, 0, 0, 0, 0, 0, 0, 0, 0, 0, 0, 0, 0, 0, 0, 0, 0, 0, 0, 0, 0, 0, 0, 0, 0, 0, 0, 17, 11, 59
"c:\Users\Marlowe\Desktop\ProjectBible\external-repos\and-bible\app\bibleview-js\src\shims-vue.d.ts", "TypeScript", 0, 0, 0, 0, 0, 0, 5, 0, 0, 0, 0, 0, 0, 0, 0, 0, 0, 0, 0, 0, 0, 0, 0, 0, 0, 0, 0, 0, 0, 0, 0, 0, 0, 0, 0, 0, 0, 0, 1, 1, 7
"c:\Users\Marlowe\Desktop\ProjectBible\external-repos\and-bible\app\bibleview-js\src\testdata.js", "JavaScript", 0, 0, 0, 0, 0, 0, 0, 0, 0, 0, 0, 0, 0, 288, 0, 0, 0, 0, 0, 0, 0, 0, 0, 0, 0, 0, 0, 0, 0, 0, 0, 0, 0, 0, 0, 0, 0, 0, 21, 7, 316
"c:\Users\Marlowe\Desktop\ProjectBible\external-repos\and-bible\app\bibleview-js\src\types\client-objects.ts", "TypeScript", 0, 0, 0, 0, 0, 0, 148, 0, 0, 0, 0, 0, 0, 0, 0, 0, 0, 0, 0, 0, 0, 0, 0, 0, 0, 0, 0, 0, 0, 0, 0, 0, 0, 0, 0, 0, 0, 0, 17, 24, 189
"c:\Users\Marlowe\Desktop\ProjectBible\external-repos\and-bible\app\bibleview-js\src\types\common.ts", "TypeScript", 0, 0, 0, 0, 0, 0, 57, 0, 0, 0, 0, 0, 0, 0, 0, 0, 0, 0, 0, 0, 0, 0, 0, 0, 0, 0, 0, 0, 0, 0, 0, 0, 0, 0, 0, 0, 0, 0, 16, 10, 83
"c:\Users\Marlowe\Desktop\ProjectBible\external-repos\and-bible\app\bibleview-js\src\types\constants.ts", "TypeScript", 0, 0, 0, 0, 0, 0, 39, 0, 0, 0, 0, 0, 0, 0, 0, 0, 0, 0, 0, 0, 0, 0, 0, 0, 0, 0, 0, 0, 0, 0, 0, 0, 0, 0, 0, 0, 0, 0, 16, 3, 58
"c:\Users\Marlowe\Desktop\ProjectBible\external-repos\and-bible\app\bibleview-js\src\types\documents.ts", "TypeScript", 0, 0, 0, 0, 0, 0, 111, 0, 0, 0, 0, 0, 0, 0, 0, 0, 0, 0, 0, 0, 0, 0, 0, 0, 0, 0, 0, 0, 0, 0, 0, 0, 0, 0, 0, 0, 0, 0, 17, 21, 149
"c:\Users\Marlowe\Desktop\ProjectBible\external-repos\and-bible\app\bibleview-js\src\utils.ts", "TypeScript", 0, 0, 0, 0, 0, 0, 548, 0, 0, 0, 0, 0, 0, 0, 0, 0, 0, 0, 0, 0, 0, 0, 0, 0, 0, 0, 0, 0, 0, 0, 0, 0, 0, 0, 0, 0, 0, 0, 25, 95, 668
"c:\Users\Marlowe\Desktop\ProjectBible\external-repos\and-bible\app\bibleview-js\src\utils\xml-validation.ts", "TypeScript", 0, 0, 0, 0, 0, 0, 81, 0, 0, 0, 0, 0, 0, 0, 0, 0, 0, 0, 0, 0, 0, 0, 0, 0, 0, 0, 0, 0, 0, 0, 0, 0, 0, 0, 0, 0, 0, 0, 20, 14, 115
"c:\Users\Marlowe\Desktop\ProjectBible\external-repos\and-bible\app\bibleview-js\tsconfig.json", "JSON with Comments", 0, 33, 0, 0, 0, 0, 0, 0, 0, 0, 0, 0, 0, 0, 0, 0, 0, 0, 0, 0, 0, 0, 0, 0, 0, 0, 0, 0, 0, 0, 0, 0, 0, 0, 0, 0, 0, 0, 0, 1, 34
"c:\Users\Marlowe\Desktop\ProjectBible\external-repos\and-bible\app\bibleview-js\vite.config.mts", "TypeScript", 0, 0, 0, 0, 0, 0, 47, 0, 0, 0, 0, 0, 0, 0, 0, 0, 0, 0, 0, 0, 0, 0, 0, 0, 0, 0, 0, 0, 0, 0, 0, 0, 0, 0, 0, 0, 0, 0, 23, 9, 79
"c:\Users\Marlowe\Desktop\ProjectBible\external-repos\and-bible\app\bibleview-js\vitest.config.mts", "TypeScript", 0, 0, 0, 0, 0, 0, 30, 0, 0, 0, 0, 0, 0, 0, 0, 0, 0, 0, 0, 0, 0, 0, 0, 0, 0, 0, 0, 0, 0, 0, 0, 0, 0, 0, 0, 0, 0, 0, 17, 7, 54
"c:\Users\Marlowe\Desktop\ProjectBible\external-repos\and-bible\app\schemas\net.bible.android.database.BookmarkDatabase\1.json", "JSON", 0, 0, 533, 0, 0, 0, 0, 0, 0, 0, 0, 0, 0, 0, 0, 0, 0, 0, 0, 0, 0, 0, 0, 0, 0, 0, 0, 0, 0, 0, 0, 0, 0, 0, 0, 0, 0, 0, 0, 0, 533
"c:\Users\Marlowe\Desktop\ProjectBible\external-repos\and-bible\app\schemas\net.bible.android.database.BookmarkDatabase\10.json", "JSON", 0, 0, 896, 0, 0, 0, 0, 0, 0, 0, 0, 0, 0, 0, 0, 0, 0, 0, 0, 0, 0, 0, 0, 0, 0, 0, 0, 0, 0, 0, 0, 0, 0, 0, 0, 0, 0, 0, 0, 0, 896
"c:\Users\Marlowe\Desktop\ProjectBible\external-repos\and-bible\app\schemas\net.bible.android.database.BookmarkDatabase\2.json", "JSON", 0, 0, 605, 0, 0, 0, 0, 0, 0, 0, 0, 0, 0, 0, 0, 0, 0, 0, 0, 0, 0, 0, 0, 0, 0, 0, 0, 0, 0, 0, 0, 0, 0, 0, 0, 0, 0, 0, 0, 0, 605
"c:\Users\Marlowe\Desktop\ProjectBible\external-repos\and-bible\app\schemas\net.bible.android.database.BookmarkDatabase\3.json", "JSON", 0, 0, 827, 0, 0, 0, 0, 0, 0, 0, 0, 0, 0, 0, 0, 0, 0, 0, 0, 0, 0, 0, 0, 0, 0, 0, 0, 0, 0, 0, 0, 0, 0, 0, 0, 0, 0, 0, 0, 0, 827
"c:\Users\Marlowe\Desktop\ProjectBible\external-repos\and-bible\app\schemas\net.bible.android.database.BookmarkDatabase\4.json", "JSON", 0, 0, 828, 0, 0, 0, 0, 0, 0, 0, 0, 0, 0, 0, 0, 0, 0, 0, 0, 0, 0, 0, 0, 0, 0, 0, 0, 0, 0, 0, 0, 0, 0, 0, 0, 0, 0, 0, 0, 0, 828
"c:\Users\Marlowe\Desktop\ProjectBible\external-repos\and-bible\app\schemas\net.bible.android.database.BookmarkDatabase\5.json", "JSON", 0, 0, 835, 0, 0, 0, 0, 0, 0, 0, 0, 0, 0, 0, 0, 0, 0, 0, 0, 0, 0, 0, 0, 0, 0, 0, 0, 0, 0, 0, 0, 0, 0, 0, 0, 0, 0, 0, 0, 0, 835
"c:\Users\Marlowe\Desktop\ProjectBible\external-repos\and-bible\app\schemas\net.bible.android.database.BookmarkDatabase\6.json", "JSON", 0, 0, 841, 0, 0, 0, 0, 0, 0, 0, 0, 0, 0, 0, 0, 0, 0, 0, 0, 0, 0, 0, 0, 0, 0, 0, 0, 0, 0, 0, 0, 0, 0, 0, 0, 0, 0, 0, 0, 0, 841
"c:\Users\Marlowe\Desktop\ProjectBible\external-repos\and-bible\app\schemas\net.bible.android.database.BookmarkDatabase\7.json", "JSON", 0, 0, 850, 0, 0, 0, 0, 0, 0, 0, 0, 0, 0, 0, 0, 0, 0, 0, 0, 0, 0, 0, 0, 0, 0, 0, 0, 0, 0, 0, 0, 0, 0, 0, 0, 0, 0, 0, 0, 0, 850
"c:\Users\Marlowe\Desktop\ProjectBible\external-repos\and-bible\app\schemas\net.bible.android.database.BookmarkDatabase\8.json", "JSON", 0, 0, 881, 0, 0, 0, 0, 0, 0, 0, 0, 0, 0, 0, 0, 0, 0, 0, 0, 0, 0, 0, 0, 0, 0, 0, 0, 0, 0, 0, 0, 0, 0, 0, 0, 0, 0, 0, 0, 0, 881
"c:\Users\Marlowe\Desktop\ProjectBible\external-repos\and-bible\app\schemas\net.bible.android.database.BookmarkDatabase\9.json", "JSON", 0, 0, 902, 0, 0, 0, 0, 0, 0, 0, 0, 0, 0, 0, 0, 0, 0, 0, 0, 0, 0, 0, 0, 0, 0, 0, 0, 0, 0, 0, 0, 0, 0, 0, 0, 0, 0, 0, 0, 0, 902
"c:\Users\Marlowe\Desktop\ProjectBible\external-repos\and-bible\app\schemas\net.bible.android.database.EpubDatabase\1.json", "JSON", 0, 0, 120, 0, 0, 0, 0, 0, 0, 0, 0, 0, 0, 0, 0, 0, 0, 0, 0, 0, 0, 0, 0, 0, 0, 0, 0, 0, 0, 0, 0, 0, 0, 0, 0, 0, 0, 0, 0, 0, 120
"c:\Users\Marlowe\Desktop\ProjectBible\external-repos\and-bible\app\schemas\net.bible.android.database.OldMonolithicAppDatabase\33.json", "JSON", 0, 0, 1058, 0, 0, 0, 0, 0, 0, 0, 0, 0, 0, 0, 0, 0, 0, 0, 0, 0, 0, 0, 0, 0, 0, 0, 0, 0, 0, 0, 0, 0, 0, 0, 0, 0, 0, 0, 0, 0, 1058
"c:\Users\Marlowe\Desktop\ProjectBible\external-repos\and-bible\app\schemas\net.bible.android.database.OldMonolithicAppDatabase\34.json", "JSON", 0, 0, 1093, 0, 0, 0, 0, 0, 0, 0, 0, 0, 0, 0, 0, 0, 0, 0, 0, 0, 0, 0, 0, 0, 0, 0, 0, 0, 0, 0, 0, 0, 0, 0, 0, 0, 0, 0, 0, 0, 1093
"c:\Users\Marlowe\Desktop\ProjectBible\external-repos\and-bible\app\schemas\net.bible.android.database.OldMonolithicAppDatabase\35.json", "JSON", 0, 0, 1111, 0, 0, 0, 0, 0, 0, 0, 0, 0, 0, 0, 0, 0, 0, 0, 0, 0, 0, 0, 0, 0, 0, 0, 0, 0, 0, 0, 0, 0, 0, 0, 0, 0, 0, 0, 0, 0, 1111
"c:\Users\Marlowe\Desktop\ProjectBible\external-repos\and-bible\app\schemas\net.bible.android.database.OldMonolithicAppDatabase\36.json", "JSON", 0, 0, 1153, 0, 0, 0, 0, 0, 0, 0, 0, 0, 0, 0, 0, 0, 0, 0, 0, 0, 0, 0, 0, 0, 0, 0, 0, 0, 0, 0, 0, 0, 0, 0, 0, 0, 0, 0, 0, 0, 1153
"c:\Users\Marlowe\Desktop\ProjectBible\external-repos\and-bible\app\schemas\net.bible.android.database.OldMonolithicAppDatabase\37.json", "JSON", 0, 0, 1159, 0, 0, 0, 0, 0, 0, 0, 0, 0, 0, 0, 0, 0, 0, 0, 0, 0, 0, 0, 0, 0, 0, 0, 0, 0, 0, 0, 0, 0, 0, 0, 0, 0, 0, 0, 0, 0, 1159
"c:\Users\Marlowe\Desktop\ProjectBible\external-repos\and-bible\app\schemas\net.bible.android.database.OldMonolithicAppDatabase\38.json", "JSON", 0, 0, 1108, 0, 0, 0, 0, 0, 0, 0, 0, 0, 0, 0, 0, 0, 0, 0, 0, 0, 0, 0, 0, 0, 0, 0, 0, 0, 0, 0, 0, 0, 0, 0, 0, 0, 0, 0, 0, 0, 1108
"c:\Users\Marlowe\Desktop\ProjectBible\external-repos\and-bible\app\schemas\net.bible.android.database.OldMonolithicAppDatabase\39.json", "JSON", 0, 0, 1115, 0, 0, 0, 0, 0, 0, 0, 0, 0, 0, 0, 0, 0, 0, 0, 0, 0, 0, 0, 0, 0, 0, 0, 0, 0, 0, 0, 0, 0, 0, 0, 0, 0, 0, 0, 0, 0, 1115
"c:\Users\Marlowe\Desktop\ProjectBible\external-repos\and-bible\app\schemas\net.bible.android.database.OldMonolithicAppDatabase\40.json", "JSON", 0, 0, 1194, 0, 0, 0, 0, 0, 0, 0, 0, 0, 0, 0, 0, 0, 0, 0, 0, 0, 0, 0, 0, 0, 0, 0, 0, 0, 0, 0, 0, 0, 0, 0, 0, 0, 0, 0, 0, 1, 1195
"c:\Users\Marlowe\Desktop\ProjectBible\external-repos\and-bible\app\schemas\net.bible.android.database.OldMonolithicAppDatabase\41.json", "JSON", 0, 0, 1244, 0, 0, 0, 0, 0, 0, 0, 0, 0, 0, 0, 0, 0, 0, 0, 0, 0, 0, 0, 0, 0, 0, 0, 0, 0, 0, 0, 0, 0, 0, 0, 0, 0, 0, 0, 0, 0, 1244
"c:\Users\Marlowe\Desktop\ProjectBible\external-repos\and-bible\app\schemas\net.bible.android.database.OldMonolithicAppDatabase\42.json", "JSON", 0, 0, 1244, 0, 0, 0, 0, 0, 0, 0, 0, 0, 0, 0, 0, 0, 0, 0, 0, 0, 0, 0, 0, 0, 0, 0, 0, 0, 0, 0, 0, 0, 0, 0, 0, 0, 0, 0, 0, 0, 1244
"c:\Users\Marlowe\Desktop\ProjectBible\external-repos\and-bible\app\schemas\net.bible.android.database.OldMonolithicAppDatabase\43.json", "JSON", 0, 0, 1251, 0, 0, 0, 0, 0, 0, 0, 0, 0, 0, 0, 0, 0, 0, 0, 0, 0, 0, 0, 0, 0, 0, 0, 0, 0, 0, 0, 0, 0, 0, 0, 0, 0, 0, 0, 0, 0, 1251
"c:\Users\Marlowe\Desktop\ProjectBible\external-repos\and-bible\app\schemas\net.bible.android.database.OldMonolithicAppDatabase\44.json", "JSON", 0, 0, 1265, 0, 0, 0, 0, 0, 0, 0, 0, 0, 0, 0, 0, 0, 0, 0, 0, 0, 0, 0, 0, 0, 0, 0, 0, 0, 0, 0, 0, 0, 0, 0, 0, 0, 0, 0, 0, 0, 1265
"c:\Users\Marlowe\Desktop\ProjectBible\external-repos\and-bible\app\schemas\net.bible.android.database.OldMonolithicAppDatabase\45.json", "JSON", 0, 0, 1259, 0, 0, 0, 0, 0, 0, 0, 0, 0, 0, 0, 0, 0, 0, 0, 0, 0, 0, 0, 0, 0, 0, 0, 0, 0, 0, 0, 0, 0, 0, 0, 0, 0, 0, 0, 0, 0, 1259
"c:\Users\Marlowe\Desktop\ProjectBible\external-repos\and-bible\app\schemas\net.bible.android.database.OldMonolithicAppDatabase\46.json", "JSON", 0, 0, 1284, 0, 0, 0, 0, 0, 0, 0, 0, 0, 0, 0, 0, 0, 0, 0, 0, 0, 0, 0, 0, 0, 0, 0, 0, 0, 0, 0, 0, 0, 0, 0, 0, 0, 0, 0, 0, 0, 1284
"c:\Users\Marlowe\Desktop\ProjectBible\external-repos\and-bible\app\schemas\net.bible.android.database.OldMonolithicAppDatabase\47.json", "JSON", 0, 0, 1285, 0, 0, 0, 0, 0, 0, 0, 0, 0, 0, 0, 0, 0, 0, 0, 0, 0, 0, 0, 0, 0, 0, 0, 0, 0, 0, 0, 0, 0, 0, 0, 0, 0, 0, 0, 0, 0, 1285
"c:\Users\Marlowe\Desktop\ProjectBible\external-repos\and-bible\app\schemas\net.bible.android.database.OldMonolithicAppDatabase\48.json", "JSON", 0, 0, 1306, 0, 0, 0, 0, 0, 0, 0, 0, 0, 0, 0, 0, 0, 0, 0, 0, 0, 0, 0, 0, 0, 0, 0, 0, 0, 0, 0, 0, 0, 0, 0, 0, 0, 0, 0, 0, 0, 1306
"c:\Users\Marlowe\Desktop\ProjectBible\external-repos\and-bible\app\schemas\net.bible.android.database.OldMonolithicAppDatabase\49.json", "JSON", 0, 0, 1341, 0, 0, 0, 0, 0, 0, 0, 0, 0, 0, 0, 0, 0, 0, 0, 0, 0, 0, 0, 0, 0, 0, 0, 0, 0, 0, 0, 0, 0, 0, 0, 0, 0, 0, 0, 0, 0, 1341
"c:\Users\Marlowe\Desktop\ProjectBible\external-repos\and-bible\app\schemas\net.bible.android.database.OldMonolithicAppDatabase\50.json", "JSON", 0, 0, 1362, 0, 0, 0, 0, 0, 0, 0, 0, 0, 0, 0, 0, 0, 0, 0, 0, 0, 0, 0, 0, 0, 0, 0, 0, 0, 0, 0, 0, 0, 0, 0, 0, 0, 0, 0, 0, 0, 1362
"c:\Users\Marlowe\Desktop\ProjectBible\external-repos\and-bible\app\schemas\net.bible.android.database.OldMonolithicAppDatabase\51.json", "JSON", 0, 0, 1369, 0, 0, 0, 0, 0, 0, 0, 0, 0, 0, 0, 0, 0, 0, 0, 0, 0, 0, 0, 0, 0, 0, 0, 0, 0, 0, 0, 0, 0, 0, 0, 0, 0, 0, 0, 0, 0, 1369
"c:\Users\Marlowe\Desktop\ProjectBible\external-repos\and-bible\app\schemas\net.bible.android.database.OldMonolithicAppDatabase\52.json", "JSON", 0, 0, 1376, 0, 0, 0, 0, 0, 0, 0, 0, 0, 0, 0, 0, 0, 0, 0, 0, 0, 0, 0, 0, 0, 0, 0, 0, 0, 0, 0, 0, 0, 0, 0, 0, 0, 0, 0, 0, 0, 1376
"c:\Users\Marlowe\Desktop\ProjectBible\external-repos\and-bible\app\schemas\net.bible.android.database.OldMonolithicAppDatabase\53.json", "JSON", 0, 0, 1402, 0, 0, 0, 0, 0, 0, 0, 0, 0, 0, 0, 0, 0, 0, 0, 0, 0, 0, 0, 0, 0, 0, 0, 0, 0, 0, 0, 0, 0, 0, 0, 0, 0, 0, 0, 0, 0, 1402
"c:\Users\Marlowe\Desktop\ProjectBible\external-repos\and-bible\app\schemas\net.bible.android.database.OldMonolithicAppDatabase\54.json", "JSON", 0, 0, 1488, 0, 0, 0, 0, 0, 0, 0, 0, 0, 0, 0, 0, 0, 0, 0, 0, 0, 0, 0, 0, 0, 0, 0, 0, 0, 0, 0, 0, 0, 0, 0, 0, 0, 0, 0, 0, 0, 1488
"c:\Users\Marlowe\Desktop\ProjectBible\external-repos\and-bible\app\schemas\net.bible.android.database.OldMonolithicAppDatabase\55.json", "JSON", 0, 0, 1502, 0, 0, 0, 0, 0, 0, 0, 0, 0, 0, 0, 0, 0, 0, 0, 0, 0, 0, 0, 0, 0, 0, 0, 0, 0, 0, 0, 0, 0, 0, 0, 0, 0, 0, 0, 0, 0, 1502
"c:\Users\Marlowe\Desktop\ProjectBible\external-repos\and-bible\app\schemas\net.bible.android.database.OldMonolithicAppDatabase\56.json", "JSON", 0, 0, 1509, 0, 0, 0, 0, 0, 0, 0, 0, 0, 0, 0, 0, 0, 0, 0, 0, 0, 0, 0, 0, 0, 0, 0, 0, 0, 0, 0, 0, 0, 0, 0, 0, 0, 0, 0, 0, 0, 1509
"c:\Users\Marlowe\Desktop\ProjectBible\external-repos\and-bible\app\schemas\net.bible.android.database.OldMonolithicAppDatabase\57.json", "JSON", 0, 0, 1509, 0, 0, 0, 0, 0, 0, 0, 0, 0, 0, 0, 0, 0, 0, 0, 0, 0, 0, 0, 0, 0, 0, 0, 0, 0, 0, 0, 0, 0, 0, 0, 0, 0, 0, 0, 0, 0, 1509
"c:\Users\Marlowe\Desktop\ProjectBible\external-repos\and-bible\app\schemas\net.bible.android.database.OldMonolithicAppDatabase\58.json", "JSON", 0, 0, 1526, 0, 0, 0, 0, 0, 0, 0, 0, 0, 0, 0, 0, 0, 0, 0, 0, 0, 0, 0, 0, 0, 0, 0, 0, 0, 0, 0, 0, 0, 0, 0, 0, 0, 0, 0, 0, 0, 1526
"c:\Users\Marlowe\Desktop\ProjectBible\external-repos\and-bible\app\schemas\net.bible.android.database.OldMonolithicAppDatabase\59.json", "JSON", 0, 0, 1554, 0, 0, 0, 0, 0, 0, 0, 0, 0, 0, 0, 0, 0, 0, 0, 0, 0, 0, 0, 0, 0, 0, 0, 0, 0, 0, 0, 0, 0, 0, 0, 0, 0, 0, 0, 0, 0, 1554
"c:\Users\Marlowe\Desktop\ProjectBible\external-repos\and-bible\app\schemas\net.bible.android.database.OldMonolithicAppDatabase\60.json", "JSON", 0, 0, 1561, 0, 0, 0, 0, 0, 0, 0, 0, 0, 0, 0, 0, 0, 0, 0, 0, 0, 0, 0, 0, 0, 0, 0, 0, 0, 0, 0, 0, 0, 0, 0, 0, 0, 0, 0, 0, 0, 1561
"c:\Users\Marlowe\Desktop\ProjectBible\external-repos\and-bible\app\schemas\net.bible.android.database.OldMonolithicAppDatabase\61.json", "JSON", 0, 0, 1568, 0, 0, 0, 0, 0, 0, 0, 0, 0, 0, 0, 0, 0, 0, 0, 0, 0, 0, 0, 0, 0, 0, 0, 0, 0, 0, 0, 0, 0, 0, 0, 0, 0, 0, 0, 0, 0, 1568
"c:\Users\Marlowe\Desktop\ProjectBible\external-repos\and-bible\app\schemas\net.bible.android.database.OldMonolithicAppDatabase\62.json", "JSON", 0, 0, 1575, 0, 0, 0, 0, 0, 0, 0, 0, 0, 0, 0, 0, 0, 0, 0, 0, 0, 0, 0, 0, 0, 0, 0, 0, 0, 0, 0, 0, 0, 0, 0, 0, 0, 0, 0, 0, 0, 1575
"c:\Users\Marlowe\Desktop\ProjectBible\external-repos\and-bible\app\schemas\net.bible.android.database.OldMonolithicAppDatabase\63.json", "JSON", 0, 0, 1582, 0, 0, 0, 0, 0, 0, 0, 0, 0, 0, 0, 0, 0, 0, 0, 0, 0, 0, 0, 0, 0, 0, 0, 0, 0, 0, 0, 0, 0, 0, 0, 0, 0, 0, 0, 0, 0, 1582
"c:\Users\Marlowe\Desktop\ProjectBible\external-repos\and-bible\app\schemas\net.bible.android.database.OldMonolithicAppDatabase\64.json", "JSON", 0, 0, 1582, 0, 0, 0, 0, 0, 0, 0, 0, 0, 0, 0, 0, 0, 0, 0, 0, 0, 0, 0, 0, 0, 0, 0, 0, 0, 0, 0, 0, 0, 0, 0, 0, 0, 0, 0, 0, 0, 1582
"c:\Users\Marlowe\Desktop\ProjectBible\external-repos\and-bible\app\schemas\net.bible.android.database.OldMonolithicAppDatabase\65.json", "JSON", 0, 0, 1589, 0, 0, 0, 0, 0, 0, 0, 0, 0, 0, 0, 0, 0, 0, 0, 0, 0, 0, 0, 0, 0, 0, 0, 0, 0, 0, 0, 0, 0, 0, 0, 0, 0, 0, 0, 0, 0, 1589
"c:\Users\Marlowe\Desktop\ProjectBible\external-repos\and-bible\app\schemas\net.bible.android.database.OldMonolithicAppDatabase\66.json", "JSON", 0, 0, 1603, 0, 0, 0, 0, 0, 0, 0, 0, 0, 0, 0, 0, 0, 0, 0, 0, 0, 0, 0, 0, 0, 0, 0, 0, 0, 0, 0, 0, 0, 0, 0, 0, 0, 0, 0, 0, 0, 1603
"c:\Users\Marlowe\Desktop\ProjectBible\external-repos\and-bible\app\schemas\net.bible.android.database.OldMonolithicAppDatabase\67.json", "JSON", 0, 0, 1675, 0, 0, 0, 0, 0, 0, 0, 0, 0, 0, 0, 0, 0, 0, 0, 0, 0, 0, 0, 0, 0, 0, 0, 0, 0, 0, 0, 0, 0, 0, 0, 0, 0, 0, 0, 0, 0, 1675
"c:\Users\Marlowe\Desktop\ProjectBible\external-repos\and-bible\app\schemas\net.bible.android.database.OldMonolithicAppDatabase\68.json", "JSON", 0, 0, 1689, 0, 0, 0, 0, 0, 0, 0, 0, 0, 0, 0, 0, 0, 0, 0, 0, 0, 0, 0, 0, 0, 0, 0, 0, 0, 0, 0, 0, 0, 0, 0, 0, 0, 0, 0, 0, 0, 1689
"c:\Users\Marlowe\Desktop\ProjectBible\external-repos\and-bible\app\schemas\net.bible.android.database.OldMonolithicAppDatabase\69.json", "JSON", 0, 0, 34, 0, 0, 0, 0, 0, 0, 0, 0, 0, 0, 0, 0, 0, 0, 0, 0, 0, 0, 0, 0, 0, 0, 0, 0, 0, 0, 0, 0, 0, 0, 0, 0, 0, 0, 0, 0, 0, 34
"c:\Users\Marlowe\Desktop\ProjectBible\external-repos\and-bible\app\schemas\net.bible.android.database.ReadingPlanDatabase\1.json", "JSON", 0, 0, 261, 0, 0, 0, 0, 0, 0, 0, 0, 0, 0, 0, 0, 0, 0, 0, 0, 0, 0, 0, 0, 0, 0, 0, 0, 0, 0, 0, 0, 0, 0, 0, 0, 0, 0, 0, 0, 0, 261
"c:\Users\Marlowe\Desktop\ProjectBible\external-repos\and-bible\app\schemas\net.bible.android.database.RepoDatabase\1.json", "JSON", 0, 0, 136, 0, 0, 0, 0, 0, 0, 0, 0, 0, 0, 0, 0, 0, 0, 0, 0, 0, 0, 0, 0, 0, 0, 0, 0, 0, 0, 0, 0, 0, 0, 0, 0, 0, 0, 0, 0, 0, 136
"c:\Users\Marlowe\Desktop\ProjectBible\external-repos\and-bible\app\schemas\net.bible.android.database.SettingsDatabase\1.json", "JSON", 0, 0, 118, 0, 0, 0, 0, 0, 0, 0, 0, 0, 0, 0, 0, 0, 0, 0, 0, 0, 0, 0, 0, 0, 0, 0, 0, 0, 0, 0, 0, 0, 0, 0, 0, 0, 0, 0, 0, 0, 118
"c:\Users\Marlowe\Desktop\ProjectBible\external-repos\and-bible\app\schemas\net.bible.android.database.TemporaryDatabase\1.json", "JSON", 0, 0, 70, 0, 0, 0, 0, 0, 0, 0, 0, 0, 0, 0, 0, 0, 0, 0, 0, 0, 0, 0, 0, 0, 0, 0, 0, 0, 0, 0, 0, 0, 0, 0, 0, 0, 0, 0, 0, 0, 70
"c:\Users\Marlowe\Desktop\ProjectBible\external-repos\and-bible\app\schemas\net.bible.android.database.WorkspaceDatabase\1.json", "JSON", 0, 0, 996, 0, 0, 0, 0, 0, 0, 0, 0, 0, 0, 0, 0, 0, 0, 0, 0, 0, 0, 0, 0, 0, 0, 0, 0, 0, 0, 0, 0, 0, 0, 0, 0, 0, 0, 0, 0, 0, 996
"c:\Users\Marlowe\Desktop\ProjectBible\external-repos\and-bible\app\schemas\net.bible.android.database.WorkspaceDatabase\2.json", "JSON", 0, 0, 996, 0, 0, 0, 0, 0, 0, 0, 0, 0, 0, 0, 0, 0, 0, 0, 0, 0, 0, 0, 0, 0, 0, 0, 0, 0, 0, 0, 0, 0, 0, 0, 0, 0, 0, 0, 0, 0, 996
"c:\Users\Marlowe\Desktop\ProjectBible\external-repos\and-bible\app\schemas\net.bible.android.database.WorkspaceDatabase\3.json", "JSON", 0, 0, 989, 0, 0, 0, 0, 0, 0, 0, 0, 0, 0, 0, 0, 0, 0, 0, 0, 0, 0, 0, 0, 0, 0, 0, 0, 0, 0, 0, 0, 0, 0, 0, 0, 0, 0, 0, 0, 0, 989
"c:\Users\Marlowe\Desktop\ProjectBible\external-repos\and-bible\app\schemas\net.bible.android.database.WorkspaceDatabase\4.json", "JSON", 0, 0, 1003, 0, 0, 0, 0, 0, 0, 0, 0, 0, 0, 0, 0, 0, 0, 0, 0, 0, 0, 0, 0, 0, 0, 0, 0, 0, 0, 0, 0, 0, 0, 0, 0, 0, 0, 0, 0, 0, 1003
"c:\Users\Marlowe\Desktop\ProjectBible\external-repos\and-bible\app\schemas\net.bible.android.database.WorkspaceDatabase\5.json", "JSON", 0, 0, 1010, 0, 0, 0, 0, 0, 0, 0, 0, 0, 0, 0, 0, 0, 0, 0, 0, 0, 0, 0, 0, 0, 0, 0, 0, 0, 0, 0, 0, 0, 0, 0, 0, 0, 0, 0, 0, 0, 1010
"c:\Users\Marlowe\Desktop\ProjectBible\external-repos\and-bible\app\schemas\net.bible.android.database.WorkspaceDatabase\6.json", "JSON", 0, 0, 1016, 0, 0, 0, 0, 0, 0, 0, 0, 0, 0, 0, 0, 0, 0, 0, 0, 0, 0, 0, 0, 0, 0, 0, 0, 0, 0, 0, 0, 0, 0, 0, 0, 0, 0, 0, 0, 0, 1016
"c:\Users\Marlowe\Desktop\ProjectBible\external-repos\and-bible\app\schemas\net.bible.android.database.WorkspaceDatabase\7.json", "JSON", 0, 0, 925, 0, 0, 0, 0, 0, 0, 0, 0, 0, 0, 0, 0, 0, 0, 0, 0, 0, 0, 0, 0, 0, 0, 0, 0, 0, 0, 0, 0, 0, 0, 0, 0, 0, 0, 0, 0, 0, 925
"c:\Users\Marlowe\Desktop\ProjectBible\external-repos\and-bible\app\schemas\net.bible.android.database.WorkspaceDatabase\8.json", "JSON", 0, 0, 937, 0, 0, 0, 0, 0, 0, 0, 0, 0, 0, 0, 0, 0, 0, 0, 0, 0, 0, 0, 0, 0, 0, 0, 0, 0, 0, 0, 0, 0, 0, 0, 0, 0, 0, 0, 0, 0, 937
"c:\Users\Marlowe\Desktop\ProjectBible\external-repos\and-bible\app\src\debug\AndroidManifest.xml", "XML", 0, 0, 0, 0, 0, 0, 0, 0, 0, 0, 0, 0, 0, 0, 6, 0, 0, 0, 0, 0, 0, 0, 0, 0, 0, 0, 0, 0, 0, 0, 0, 0, 0, 0, 0, 0, 0, 0, 16, 4, 26
"c:\Users\Marlowe\Desktop\ProjectBible\external-repos\and-bible\app\src\debug\res\drawable\ic_logo.xml", "XML", 0, 0, 0, 0, 0, 0, 0, 0, 0, 0, 0, 0, 0, 0, 40, 0, 0, 0, 0, 0, 0, 0, 0, 0, 0, 0, 0, 0, 0, 0, 0, 0, 0, 0, 0, 0, 0, 0, 18, 5, 63
"c:\Users\Marlowe\Desktop\ProjectBible\external-repos\and-bible\app\src\debug\res\drawable\ic_logo_with_padding.xml", "XML", 0, 0, 0, 0, 0, 0, 0, 0, 0, 0, 0, 0, 0, 0, 47, 0, 0, 0, 0, 0, 0, 0, 0, 0, 0, 0, 0, 0, 0, 0, 0, 0, 0, 0, 0, 0, 0, 0, 18, 4, 69
"c:\Users\Marlowe\Desktop\ProjectBible\external-repos\and-bible\app\src\debug\res\values\strings.xml", "XML", 0, 0, 0, 0, 0, 0, 0, 0, 0, 0, 0, 0, 0, 0, 7, 0, 0, 0, 0, 0, 0, 0, 0, 0, 0, 0, 0, 0, 0, 0, 0, 0, 0, 0, 0, 0, 0, 0, 16, 2, 25
"c:\Users\Marlowe\Desktop\ProjectBible\external-repos\and-bible\app\src\discrete\AndroidManifest.xml", "XML", 0, 0, 0, 0, 0, 0, 0, 0, 0, 0, 0, 0, 0, 0, 21, 0, 0, 0, 0, 0, 0, 0, 0, 0, 0, 0, 0, 0, 0, 0, 0, 0, 0, 0, 0, 0, 0, 0, 17, 4, 42
"c:\Users\Marlowe\Desktop\ProjectBible\external-repos\and-bible\app\src\discrete\res\drawable\ic_logo.xml", "XML", 0, 0, 0, 0, 0, 0, 0, 0, 0, 0, 0, 0, 0, 0, 36, 0, 0, 0, 0, 0, 0, 0, 0, 0, 0, 0, 0, 0, 0, 0, 0, 0, 0, 0, 0, 0, 0, 0, 0, 1, 37
"c:\Users\Marlowe\Desktop\ProjectBible\external-repos\and-bible\app\src\discrete\res\drawable\ic_logo_with_padding.xml", "XML", 0, 0, 0, 0, 0, 0, 0, 0, 0, 0, 0, 0, 0, 0, 36, 0, 0, 0, 0, 0, 0, 0, 0, 0, 0, 0, 0, 0, 0, 0, 0, 0, 0, 0, 0, 0, 0, 0, 0, 1, 37
"c:\Users\Marlowe\Desktop\ProjectBible\external-repos\and-bible\app\src\discrete\res\mipmap-anydpi-v26\ic_calculator.xml", "XML", 0, 0, 0, 0, 0, 0, 0, 0, 0, 0, 0, 0, 0, 0, 5, 0, 0, 0, 0, 0, 0, 0, 0, 0, 0, 0, 0, 0, 0, 0, 0, 0, 0, 0, 0, 0, 0, 0, 16, 2, 23
"c:\Users\Marlowe\Desktop\ProjectBible\external-repos\and-bible\app\src\discrete\res\mipmap-anydpi-v26\ic_launcher.xml", "XML", 0, 0, 0, 0, 0, 0, 0, 0, 0, 0, 0, 0, 0, 0, 20, 0, 0, 0, 0, 0, 0, 0, 0, 0, 0, 0, 0, 0, 0, 0, 0, 0, 0, 0, 0, 0, 0, 0, 0, 2, 22
"c:\Users\Marlowe\Desktop\ProjectBible\external-repos\and-bible\app\src\discrete\res\mipmap-anydpi-v26\ic_launcher_round.xml", "XML", 0, 0, 0, 0, 0, 0, 0, 0, 0, 0, 0, 0, 0, 0, 5, 0, 0, 0, 0, 0, 0, 0, 0, 0, 0, 0, 0, 0, 0, 0, 0, 0, 0, 0, 0, 0, 0, 0, 16, 2, 23
"c:\Users\Marlowe\Desktop\ProjectBible\external-repos\and-bible\app\src\discrete\res\values-en\strings.xml", "XML", 0, 0, 0, 0, 0, 0, 0, 0, 0, 0, 0, 0, 0, 0, 5, 0, 0, 0, 0, 0, 0, 0, 0, 0, 0, 0, 0, 0, 0, 0, 0, 0, 0, 0, 0, 0, 0, 0, 16, 2, 23
"c:\Users\Marlowe\Desktop\ProjectBible\external-repos\and-bible\app\src\discrete\res\values\strings.xml", "XML", 0, 0, 0, 0, 0, 0, 0, 0, 0, 0, 0, 0, 0, 0, 8, 0, 0, 0, 0, 0, 0, 0, 0, 0, 0, 0, 0, 0, 0, 0, 0, 0, 0, 0, 0, 0, 0, 0, 16, 2, 26
"c:\Users\Marlowe\Desktop\ProjectBible\external-repos\and-bible\app\src\main\AndroidManifest.xml", "XML", 0, 0, 0, 0, 0, 0, 0, 0, 0, 0, 0, 0, 0, 0, 316, 0, 0, 0, 0, 0, 0, 0, 0, 0, 0, 0, 0, 0, 0, 0, 0, 0, 0, 0, 0, 0, 0, 0, 21, 15, 352
"c:\Users\Marlowe\Desktop\ProjectBible\external-repos\and-bible\app\src\main\assets\readingplan\y1ntpspr.properties", "Properties", 0, 0, 0, 0, 0, 0, 0, 0, 0, 0, 365, 0, 0, 0, 0, 0, 0, 0, 0, 0, 0, 0, 0, 0, 0, 0, 0, 0, 0, 0, 0, 0, 0, 0, 0, 0, 0, 0, 1, 0, 366
"c:\Users\Marlowe\Desktop\ProjectBible\external-repos\and-bible\app\src\main\assets\readingplan\y1ot1nt1_OTandNT.properties", "Properties", 0, 0, 0, 0, 0, 0, 0, 0, 0, 0, 365, 0, 0, 0, 0, 0, 0, 0, 0, 0, 0, 0, 0, 0, 0, 0, 0, 0, 0, 0, 0, 0, 0, 0, 0, 0, 0, 0, 0, 0, 365
"c:\Users\Marlowe\Desktop\ProjectBible\external-repos\and-bible\app\src\main\assets\readingplan\y1ot1nt1_OTthenNT.properties", "Properties", 0, 0, 0, 0, 0, 0, 0, 0, 0, 0, 365, 0, 0, 0, 0, 0, 0, 0, 0, 0, 0, 0, 0, 0, 0, 0, 0, 0, 0, 0, 0, 0, 0, 0, 0, 0, 0, 0, 0, 1, 366
"c:\Users\Marlowe\Desktop\ProjectBible\external-repos\and-bible\app\src\main\assets\readingplan\y1ot1nt1_chronological.properties", "Properties", 0, 0, 0, 0, 0, 0, 0, 0, 0, 0, 365, 0, 0, 0, 0, 0, 0, 0, 0, 0, 0, 0, 0, 0, 0, 0, 0, 0, 0, 0, 0, 0, 0, 0, 0, 0, 0, 0, 0, 1, 366
"c:\Users\Marlowe\Desktop\ProjectBible\external-repos\and-bible\app\src\main\assets\readingplan\y1ot1nt2_mcheyne.properties", "Properties", 0, 0, 0, 0, 0, 0, 0, 0, 0, 0, 365, 0, 0, 0, 0, 0, 0, 0, 0, 0, 0, 0, 0, 0, 0, 0, 0, 0, 0, 0, 0, 0, 0, 0, 0, 0, 0, 0, 0, 1, 366
"c:\Users\Marlowe\Desktop\ProjectBible\external-repos\and-bible\app\src\main\assets\readingplan\y1ot6nt4_profHorner.properties", "Properties", 0, 0, 0, 0, 0, 0, 0, 0, 0, 0, 365, 0, 0, 0, 0, 0, 0, 0, 0, 0, 0, 0, 0, 0, 0, 0, 0, 0, 0, 0, 0, 0, 0, 0, 0, 0, 0, 0, 1, 1, 367
"c:\Users\Marlowe\Desktop\ProjectBible\external-repos\and-bible\app\src\main\assets\readingplan\y2ot1ntps2.properties", "Properties", 0, 0, 0, 0, 0, 0, 0, 0, 0, 0, 730, 0, 0, 0, 0, 0, 0, 0, 0, 0, 0, 0, 0, 0, 0, 0, 0, 0, 0, 0, 0, 0, 0, 0, 0, 0, 0, 0, 1, 0, 731
"c:\Users\Marlowe\Desktop\ProjectBible\external-repos\and-bible\app\src\main\res\drawable\bar_window_button.xml", "XML", 0, 0, 0, 0, 0, 0, 0, 0, 0, 0, 0, 0, 0, 0, 12, 0, 0, 0, 0, 0, 0, 0, 0, 0, 0, 0, 0, 0, 0, 0, 0, 0, 0, 0, 0, 0, 0, 0, 16, 6, 34
"c:\Users\Marlowe\Desktop\ProjectBible\external-repos\and-bible\app\src\main\res\drawable\bar_window_button_active.xml", "XML", 0, 0, 0, 0, 0, 0, 0, 0, 0, 0, 0, 0, 0, 0, 12, 0, 0, 0, 0, 0, 0, 0, 0, 0, 0, 0, 0, 0, 0, 0, 0, 0, 0, 0, 0, 0, 0, 0, 16, 6, 34
"c:\Users\Marlowe\Desktop\ProjectBible\external-repos\and-bible\app\src\main\res\drawable\bar_window_button_visible.xml", "XML", 0, 0, 0, 0, 0, 0, 0, 0, 0, 0, 0, 0, 0, 0, 12, 0, 0, 0, 0, 0, 0, 0, 0, 0, 0, 0, 0, 0, 0, 0, 0, 0, 0, 0, 0, 0, 0, 0, 16, 6, 34
"c:\Users\Marlowe\Desktop\ProjectBible\external-repos\and-bible\app\src\main\res\drawable\bar_window_unpinned_button.xml", "XML", 0, 0, 0, 0, 0, 0, 0, 0, 0, 0, 0, 0, 0, 0, 12, 0, 0, 0, 0, 0, 0, 0, 0, 0, 0, 0, 0, 0, 0, 0, 0, 0, 0, 0, 0, 0, 0, 0, 16, 6, 34
"c:\Users\Marlowe\Desktop\ProjectBible\external-repos\and-bible\app\src\main\res\drawable\bar_window_unpinned_button_active.xml", "XML", 0, 0, 0, 0, 0, 0, 0, 0, 0, 0, 0, 0, 0, 0, 12, 0, 0, 0, 0, 0, 0, 0, 0, 0, 0, 0, 0, 0, 0, 0, 0, 0, 0, 0, 0, 0, 0, 0, 16, 6, 34
"c:\Users\Marlowe\Desktop\ProjectBible\external-repos\and-bible\app\src\main\res\drawable\bar_window_unpinned_button_visible.xml", "XML", 0, 0, 0, 0, 0, 0, 0, 0, 0, 0, 0, 0, 0, 0, 12, 0, 0, 0, 0, 0, 0, 0, 0, 0, 0, 0, 0, 0, 0, 0, 0, 0, 0, 0, 0, 0, 0, 0, 16, 6, 34
"c:\Users\Marlowe\Desktop\ProjectBible\external-repos\and-bible\app\src\main\res\drawable\baseline_attach_money_24.xml", "XML", 0, 0, 0, 0, 0, 0, 0, 0, 0, 0, 0, 0, 0, 0, 6, 0, 0, 0, 0, 0, 0, 0, 0, 0, 0, 0, 0, 0, 0, 0, 0, 0, 0, 0, 0, 0, 0, 0, 16, 2, 24
"c:\Users\Marlowe\Desktop\ProjectBible\external-repos\and-bible\app\src\main\res\drawable\baseline_check_24.xml", "XML", 0, 0, 0, 0, 0, 0, 0, 0, 0, 0, 0, 0, 0, 0, 5, 0, 0, 0, 0, 0, 0, 0, 0, 0, 0, 0, 0, 0, 0, 0, 0, 0, 0, 0, 0, 0, 0, 0, 0, 1, 6
"c:\Users\Marlowe\Desktop\ProjectBible\external-repos\and-bible\app\src\main\res\drawable\baseline_content_paste_24.xml", "XML", 0, 0, 0, 0, 0, 0, 0, 0, 0, 0, 0, 0, 0, 0, 5, 0, 0, 0, 0, 0, 0, 0, 0, 0, 0, 0, 0, 0, 0, 0, 0, 0, 0, 0, 0, 0, 0, 0, 0, 1, 6
"c:\Users\Marlowe\Desktop\ProjectBible\external-repos\and-bible\app\src\main\res\drawable\baseline_logout_24.xml", "XML", 0, 0, 0, 0, 0, 0, 0, 0, 0, 0, 0, 0, 0, 0, 5, 0, 0, 0, 0, 0, 0, 0, 0, 0, 0, 0, 0, 0, 0, 0, 0, 0, 0, 0, 0, 0, 0, 0, 16, 2, 23
"c:\Users\Marlowe\Desktop\ProjectBible\external-repos\and-bible\app\src\main\res\drawable\baseline_settings_backup_restore_24.xml", "XML", 0, 0, 0, 0, 0, 0, 0, 0, 0, 0, 0, 0, 0, 0, 5, 0, 0, 0, 0, 0, 0, 0, 0, 0, 0, 0, 0, 0, 0, 0, 0, 0, 0, 0, 0, 0, 0, 0, 0, 1, 6
"c:\Users\Marlowe\Desktop\ProjectBible\external-repos\and-bible\app\src\main\res\drawable\baseline_thumbs_down_24.xml", "XML", 0, 0, 0, 0, 0, 0, 0, 0, 0, 0, 0, 0, 0, 0, 5, 0, 0, 0, 0, 0, 0, 0, 0, 0, 0, 0, 0, 0, 0, 0, 0, 0, 0, 0, 0, 0, 0, 0, 16, 2, 23
"c:\Users\Marlowe\Desktop\ProjectBible\external-repos\and-bible\app\src\main\res\drawable\bible_reference_overlay.xml", "XML", 0, 0, 0, 0, 0, 0, 0, 0, 0, 0, 0, 0, 0, 0, 11, 0, 0, 0, 0, 0, 0, 0, 0, 0, 0, 0, 0, 0, 0, 0, 0, 0, 0, 0, 0, 0, 0, 0, 16, 6, 33
"c:\Users\Marlowe\Desktop\ProjectBible\external-repos\and-bible\app\src\main\res\drawable\button_filter.xml", "XML", 0, 0, 0, 0, 0, 0, 0, 0, 0, 0, 0, 0, 0, 0, 17, 0, 0, 0, 0, 0, 0, 0, 0, 0, 0, 0, 0, 0, 0, 0, 0, 0, 0, 0, 0, 0, 0, 0, 0, 2, 19
"c:\Users\Marlowe\Desktop\ProjectBible\external-repos\and-bible\app\src\main\res\drawable\button_filter_selected.xml", "XML", 0, 0, 0, 0, 0, 0, 0, 0, 0, 0, 0, 0, 0, 0, 17, 0, 0, 0, 0, 0, 0, 0, 0, 0, 0, 0, 0, 0, 0, 0, 0, 0, 0, 0, 0, 0, 0, 0, 0, 2, 19
"c:\Users\Marlowe\Desktop\ProjectBible\external-repos\and-bible\app\src\main\res\drawable\divider.xml", "XML", 0, 0, 0, 0, 0, 0, 0, 0, 0, 0, 0, 0, 0, 0, 6, 0, 0, 0, 0, 0, 0, 0, 0, 0, 0, 0, 0, 0, 0, 0, 0, 0, 0, 0, 0, 0, 0, 0, 16, 4, 26
"c:\Users\Marlowe\Desktop\ProjectBible\external-repos\and-bible\app\src\main\res\drawable\file_export.xml", "XML", 0, 0, 0, 0, 0, 0, 0, 0, 0, 0, 0, 0, 0, 0, 5, 0, 0, 0, 0, 0, 0, 0, 0, 0, 0, 0, 0, 0, 0, 0, 0, 0, 0, 0, 0, 0, 0, 0, 16, 2, 23
"c:\Users\Marlowe\Desktop\ProjectBible\external-repos\and-bible\app\src\main\res\drawable\ic_action_for_button_press_24dp.xml", "XML", 0, 0, 0, 0, 0, 0, 0, 0, 0, 0, 0, 0, 0, 0, 6, 0, 0, 0, 0, 0, 0, 0, 0, 0, 0, 0, 0, 0, 0, 0, 0, 0, 0, 0, 0, 0, 0, 0, 16, 2, 24
"c:\Users\Marlowe\Desktop\ProjectBible\external-repos\and-bible\app\src\main\res\drawable\ic_active_window_24dp.xml", "XML", 0, 0, 0, 0, 0, 0, 0, 0, 0, 0, 0, 0, 0, 0, 6, 0, 0, 0, 0, 0, 0, 0, 0, 0, 0, 0, 0, 0, 0, 0, 0, 0, 0, 0, 0, 0, 0, 0, 16, 2, 24
"c:\Users\Marlowe\Desktop\ProjectBible\external-repos\and-bible\app\src\main\res\drawable\ic_add_circle_outline_white_24dp.xml", "XML", 0, 0, 0, 0, 0, 0, 0, 0, 0, 0, 0, 0, 0, 0, 5, 0, 0, 0, 0, 0, 0, 0, 0, 0, 0, 0, 0, 0, 0, 0, 0, 0, 0, 0, 0, 0, 0, 0, 16, 2, 23
"c:\Users\Marlowe\Desktop\ProjectBible\external-repos\and-bible\app\src\main\res\drawable\ic_addon_24dp.xml", "XML", 0, 0, 0, 0, 0, 0, 0, 0, 0, 0, 0, 0, 0, 0, 5, 0, 0, 0, 0, 0, 0, 0, 0, 0, 0, 0, 0, 0, 0, 0, 0, 0, 0, 0, 0, 0, 0, 0, 16, 2, 23
"c:\Users\Marlowe\Desktop\ProjectBible\external-repos\and-bible\app\src\main\res\drawable\ic_animate_24dp.xml", "XML", 0, 0, 0, 0, 0, 0, 0, 0, 0, 0, 0, 0, 0, 0, 6, 0, 0, 0, 0, 0, 0, 0, 0, 0, 0, 0, 0, 0, 0, 0, 0, 0, 0, 0, 0, 0, 0, 0, 16, 2, 24
"c:\Users\Marlowe\Desktop\ProjectBible\external-repos\and-bible\app\src\main\res\drawable\ic_application_language_24dp.xml", "XML", 0, 0, 0, 0, 0, 0, 0, 0, 0, 0, 0, 0, 0, 0, 7, 0, 0, 0, 0, 0, 0, 0, 0, 0, 0, 0, 0, 0, 0, 0, 0, 0, 0, 0, 0, 0, 0, 0, 16, 2, 25
"c:\Users\Marlowe\Desktop\ProjectBible\external-repos\and-bible\app\src\main\res\drawable\ic_arrow_downward_green_24dp.xml", "XML", 0, 0, 0, 0, 0, 0, 0, 0, 0, 0, 0, 0, 0, 0, 9, 0, 0, 0, 0, 0, 0, 0, 0, 0, 0, 0, 0, 0, 0, 0, 0, 0, 0, 0, 0, 0, 0, 0, 16, 2, 27
"c:\Users\Marlowe\Desktop\ProjectBible\external-repos\and-bible\app\src\main\res\drawable\ic_arrow_drop_down_grey_24dp.xml", "XML", 0, 0, 0, 0, 0, 0, 0, 0, 0, 0, 0, 0, 0, 0, 5, 0, 0, 0, 0, 0, 0, 0, 0, 0, 0, 0, 0, 0, 0, 0, 0, 0, 0, 0, 0, 0, 0, 0, 16, 2, 23
"c:\Users\Marlowe\Desktop\ProjectBible\external-repos\and-bible\app\src\main\res\drawable\ic_arrow_drop_up_grey_24dp.xml", "XML", 0, 0, 0, 0, 0, 0, 0, 0, 0, 0, 0, 0, 0, 0, 5, 0, 0, 0, 0, 0, 0, 0, 0, 0, 0, 0, 0, 0, 0, 0, 0, 0, 0, 0, 0, 0, 0, 0, 16, 2, 23
"c:\Users\Marlowe\Desktop\ProjectBible\external-repos\and-bible\app\src\main\res\drawable\ic_arrow_upward_amber_24dp.xml", "XML", 0, 0, 0, 0, 0, 0, 0, 0, 0, 0, 0, 0, 0, 0, 9, 0, 0, 0, 0, 0, 0, 0, 0, 0, 0, 0, 0, 0, 0, 0, 0, 0, 0, 0, 0, 0, 0, 0, 16, 2, 27
"c:\Users\Marlowe\Desktop\ProjectBible\external-repos\and-bible\app\src\main\res\drawable\ic_backup_black_24dp.xml", "XML", 0, 0, 0, 0, 0, 0, 0, 0, 0, 0, 0, 0, 0, 0, 5, 0, 0, 0, 0, 0, 0, 0, 0, 0, 0, 0, 0, 0, 0, 0, 0, 0, 0, 0, 0, 0, 0, 0, 16, 2, 23
"c:\Users\Marlowe\Desktop\ProjectBible\external-repos\and-bible\app\src\main\res\drawable\ic_baseline_bookmark_24.xml", "XML", 0, 0, 0, 0, 0, 0, 0, 0, 0, 0, 0, 0, 0, 0, 5, 0, 0, 0, 0, 0, 0, 0, 0, 0, 0, 0, 0, 0, 0, 0, 0, 0, 0, 0, 0, 0, 0, 0, 16, 2, 23
"c:\Users\Marlowe\Desktop\ProjectBible\external-repos\and-bible\app\src\main\res\drawable\ic_baseline_circle_24.xml", "XML", 0, 0, 0, 0, 0, 0, 0, 0, 0, 0, 0, 0, 0, 0, 5, 0, 0, 0, 0, 0, 0, 0, 0, 0, 0, 0, 0, 0, 0, 0, 0, 0, 0, 0, 0, 0, 0, 0, 16, 2, 23
"c:\Users\Marlowe\Desktop\ProjectBible\external-repos\and-bible\app\src\main\res\drawable\ic_baseline_copyright_24.xml", "XML", 0, 0, 0, 0, 0, 0, 0, 0, 0, 0, 0, 0, 0, 0, 5, 0, 0, 0, 0, 0, 0, 0, 0, 0, 0, 0, 0, 0, 0, 0, 0, 0, 0, 0, 0, 0, 0, 0, 16, 2, 23
"c:\Users\Marlowe\Desktop\ProjectBible\external-repos\and-bible\app\src\main\res\drawable\ic_baseline_emoji_people_24.xml", "XML", 0, 0, 0, 0, 0, 0, 0, 0, 0, 0, 0, 0, 0, 0, 6, 0, 0, 0, 0, 0, 0, 0, 0, 0, 0, 0, 0, 0, 0, 0, 0, 0, 0, 0, 0, 0, 0, 0, 16, 2, 24
"c:\Users\Marlowe\Desktop\ProjectBible\external-repos\and-bible\app\src\main\res\drawable\ic_baseline_favorite_24.xml", "XML", 0, 0, 0, 0, 0, 0, 0, 0, 0, 0, 0, 0, 0, 0, 5, 0, 0, 0, 0, 0, 0, 0, 0, 0, 0, 0, 0, 0, 0, 0, 0, 0, 0, 0, 0, 0, 0, 0, 16, 2, 23
"c:\Users\Marlowe\Desktop\ProjectBible\external-repos\and-bible\app\src\main\res\drawable\ic_baseline_favorite_border_24.xml", "XML", 0, 0, 0, 0, 0, 0, 0, 0, 0, 0, 0, 0, 0, 0, 5, 0, 0, 0, 0, 0, 0, 0, 0, 0, 0, 0, 0, 0, 0, 0, 0, 0, 0, 0, 0, 0, 0, 0, 16, 2, 23
"c:\Users\Marlowe\Desktop\ProjectBible\external-repos\and-bible\app\src\main\res\drawable\ic_baseline_headphones_24.xml", "XML", 0, 0, 0, 0, 0, 0, 0, 0, 0, 0, 0, 0, 0, 0, 5, 0, 0, 0, 0, 0, 0, 0, 0, 0, 0, 0, 0, 0, 0, 0, 0, 0, 0, 0, 0, 0, 0, 0, 16, 2, 23
"c:\Users\Marlowe\Desktop\ProjectBible\external-repos\and-bible\app\src\main\res\drawable\ic_baseline_light_mode_24.xml", "XML", 0, 0, 0, 0, 0, 0, 0, 0, 0, 0, 0, 0, 0, 0, 5, 0, 0, 0, 0, 0, 0, 0, 0, 0, 0, 0, 0, 0, 0, 0, 0, 0, 0, 0, 0, 0, 0, 0, 16, 2, 23
"c:\Users\Marlowe\Desktop\ProjectBible\external-repos\and-bible\app\src\main\res\drawable\ic_baseline_lock_24.xml", "XML", 0, 0, 0, 0, 0, 0, 0, 0, 0, 0, 0, 0, 0, 0, 5, 0, 0, 0, 0, 0, 0, 0, 0, 0, 0, 0, 0, 0, 0, 0, 0, 0, 0, 0, 0, 0, 0, 0, 16, 2, 23
"c:\Users\Marlowe\Desktop\ProjectBible\external-repos\and-bible\app\src\main\res\drawable\ic_baseline_lock_open_24.xml", "XML", 0, 0, 0, 0, 0, 0, 0, 0, 0, 0, 0, 0, 0, 0, 5, 0, 0, 0, 0, 0, 0, 0, 0, 0, 0, 0, 0, 0, 0, 0, 0, 0, 0, 0, 0, 0, 0, 0, 16, 2, 23
"c:\Users\Marlowe\Desktop\ProjectBible\external-repos\and-bible\app\src\main\res\drawable\ic_baseline_media_bluetooth_on_24.xml", "XML", 0, 0, 0, 0, 0, 0, 0, 0, 0, 0, 0, 0, 0, 0, 5, 0, 0, 0, 0, 0, 0, 0, 0, 0, 0, 0, 0, 0, 0, 0, 0, 0, 0, 0, 0, 0, 0, 0, 16, 2, 23
"c:\Users\Marlowe\Desktop\ProjectBible\external-repos\and-bible\app\src\main\res\drawable\ic_baseline_menu_book_24.xml", "XML", 0, 0, 0, 0, 0, 0, 0, 0, 0, 0, 0, 0, 0, 0, 8, 0, 0, 0, 0, 0, 0, 0, 0, 0, 0, 0, 0, 0, 0, 0, 0, 0, 0, 0, 0, 0, 0, 0, 0, 1, 9
"c:\Users\Marlowe\Desktop\ProjectBible\external-repos\and-bible\app\src\main\res\drawable\ic_baseline_minimise_24.xml", "XML", 0, 0, 0, 0, 0, 0, 0, 0, 0, 0, 0, 0, 0, 0, 5, 0, 0, 0, 0, 0, 0, 0, 0, 0, 0, 0, 0, 0, 0, 0, 0, 0, 0, 0, 0, 0, 0, 0, 16, 2, 23
"c:\Users\Marlowe\Desktop\ProjectBible\external-repos\and-bible\app\src\main\res\drawable\ic_baseline_people_24.xml", "XML", 0, 0, 0, 0, 0, 0, 0, 0, 0, 0, 0, 0, 0, 0, 5, 0, 0, 0, 0, 0, 0, 0, 0, 0, 0, 0, 0, 0, 0, 0, 0, 0, 0, 0, 0, 0, 0, 0, 16, 2, 23
"c:\Users\Marlowe\Desktop\ProjectBible\external-repos\and-bible\app\src\main\res\drawable\ic_baseline_refresh_24.xml", "XML", 0, 0, 0, 0, 0, 0, 0, 0, 0, 0, 0, 0, 0, 0, 5, 0, 0, 0, 0, 0, 0, 0, 0, 0, 0, 0, 0, 0, 0, 0, 0, 0, 0, 0, 0, 0, 0, 0, 16, 2, 23
"c:\Users\Marlowe\Desktop\ProjectBible\external-repos\and-bible\app\src\main\res\drawable\ic_baseline_share_24.xml", "XML", 0, 0, 0, 0, 0, 0, 0, 0, 0, 0, 0, 0, 0, 0, 7, 0, 0, 0, 0, 0, 0, 0, 0, 0, 0, 0, 0, 0, 0, 0, 0, 0, 0, 0, 0, 0, 0, 0, 16, 2, 25
"c:\Users\Marlowe\Desktop\ProjectBible\external-repos\and-bible\app\src\main\res\drawable\ic_baseline_sort_24.xml", "XML", 0, 0, 0, 0, 0, 0, 0, 0, 0, 0, 0, 0, 0, 0, 5, 0, 0, 0, 0, 0, 0, 0, 0, 0, 0, 0, 0, 0, 0, 0, 0, 0, 0, 0, 0, 0, 0, 0, 16, 2, 23
"c:\Users\Marlowe\Desktop\ProjectBible\external-repos\and-bible\app\src\main\res\drawable\ic_baseline_star_24.xml", "XML", 0, 0, 0, 0, 0, 0, 0, 0, 0, 0, 0, 0, 0, 0, 5, 0, 0, 0, 0, 0, 0, 0, 0, 0, 0, 0, 0, 0, 0, 0, 0, 0, 0, 0, 0, 0, 0, 0, 16, 2, 23
"c:\Users\Marlowe\Desktop\ProjectBible\external-repos\and-bible\app\src\main\res\drawable\ic_baseline_studypads_24.xml", "XML", 0, 0, 0, 0, 0, 0, 0, 0, 0, 0, 0, 0, 0, 0, 15, 0, 0, 0, 0, 0, 0, 0, 0, 0, 0, 0, 0, 0, 0, 0, 0, 0, 0, 0, 0, 0, 0, 0, 16, 2, 33
"c:\Users\Marlowe\Desktop\ProjectBible\external-repos\and-bible\app\src\main\res\drawable\ic_baseline_undo_24.xml", "XML", 0, 0, 0, 0, 0, 0, 0, 0, 0, 0, 0, 0, 0, 0, 10, 0, 0, 0, 0, 0, 0, 0, 0, 0, 0, 0, 0, 0, 0, 0, 0, 0, 0, 0, 0, 0, 0, 0, 16, 2, 28
"c:\Users\Marlowe\Desktop\ProjectBible\external-repos\and-bible\app\src\main\res\drawable\ic_baseline_undo_grey_24.xml", "XML", 0, 0, 0, 0, 0, 0, 0, 0, 0, 0, 0, 0, 0, 0, 10, 0, 0, 0, 0, 0, 0, 0, 0, 0, 0, 0, 0, 0, 0, 0, 0, 0, 0, 0, 0, 0, 0, 0, 16, 2, 28
"c:\Users\Marlowe\Desktop\ProjectBible\external-repos\and-bible\app\src\main\res\drawable\ic_baseline_volume_up_24.xml", "XML", 0, 0, 0, 0, 0, 0, 0, 0, 0, 0, 0, 0, 0, 0, 5, 0, 0, 0, 0, 0, 0, 0, 0, 0, 0, 0, 0, 0, 0, 0, 0, 0, 0, 0, 0, 0, 0, 0, 16, 2, 23
"c:\Users\Marlowe\Desktop\ProjectBible\external-repos\and-bible\app\src\main\res\drawable\ic_baseline_workspace_24.xml", "XML", 0, 0, 0, 0, 0, 0, 0, 0, 0, 0, 0, 0, 0, 0, 7, 0, 0, 0, 0, 0, 0, 0, 0, 0, 0, 0, 0, 0, 0, 0, 0, 0, 0, 0, 0, 0, 0, 0, 16, 2, 25
"c:\Users\Marlowe\Desktop\ProjectBible\external-repos\and-bible\app\src\main\res\drawable\ic_baseline_workspace_large_24.xml", "XML", 0, 0, 0, 0, 0, 0, 0, 0, 0, 0, 0, 0, 0, 0, 5, 0, 0, 0, 0, 0, 0, 0, 0, 0, 0, 0, 0, 0, 0, 0, 0, 0, 0, 0, 0, 0, 0, 0, 16, 2, 23
"c:\Users\Marlowe\Desktop\ProjectBible\external-repos\and-bible\app\src\main\res\drawable\ic_bible_24dp.xml", "XML", 0, 0, 0, 0, 0, 0, 0, 0, 0, 0, 0, 0, 0, 0, 4, 0, 0, 0, 0, 0, 0, 0, 0, 0, 0, 0, 0, 0, 0, 0, 0, 0, 0, 0, 0, 0, 0, 0, 16, 2, 22
"c:\Users\Marlowe\Desktop\ProjectBible\external-repos\and-bible\app\src\main\res\drawable\ic_book_24dp.xml", "XML", 0, 0, 0, 0, 0, 0, 0, 0, 0, 0, 0, 0, 0, 0, 5, 0, 0, 0, 0, 0, 0, 0, 0, 0, 0, 0, 0, 0, 0, 0, 0, 0, 0, 0, 0, 0, 0, 0, 16, 2, 23
"c:\Users\Marlowe\Desktop\ProjectBible\external-repos\and-bible\app\src\main\res\drawable\ic_bookmark_24dp.xml", "XML", 0, 0, 0, 0, 0, 0, 0, 0, 0, 0, 0, 0, 0, 0, 10, 0, 0, 0, 0, 0, 0, 0, 0, 0, 0, 0, 0, 0, 0, 0, 0, 0, 0, 0, 0, 0, 0, 0, 16, 2, 28
"c:\Users\Marlowe\Desktop\ProjectBible\external-repos\and-bible\app\src\main\res\drawable\ic_bookmarks_show_24dp.xml", "XML", 0, 0, 0, 0, 0, 0, 0, 0, 0, 0, 0, 0, 0, 0, 6, 0, 0, 0, 0, 0, 0, 0, 0, 0, 0, 0, 0, 0, 0, 0, 0, 0, 0, 0, 0, 0, 0, 0, 16, 2, 24
"c:\Users\Marlowe\Desktop\ProjectBible\external-repos\and-bible\app\src\main\res\drawable\ic_bug_report_white_24dp.xml", "XML", 0, 0, 0, 0, 0, 0, 0, 0, 0, 0, 0, 0, 0, 0, 5, 0, 0, 0, 0, 0, 0, 0, 0, 0, 0, 0, 0, 0, 0, 0, 0, 0, 0, 0, 0, 0, 0, 0, 16, 2, 23
"c:\Users\Marlowe\Desktop\ProjectBible\external-repos\and-bible\app\src\main\res\drawable\ic_calc_24.xml", "XML", 0, 0, 0, 0, 0, 0, 0, 0, 0, 0, 0, 0, 0, 0, 5, 0, 0, 0, 0, 0, 0, 0, 0, 0, 0, 0, 0, 0, 0, 0, 0, 0, 0, 0, 0, 0, 0, 0, 16, 2, 23
"c:\Users\Marlowe\Desktop\ProjectBible\external-repos\and-bible\app\src\main\res\drawable\ic_calc_pin.xml", "XML", 0, 0, 0, 0, 0, 0, 0, 0, 0, 0, 0, 0, 0, 0, 5, 0, 0, 0, 0, 0, 0, 0, 0, 0, 0, 0, 0, 0, 0, 0, 0, 0, 0, 0, 0, 0, 0, 0, 16, 2, 23
"c:\Users\Marlowe\Desktop\ProjectBible\external-repos\and-bible\app\src\main\res\drawable\ic_calc_smoke_screen.xml", "XML", 0, 0, 0, 0, 0, 0, 0, 0, 0, 0, 0, 0, 0, 0, 5, 0, 0, 0, 0, 0, 0, 0, 0, 0, 0, 0, 0, 0, 0, 0, 0, 0, 0, 0, 0, 0, 0, 0, 16, 2, 23
"c:\Users\Marlowe\Desktop\ProjectBible\external-repos\and-bible\app\src\main\res\drawable\ic_calculator_color.xml", "XML", 0, 0, 0, 0, 0, 0, 0, 0, 0, 0, 0, 0, 0, 0, 36, 0, 0, 0, 0, 0, 0, 0, 0, 0, 0, 0, 0, 0, 0, 0, 0, 0, 0, 0, 0, 0, 0, 0, 0, 1, 37
"c:\Users\Marlowe\Desktop\ProjectBible\external-repos\and-bible\app\src\main\res\drawable\ic_calculator_with_padding.xml", "XML", 0, 0, 0, 0, 0, 0, 0, 0, 0, 0, 0, 0, 0, 0, 38, 0, 0, 0, 0, 0, 0, 0, 0, 0, 0, 0, 0, 0, 0, 0, 0, 0, 0, 0, 0, 0, 0, 0, 0, 1, 39
"c:\Users\Marlowe\Desktop\ProjectBible\external-repos\and-bible\app\src\main\res\drawable\ic_chapter_verse_numbers_24dp.xml", "XML", 0, 0, 0, 0, 0, 0, 0, 0, 0, 0, 0, 0, 0, 0, 6, 0, 0, 0, 0, 0, 0, 0, 0, 0, 0, 0, 0, 0, 0, 0, 0, 0, 0, 0, 0, 0, 0, 0, 16, 2, 24
"c:\Users\Marlowe\Desktop\ProjectBible\external-repos\and-bible\app\src\main\res\drawable\ic_check_green_24dp.xml", "XML", 0, 0, 0, 0, 0, 0, 0, 0, 0, 0, 0, 0, 0, 0, 9, 0, 0, 0, 0, 0, 0, 0, 0, 0, 0, 0, 0, 0, 0, 0, 0, 0, 0, 0, 0, 0, 0, 0, 16, 2, 27
"c:\Users\Marlowe\Desktop\ProjectBible\external-repos\and-bible\app\src\main\res\drawable\ic_click_24dp.xml", "XML", 0, 0, 0, 0, 0, 0, 0, 0, 0, 0, 0, 0, 0, 0, 6, 0, 0, 0, 0, 0, 0, 0, 0, 0, 0, 0, 0, 0, 0, 0, 0, 0, 0, 0, 0, 0, 0, 0, 16, 2, 24
"c:\Users\Marlowe\Desktop\ProjectBible\external-repos\and-bible\app\src\main\res\drawable\ic_close_white_24dp.xml", "XML", 0, 0, 0, 0, 0, 0, 0, 0, 0, 0, 0, 0, 0, 0, 5, 0, 0, 0, 0, 0, 0, 0, 0, 0, 0, 0, 0, 0, 0, 0, 0, 0, 0, 0, 0, 0, 0, 0, 16, 2, 23
"c:\Users\Marlowe\Desktop\ProjectBible\external-repos\and-bible\app\src\main\res\drawable\ic_collections_bookmark_24dp.xml", "XML", 0, 0, 0, 0, 0, 0, 0, 0, 0, 0, 0, 0, 0, 0, 9, 0, 0, 0, 0, 0, 0, 0, 0, 0, 0, 0, 0, 0, 0, 0, 0, 0, 0, 0, 0, 0, 0, 0, 16, 2, 27
"c:\Users\Marlowe\Desktop\ProjectBible\external-repos\and-bible\app\src\main\res\drawable\ic_color_settings_24dp.xml", "XML", 0, 0, 0, 0, 0, 0, 0, 0, 0, 0, 0, 0, 0, 0, 6, 0, 0, 0, 0, 0, 0, 0, 0, 0, 0, 0, 0, 0, 0, 0, 0, 0, 0, 0, 0, 0, 0, 0, 16, 2, 24
"c:\Users\Marlowe\Desktop\ProjectBible\external-repos\and-bible\app\src\main\res\drawable\ic_commentary.xml", "XML", 0, 0, 0, 0, 0, 0, 0, 0, 0, 0, 0, 0, 0, 0, 5, 0, 0, 0, 0, 0, 0, 0, 0, 0, 0, 0, 0, 0, 0, 0, 0, 0, 0, 0, 0, 0, 0, 0, 16, 2, 23
"c:\Users\Marlowe\Desktop\ProjectBible\external-repos\and-bible\app\src\main\res\drawable\ic_compare_24dp.xml", "XML", 0, 0, 0, 0, 0, 0, 0, 0, 0, 0, 0, 0, 0, 0, 6, 0, 0, 0, 0, 0, 0, 0, 0, 0, 0, 0, 0, 0, 0, 0, 0, 0, 0, 0, 0, 0, 0, 0, 16, 2, 24
"c:\Users\Marlowe\Desktop\ProjectBible\external-repos\and-bible\app\src\main\res\drawable\ic_compare_arrows_black_24dp.xml", "XML", 0, 0, 0, 0, 0, 0, 0, 0, 0, 0, 0, 0, 0, 0, 5, 0, 0, 0, 0, 0, 0, 0, 0, 0, 0, 0, 0, 0, 0, 0, 0, 0, 0, 0, 0, 0, 0, 0, 16, 2, 23
"c:\Users\Marlowe\Desktop\ProjectBible\external-repos\and-bible\app\src\main\res\drawable\ic_content_copy_black_24dp.xml", "XML", 0, 0, 0, 0, 0, 0, 0, 0, 0, 0, 0, 0, 0, 0, 5, 0, 0, 0, 0, 0, 0, 0, 0, 0, 0, 0, 0, 0, 0, 0, 0, 0, 0, 0, 0, 0, 0, 0, 16, 2, 23
"c:\Users\Marlowe\Desktop\ProjectBible\external-repos\and-bible\app\src\main\res\drawable\ic_delete_24dp.xml", "XML", 0, 0, 0, 0, 0, 0, 0, 0, 0, 0, 0, 0, 0, 0, 9, 0, 0, 0, 0, 0, 0, 0, 0, 0, 0, 0, 0, 0, 0, 0, 0, 0, 0, 0, 0, 0, 0, 0, 16, 2, 27
"c:\Users\Marlowe\Desktop\ProjectBible\external-repos\and-bible\app\src\main\res\drawable\ic_dictionary_24dp.xml", "XML", 0, 0, 0, 0, 0, 0, 0, 0, 0, 0, 0, 0, 0, 0, 5, 0, 0, 0, 0, 0, 0, 0, 0, 0, 0, 0, 0, 0, 0, 0, 0, 0, 0, 0, 0, 0, 0, 0, 16, 2, 23
"c:\Users\Marlowe\Desktop\ProjectBible\external-repos\and-bible\app\src\main\res\drawable\ic_eink_24dp.xml", "XML", 0, 0, 0, 0, 0, 0, 0, 0, 0, 0, 0, 0, 0, 0, 6, 0, 0, 0, 0, 0, 0, 0, 0, 0, 0, 0, 0, 0, 0, 0, 0, 0, 0, 0, 0, 0, 0, 0, 16, 2, 24
"c:\Users\Marlowe\Desktop\ProjectBible\external-repos\and-bible\app\src\main\res\drawable\ic_error_outline_black_24dp.xml", "XML", 0, 0, 0, 0, 0, 0, 0, 0, 0, 0, 0, 0, 0, 0, 5, 0, 0, 0, 0, 0, 0, 0, 0, 0, 0, 0, 0, 0, 0, 0, 0, 0, 0, 0, 0, 0, 0, 0, 16, 2, 23
"c:\Users\Marlowe\Desktop\ProjectBible\external-repos\and-bible\app\src\main\res\drawable\ic_fast_forward_black_24dp.xml", "XML", 0, 0, 0, 0, 0, 0, 0, 0, 0, 0, 0, 0, 0, 0, 5, 0, 0, 0, 0, 0, 0, 0, 0, 0, 0, 0, 0, 0, 0, 0, 0, 0, 0, 0, 0, 0, 0, 0, 16, 2, 23
"c:\Users\Marlowe\Desktop\ProjectBible\external-repos\and-bible\app\src\main\res\drawable\ic_fast_rewind_black_24dp.xml", "XML", 0, 0, 0, 0, 0, 0, 0, 0, 0, 0, 0, 0, 0, 0, 5, 0, 0, 0, 0, 0, 0, 0, 0, 0, 0, 0, 0, 0, 0, 0, 0, 0, 0, 0, 0, 0, 0, 0, 16, 2, 23
"c:\Users\Marlowe\Desktop\ProjectBible\external-repos\and-bible\app\src\main\res\drawable\ic_file_download_24dp.xml", "XML", 0, 0, 0, 0, 0, 0, 0, 0, 0, 0, 0, 0, 0, 0, 9, 0, 0, 0, 0, 0, 0, 0, 0, 0, 0, 0, 0, 0, 0, 0, 0, 0, 0, 0, 0, 0, 0, 0, 16, 2, 27
"c:\Users\Marlowe\Desktop\ProjectBible\external-repos\and-bible\app\src\main\res\drawable\ic_font_family_24dp.xml", "XML", 0, 0, 0, 0, 0, 0, 0, 0, 0, 0, 0, 0, 0, 0, 6, 0, 0, 0, 0, 0, 0, 0, 0, 0, 0, 0, 0, 0, 0, 0, 0, 0, 0, 0, 0, 0, 0, 0, 16, 2, 24
"c:\Users\Marlowe\Desktop\ProjectBible\external-repos\and-bible\app\src\main\res\drawable\ic_font_size_24dp.xml", "XML", 0, 0, 0, 0, 0, 0, 0, 0, 0, 0, 0, 0, 0, 0, 6, 0, 0, 0, 0, 0, 0, 0, 0, 0, 0, 0, 0, 0, 0, 0, 0, 0, 0, 0, 0, 0, 0, 0, 16, 2, 24
"c:\Users\Marlowe\Desktop\ProjectBible\external-repos\and-bible\app\src\main\res\drawable\ic_font_size_grey_24dp.xml", "XML", 0, 0, 0, 0, 0, 0, 0, 0, 0, 0, 0, 0, 0, 0, 6, 0, 0, 0, 0, 0, 0, 0, 0, 0, 0, 0, 0, 0, 0, 0, 0, 0, 0, 0, 0, 0, 0, 0, 16, 2, 24
"c:\Users\Marlowe\Desktop\ProjectBible\external-repos\and-bible\app\src\main\res\drawable\ic_footnotes_24dp.xml", "XML", 0, 0, 0, 0, 0, 0, 0, 0, 0, 0, 0, 0, 0, 0, 6, 0, 0, 0, 0, 0, 0, 0, 0, 0, 0, 0, 0, 0, 0, 0, 0, 0, 0, 0, 0, 0, 0, 0, 16, 2, 24
"c:\Users\Marlowe\Desktop\ProjectBible\external-repos\and-bible\app\src\main\res\drawable\ic_format_list_numbered_white_24dp.xml", "XML", 0, 0, 0, 0, 0, 0, 0, 0, 0, 0, 0, 0, 0, 0, 5, 0, 0, 0, 0, 0, 0, 0, 0, 0, 0, 0, 0, 0, 0, 0, 0, 0, 0, 0, 0, 0, 0, 0, 16, 2, 23
"c:\Users\Marlowe\Desktop\ProjectBible\external-repos\and-bible\app\src\main\res\drawable\ic_full_screen_24.xml", "XML", 0, 0, 0, 0, 0, 0, 0, 0, 0, 0, 0, 0, 0, 0, 5, 0, 0, 0, 0, 0, 0, 0, 0, 0, 0, 0, 0, 0, 0, 0, 0, 0, 0, 0, 0, 0, 0, 0, 16, 2, 23
"c:\Users\Marlowe\Desktop\ProjectBible\external-repos\and-bible\app\src\main\res\drawable\ic_full_screen_by_scrolling_24dp.xml", "XML", 0, 0, 0, 0, 0, 0, 0, 0, 0, 0, 0, 0, 0, 0, 7, 0, 0, 0, 0, 0, 0, 0, 0, 0, 0, 0, 0, 0, 0, 0, 0, 0, 0, 0, 0, 0, 0, 0, 16, 2, 25
"c:\Users\Marlowe\Desktop\ProjectBible\external-repos\and-bible\app\src\main\res\drawable\ic_help_white_24dp.xml", "XML", 0, 0, 0, 0, 0, 0, 0, 0, 0, 0, 0, 0, 0, 0, 8, 0, 0, 0, 0, 0, 0, 0, 0, 0, 0, 0, 0, 0, 0, 0, 0, 0, 0, 0, 0, 0, 0, 0, 16, 2, 26
"c:\Users\Marlowe\Desktop\ProjectBible\external-repos\and-bible\app\src\main\res\drawable\ic_hide_bible_reference_overlay_24dp.xml", "XML", 0, 0, 0, 0, 0, 0, 0, 0, 0, 0, 0, 0, 0, 0, 7, 0, 0, 0, 0, 0, 0, 0, 0, 0, 0, 0, 0, 0, 0, 0, 0, 0, 0, 0, 0, 0, 0, 0, 16, 2, 25
"c:\Users\Marlowe\Desktop\ProjectBible\external-repos\and-bible\app\src\main\res\drawable\ic_hide_window_button_bar_24dp.xml", "XML", 0, 0, 0, 0, 0, 0, 0, 0, 0, 0, 0, 0, 0, 0, 7, 0, 0, 0, 0, 0, 0, 0, 0, 0, 0, 0, 0, 0, 0, 0, 0, 0, 0, 0, 0, 0, 0, 0, 16, 2, 25
"c:\Users\Marlowe\Desktop\ProjectBible\external-repos\and-bible\app\src\main\res\drawable\ic_hide_window_buttons_24dp.xml", "XML", 0, 0, 0, 0, 0, 0, 0, 0, 0, 0, 0, 0, 0, 0, 6, 0, 0, 0, 0, 0, 0, 0, 0, 0, 0, 0, 0, 0, 0, 0, 0, 0, 0, 0, 0, 0, 0, 0, 16, 2, 24
"c:\Users\Marlowe\Desktop\ProjectBible\external-repos\and-bible\app\src\main\res\drawable\ic_history_book_24dp.xml", "XML", 0, 0, 0, 0, 0, 0, 0, 0, 0, 0, 0, 0, 0, 0, 5, 0, 0, 0, 0, 0, 0, 0, 0, 0, 0, 0, 0, 0, 0, 0, 0, 0, 0, 0, 0, 0, 0, 0, 16, 2, 23
"c:\Users\Marlowe\Desktop\ProjectBible\external-repos\and-bible\app\src\main\res\drawable\ic_history_clock_24dp.xml", "XML", 0, 0, 0, 0, 0, 0, 0, 0, 0, 0, 0, 0, 0, 0, 5, 0, 0, 0, 0, 0, 0, 0, 0, 0, 0, 0, 0, 0, 0, 0, 0, 0, 0, 0, 0, 0, 0, 0, 16, 2, 23
"c:\Users\Marlowe\Desktop\ProjectBible\external-repos\and-bible\app\src\main\res\drawable\ic_history_white_24dp.xml", "XML", 0, 0, 0, 0, 0, 0, 0, 0, 0, 0, 0, 0, 0, 0, 5, 0, 0, 0, 0, 0, 0, 0, 0, 0, 0, 0, 0, 0, 0, 0, 0, 0, 0, 0, 0, 0, 0, 0, 16, 2, 23
"c:\Users\Marlowe\Desktop\ProjectBible\external-repos\and-bible\app\src\main\res\drawable\ic_hyphenation_24dp.xml", "XML", 0, 0, 0, 0, 0, 0, 0, 0, 0, 0, 0, 0, 0, 0, 6, 0, 0, 0, 0, 0, 0, 0, 0, 0, 0, 0, 0, 0, 0, 0, 0, 0, 0, 0, 0, 0, 0, 0, 16, 2, 24
"c:\Users\Marlowe\Desktop\ProjectBible\external-repos\and-bible\app\src\main\res\drawable\ic_ichtys.xml", "XML", 0, 0, 0, 0, 0, 0, 0, 0, 0, 0, 0, 0, 0, 0, 11, 0, 0, 0, 0, 0, 0, 0, 0, 0, 0, 0, 0, 0, 0, 0, 0, 0, 0, 0, 0, 0, 0, 0, 16, 2, 29
"c:\Users\Marlowe\Desktop\ProjectBible\external-repos\and-bible\app\src\main\res\drawable\ic_info_24dp.xml", "XML", 0, 0, 0, 0, 0, 0, 0, 0, 0, 0, 0, 0, 0, 0, 9, 0, 0, 0, 0, 0, 0, 0, 0, 0, 0, 0, 0, 0, 0, 0, 0, 0, 0, 0, 0, 0, 0, 0, 16, 2, 27
"c:\Users\Marlowe\Desktop\ProjectBible\external-repos\and-bible\app\src\main\res\drawable\ic_info_grey_24dp.xml", "XML", 0, 0, 0, 0, 0, 0, 0, 0, 0, 0, 0, 0, 0, 0, 9, 0, 0, 0, 0, 0, 0, 0, 0, 0, 0, 0, 0, 0, 0, 0, 0, 0, 0, 0, 0, 0, 0, 0, 16, 2, 27
"c:\Users\Marlowe\Desktop\ProjectBible\external-repos\and-bible\app\src\main\res\drawable\ic_justify_text_24dp.xml", "XML", 0, 0, 0, 0, 0, 0, 0, 0, 0, 0, 0, 0, 0, 0, 6, 0, 0, 0, 0, 0, 0, 0, 0, 0, 0, 0, 0, 0, 0, 0, 0, 0, 0, 0, 0, 0, 0, 0, 16, 2, 24
"c:\Users\Marlowe\Desktop\ProjectBible\external-repos\and-bible\app\src\main\res\drawable\ic_keyboard_arrow_left_black_24dp.xml", "XML", 0, 0, 0, 0, 0, 0, 0, 0, 0, 0, 0, 0, 0, 0, 5, 0, 0, 0, 0, 0, 0, 0, 0, 0, 0, 0, 0, 0, 0, 0, 0, 0, 0, 0, 0, 0, 0, 0, 16, 2, 23
"c:\Users\Marlowe\Desktop\ProjectBible\external-repos\and-bible\app\src\main\res\drawable\ic_keyboard_arrow_right_black_24dp.xml", "XML", 0, 0, 0, 0, 0, 0, 0, 0, 0, 0, 0, 0, 0, 0, 5, 0, 0, 0, 0, 0, 0, 0, 0, 0, 0, 0, 0, 0, 0, 0, 0, 0, 0, 0, 0, 0, 0, 0, 16, 2, 23
"c:\Users\Marlowe\Desktop\ProjectBible\external-repos\and-bible\app\src\main\res\drawable\ic_label_24dp.xml", "XML", 0, 0, 0, 0, 0, 0, 0, 0, 0, 0, 0, 0, 0, 0, 10, 0, 0, 0, 0, 0, 0, 0, 0, 0, 0, 0, 0, 0, 0, 0, 0, 0, 0, 0, 0, 0, 0, 0, 16, 2, 28
"c:\Users\Marlowe\Desktop\ProjectBible\external-repos\and-bible\app\src\main\res\drawable\ic_label_circle.xml", "XML", 0, 0, 0, 0, 0, 0, 0, 0, 0, 0, 0, 0, 0, 0, 10, 0, 0, 0, 0, 0, 0, 0, 0, 0, 0, 0, 0, 0, 0, 0, 0, 0, 0, 0, 0, 0, 0, 0, 16, 2, 28
"c:\Users\Marlowe\Desktop\ProjectBible\external-repos\and-bible\app\src\main\res\drawable\ic_label_multiple_24dp.xml", "XML", 0, 0, 0, 0, 0, 0, 0, 0, 0, 0, 0, 0, 0, 0, 10, 0, 0, 0, 0, 0, 0, 0, 0, 0, 0, 0, 0, 0, 0, 0, 0, 0, 0, 0, 0, 0, 0, 0, 16, 2, 28
"c:\Users\Marlowe\Desktop\ProjectBible\external-repos\and-bible\app\src\main\res\drawable\ic_label_settings_24.xml", "XML", 0, 0, 0, 0, 0, 0, 0, 0, 0, 0, 0, 0, 0, 0, 5, 0, 0, 0, 0, 0, 0, 0, 0, 0, 0, 0, 0, 0, 0, 0, 0, 0, 0, 0, 0, 0, 0, 0, 16, 2, 23
"c:\Users\Marlowe\Desktop\ProjectBible\external-repos\and-bible\app\src\main\res\drawable\ic_labels_hide_24dp.xml", "XML", 0, 0, 0, 0, 0, 0, 0, 0, 0, 0, 0, 0, 0, 0, 6, 0, 0, 0, 0, 0, 0, 0, 0, 0, 0, 0, 0, 0, 0, 0, 0, 0, 0, 0, 0, 0, 0, 0, 16, 2, 24
"c:\Users\Marlowe\Desktop\ProjectBible\external-repos\and-bible\app\src\main\res\drawable\ic_launcher.xml", "XML", 0, 0, 0, 0, 0, 0, 0, 0, 0, 0, 0, 0, 0, 0, 27, 0, 0, 0, 0, 0, 0, 0, 0, 0, 0, 0, 0, 0, 0, 0, 0, 0, 0, 0, 0, 0, 0, 0, 16, 2, 45
"c:\Users\Marlowe\Desktop\ProjectBible\external-repos\and-bible\app\src\main\res\drawable\ic_launcher_background.xml", "XML", 0, 0, 0, 0, 0, 0, 0, 0, 0, 0, 0, 0, 0, 0, 9, 0, 0, 0, 0, 0, 0, 0, 0, 0, 0, 0, 0, 0, 0, 0, 0, 0, 0, 0, 0, 0, 0, 0, 16, 2, 27
"c:\Users\Marlowe\Desktop\ProjectBible\external-repos\and-bible\app\src\main\res\drawable\ic_launcher_foreground.xml", "XML", 0, 0, 0, 0, 0, 0, 0, 0, 0, 0, 0, 0, 0, 0, 24, 0, 0, 0, 0, 0, 0, 0, 0, 0, 0, 0, 0, 0, 0, 0, 0, 0, 0, 0, 0, 0, 0, 0, 16, 2, 42
"c:\Users\Marlowe\Desktop\ProjectBible\external-repos\and-bible\app\src\main\res\drawable\ic_launcher_monochrome.xml", "XML", 0, 0, 0, 0, 0, 0, 0, 0, 0, 0, 0, 0, 0, 0, 25, 0, 0, 0, 0, 0, 0, 0, 0, 0, 0, 0, 0, 0, 0, 0, 0, 0, 0, 0, 0, 0, 0, 0, 16, 2, 43
"c:\Users\Marlowe\Desktop\ProjectBible\external-repos\and-bible\app\src\main\res\drawable\ic_library_books_white_24dp.xml", "XML", 0, 0, 0, 0, 0, 0, 0, 0, 0, 0, 0, 0, 0, 0, 5, 0, 0, 0, 0, 0, 0, 0, 0, 0, 0, 0, 0, 0, 0, 0, 0, 0, 0, 0, 0, 0, 0, 0, 16, 2, 23
"c:\Users\Marlowe\Desktop\ProjectBible\external-repos\and-bible\app\src\main\res\drawable\ic_line_spacing_24dp.xml", "XML", 0, 0, 0, 0, 0, 0, 0, 0, 0, 0, 0, 0, 0, 0, 6, 0, 0, 0, 0, 0, 0, 0, 0, 0, 0, 0, 0, 0, 0, 0, 0, 0, 0, 0, 0, 0, 0, 0, 16, 2, 24
"c:\Users\Marlowe\Desktop\ProjectBible\external-repos\and-bible\app\src\main\res\drawable\ic_link_black_24dp.xml", "XML", 0, 0, 0, 0, 0, 0, 0, 0, 0, 0, 0, 0, 0, 0, 5, 0, 0, 0, 0, 0, 0, 0, 0, 0, 0, 0, 0, 0, 0, 0, 0, 0, 0, 0, 0, 0, 0, 0, 16, 2, 23
"c:\Users\Marlowe\Desktop\ProjectBible\external-repos\and-bible\app\src\main\res\drawable\ic_link_window_24dp.xml", "XML", 0, 0, 0, 0, 0, 0, 0, 0, 0, 0, 0, 0, 0, 0, 6, 0, 0, 0, 0, 0, 0, 0, 0, 0, 0, 0, 0, 0, 0, 0, 0, 0, 0, 0, 0, 0, 0, 0, 16, 2, 24
"c:\Users\Marlowe\Desktop\ProjectBible\external-repos\and-bible\app\src\main\res\drawable\ic_logo.xml", "XML", 0, 0, 0, 0, 0, 0, 0, 0, 0, 0, 0, 0, 0, 0, 31, 0, 0, 0, 0, 0, 0, 0, 0, 0, 0, 0, 0, 0, 0, 0, 0, 0, 0, 0, 0, 0, 0, 0, 16, 2, 49
"c:\Users\Marlowe\Desktop\ProjectBible\external-repos\and-bible\app\src\main\res\drawable\ic_logo_with_padding.xml", "XML", 0, 0, 0, 0, 0, 0, 0, 0, 0, 0, 0, 0, 0, 0, 36, 0, 0, 0, 0, 0, 0, 0, 0, 0, 0, 0, 0, 0, 0, 0, 0, 0, 0, 0, 0, 0, 0, 0, 16, 2, 54
"c:\Users\Marlowe\Desktop\ProjectBible\external-repos\and-bible\app\src\main\res\drawable\ic_map_black_24dp.xml", "XML", 0, 0, 0, 0, 0, 0, 0, 0, 0, 0, 0, 0, 0, 0, 5, 0, 0, 0, 0, 0, 0, 0, 0, 0, 0, 0, 0, 0, 0, 0, 0, 0, 0, 0, 0, 0, 0, 0, 16, 2, 23
"c:\Users\Marlowe\Desktop\ProjectBible\external-repos\and-bible\app\src\main\res\drawable\ic_margin_size_24dp.xml", "XML", 0, 0, 0, 0, 0, 0, 0, 0, 0, 0, 0, 0, 0, 0, 6, 0, 0, 0, 0, 0, 0, 0, 0, 0, 0, 0, 0, 0, 0, 0, 0, 0, 0, 0, 0, 0, 0, 0, 16, 2, 24
"c:\Users\Marlowe\Desktop\ProjectBible\external-repos\and-bible\app\src\main\res\drawable\ic_margin_top_24dp.xml", "XML", 0, 0, 0, 0, 0, 0, 0, 0, 0, 0, 0, 0, 0, 0, 6, 0, 0, 0, 0, 0, 0, 0, 0, 0, 0, 0, 0, 0, 0, 0, 0, 0, 0, 0, 0, 0, 0, 0, 16, 2, 24
"c:\Users\Marlowe\Desktop\ProjectBible\external-repos\and-bible\app\src\main\res\drawable\ic_menu.xml", "XML", 0, 0, 0, 0, 0, 0, 0, 0, 0, 0, 0, 0, 0, 0, 9, 0, 0, 0, 0, 0, 0, 0, 0, 0, 0, 0, 0, 0, 0, 0, 0, 0, 0, 0, 0, 0, 0, 0, 16, 2, 27
"c:\Users\Marlowe\Desktop\ProjectBible\external-repos\and-bible\app\src\main\res\drawable\ic_menu_black_24dp.xml", "XML", 0, 0, 0, 0, 0, 0, 0, 0, 0, 0, 0, 0, 0, 0, 5, 0, 0, 0, 0, 0, 0, 0, 0, 0, 0, 0, 0, 0, 0, 0, 0, 0, 0, 0, 0, 0, 0, 0, 16, 2, 23
"c:\Users\Marlowe\Desktop\ProjectBible\external-repos\and-bible\app\src\main\res\drawable\ic_more_vert_black_24dp.xml", "XML", 0, 0, 0, 0, 0, 0, 0, 0, 0, 0, 0, 0, 0, 0, 5, 0, 0, 0, 0, 0, 0, 0, 0, 0, 0, 0, 0, 0, 0, 0, 0, 0, 0, 0, 0, 0, 0, 0, 16, 2, 23
"c:\Users\Marlowe\Desktop\ProjectBible\external-repos\and-bible\app\src\main\res\drawable\ic_morphology_24dp.xml", "XML", 0, 0, 0, 0, 0, 0, 0, 0, 0, 0, 0, 0, 0, 0, 5, 0, 0, 0, 0, 0, 0, 0, 0, 0, 0, 0, 0, 0, 0, 0, 0, 0, 0, 0, 0, 0, 0, 0, 16, 2, 23
"c:\Users\Marlowe\Desktop\ProjectBible\external-repos\and-bible\app\src\main\res\drawable\ic_need_help_24dp.xml", "XML", 0, 0, 0, 0, 0, 0, 0, 0, 0, 0, 0, 0, 0, 0, 5, 0, 0, 0, 0, 0, 0, 0, 0, 0, 0, 0, 0, 0, 0, 0, 0, 0, 0, 0, 0, 0, 0, 0, 16, 2, 23
"c:\Users\Marlowe\Desktop\ProjectBible\external-repos\and-bible\app\src\main\res\drawable\ic_night_mode_24.xml", "XML", 0, 0, 0, 0, 0, 0, 0, 0, 0, 0, 0, 0, 0, 0, 5, 0, 0, 0, 0, 0, 0, 0, 0, 0, 0, 0, 0, 0, 0, 0, 0, 0, 0, 0, 0, 0, 0, 0, 16, 2, 23
"c:\Users\Marlowe\Desktop\ProjectBible\external-repos\and-bible\app\src\main\res\drawable\ic_night_mode_switching_24dp.xml", "XML", 0, 0, 0, 0, 0, 0, 0, 0, 0, 0, 0, 0, 0, 0, 7, 0, 0, 0, 0, 0, 0, 0, 0, 0, 0, 0, 0, 0, 0, 0, 0, 0, 0, 0, 0, 0, 0, 0, 16, 2, 25
"c:\Users\Marlowe\Desktop\ProjectBible\external-repos\and-bible\app\src\main\res\drawable\ic_note_regular_24dp.xml", "XML", 0, 0, 0, 0, 0, 0, 0, 0, 0, 0, 0, 0, 0, 0, 9, 0, 0, 0, 0, 0, 0, 0, 0, 0, 0, 0, 0, 0, 0, 0, 0, 0, 0, 0, 0, 0, 0, 0, 16, 2, 27
"c:\Users\Marlowe\Desktop\ProjectBible\external-repos\and-bible\app\src\main\res\drawable\ic_note_solid_24dp.xml", "XML", 0, 0, 0, 0, 0, 0, 0, 0, 0, 0, 0, 0, 0, 0, 9, 0, 0, 0, 0, 0, 0, 0, 0, 0, 0, 0, 0, 0, 0, 0, 0, 0, 0, 0, 0, 0, 0, 0, 16, 2, 27
"c:\Users\Marlowe\Desktop\ProjectBible\external-repos\and-bible\app\src\main\res\drawable\ic_one_tap_bible_24.xml", "XML", 0, 0, 0, 0, 0, 0, 0, 0, 0, 0, 0, 0, 0, 0, 5, 0, 0, 0, 0, 0, 0, 0, 0, 0, 0, 0, 0, 0, 0, 0, 0, 0, 0, 0, 0, 0, 0, 0, 16, 2, 23
"c:\Users\Marlowe\Desktop\ProjectBible\external-repos\and-bible\app\src\main\res\drawable\ic_one_tap_other_24.xml", "XML", 0, 0, 0, 0, 0, 0, 0, 0, 0, 0, 0, 0, 0, 0, 5, 0, 0, 0, 0, 0, 0, 0, 0, 0, 0, 0, 0, 0, 0, 0, 0, 0, 0, 0, 0, 0, 0, 0, 16, 2, 23
"c:\Users\Marlowe\Desktop\ProjectBible\external-repos\and-bible\app\src\main\res\drawable\ic_one_tap_plain_24.xml", "XML", 0, 0, 0, 0, 0, 0, 0, 0, 0, 0, 0, 0, 0, 0, 5, 0, 0, 0, 0, 0, 0, 0, 0, 0, 0, 0, 0, 0, 0, 0, 0, 0, 0, 0, 0, 0, 0, 0, 16, 2, 23
"c:\Users\Marlowe\Desktop\ProjectBible\external-repos\and-bible\app\src\main\res\drawable\ic_one_verse_per_line_24dp.xml", "XML", 0, 0, 0, 0, 0, 0, 0, 0, 0, 0, 0, 0, 0, 0, 6, 0, 0, 0, 0, 0, 0, 0, 0, 0, 0, 0, 0, 0, 0, 0, 0, 0, 0, 0, 0, 0, 0, 0, 16, 2, 24
"c:\Users\Marlowe\Desktop\ProjectBible\external-repos\and-bible\app\src\main\res\drawable\ic_pause_black_24dp.xml", "XML", 0, 0, 0, 0, 0, 0, 0, 0, 0, 0, 0, 0, 0, 0, 5, 0, 0, 0, 0, 0, 0, 0, 0, 0, 0, 0, 0, 0, 0, 0, 0, 0, 0, 0, 0, 0, 0, 0, 16, 2, 23
"c:\Users\Marlowe\Desktop\ProjectBible\external-repos\and-bible\app\src\main\res\drawable\ic_pen_24dp.xml", "XML", 0, 0, 0, 0, 0, 0, 0, 0, 0, 0, 0, 0, 0, 0, 9, 0, 0, 0, 0, 0, 0, 0, 0, 0, 0, 0, 0, 0, 0, 0, 0, 0, 0, 0, 0, 0, 0, 0, 16, 2, 27
"c:\Users\Marlowe\Desktop\ProjectBible\external-repos\and-bible\app\src\main\res\drawable\ic_pin.xml", "XML", 0, 0, 0, 0, 0, 0, 0, 0, 0, 0, 0, 0, 0, 0, 11, 0, 0, 0, 0, 0, 0, 0, 0, 0, 0, 0, 0, 0, 0, 0, 0, 0, 0, 0, 0, 0, 0, 0, 16, 2, 29
"c:\Users\Marlowe\Desktop\ProjectBible\external-repos\and-bible\app\src\main\res\drawable\ic_play_arrow_black_24dp.xml", "XML", 0, 0, 0, 0, 0, 0, 0, 0, 0, 0, 0, 0, 0, 0, 5, 0, 0, 0, 0, 0, 0, 0, 0, 0, 0, 0, 0, 0, 0, 0, 0, 0, 0, 0, 0, 0, 0, 0, 16, 2, 23
"c:\Users\Marlowe\Desktop\ProjectBible\external-repos\and-bible\app\src\main\res\drawable\ic_rate_review_white_24dp.xml", "XML", 0, 0, 0, 0, 0, 0, 0, 0, 0, 0, 0, 0, 0, 0, 5, 0, 0, 0, 0, 0, 0, 0, 0, 0, 0, 0, 0, 0, 0, 0, 0, 0, 0, 0, 0, 0, 0, 0, 16, 2, 23
"c:\Users\Marlowe\Desktop\ProjectBible\external-repos\and-bible\app\src\main\res\drawable\ic_reading_plan_24dp.xml", "XML", 0, 0, 0, 0, 0, 0, 0, 0, 0, 0, 0, 0, 0, 0, 5, 0, 0, 0, 0, 0, 0, 0, 0, 0, 0, 0, 0, 0, 0, 0, 0, 0, 0, 0, 0, 0, 0, 0, 16, 2, 23
"c:\Users\Marlowe\Desktop\ProjectBible\external-repos\and-bible\app\src\main\res\drawable\ic_reading_plan_solid_24dp.xml", "XML", 0, 0, 0, 0, 0, 0, 0, 0, 0, 0, 0, 0, 0, 0, 5, 0, 0, 0, 0, 0, 0, 0, 0, 0, 0, 0, 0, 0, 0, 0, 0, 0, 0, 0, 0, 0, 0, 0, 16, 2, 23
"c:\Users\Marlowe\Desktop\ProjectBible\external-repos\and-bible\app\src\main\res\drawable\ic_red_letter_24dp.xml", "XML", 0, 0, 0, 0, 0, 0, 0, 0, 0, 0, 0, 0, 0, 0, 6, 0, 0, 0, 0, 0, 0, 0, 0, 0, 0, 0, 0, 0, 0, 0, 0, 0, 0, 0, 0, 0, 0, 0, 16, 2, 24
"c:\Users\Marlowe\Desktop\ProjectBible\external-repos\and-bible\app\src\main\res\drawable\ic_reverse_split_mode_24dp.xml", "XML", 0, 0, 0, 0, 0, 0, 0, 0, 0, 0, 0, 0, 0, 0, 5, 0, 0, 0, 0, 0, 0, 0, 0, 0, 0, 0, 0, 0, 0, 0, 0, 0, 0, 0, 0, 0, 0, 0, 16, 2, 23
"c:\Users\Marlowe\Desktop\ProjectBible\external-repos\and-bible\app\src\main\res\drawable\ic_save_20dp.xml", "XML", 0, 0, 0, 0, 0, 0, 0, 0, 0, 0, 0, 0, 0, 0, 6, 0, 0, 0, 0, 0, 0, 0, 0, 0, 0, 0, 0, 0, 0, 0, 0, 0, 0, 0, 0, 0, 0, 0, 0, 1, 7
"c:\Users\Marlowe\Desktop\ProjectBible\external-repos\and-bible\app\src\main\res\drawable\ic_save_24dp.xml", "XML", 0, 0, 0, 0, 0, 0, 0, 0, 0, 0, 0, 0, 0, 0, 6, 0, 0, 0, 0, 0, 0, 0, 0, 0, 0, 0, 0, 0, 0, 0, 0, 0, 0, 0, 0, 0, 0, 0, 0, 1, 7
"c:\Users\Marlowe\Desktop\ProjectBible\external-repos\and-bible\app\src\main\res\drawable\ic_search_20dp.xml", "XML", 0, 0, 0, 0, 0, 0, 0, 0, 0, 0, 0, 0, 0, 0, 9, 0, 0, 0, 0, 0, 0, 0, 0, 0, 0, 0, 0, 0, 0, 0, 0, 0, 0, 0, 0, 0, 0, 0, 0, 1, 10
"c:\Users\Marlowe\Desktop\ProjectBible\external-repos\and-bible\app\src\main\res\drawable\ic_search_24dp.xml", "XML", 0, 0, 0, 0, 0, 0, 0, 0, 0, 0, 0, 0, 0, 0, 9, 0, 0, 0, 0, 0, 0, 0, 0, 0, 0, 0, 0, 0, 0, 0, 0, 0, 0, 0, 0, 0, 0, 0, 16, 2, 27
"c:\Users\Marlowe\Desktop\ProjectBible\external-repos\and-bible\app\src\main\res\drawable\ic_section_titles_24dp.xml", "XML", 0, 0, 0, 0, 0, 0, 0, 0, 0, 0, 0, 0, 0, 0, 6, 0, 0, 0, 0, 0, 0, 0, 0, 0, 0, 0, 0, 0, 0, 0, 0, 0, 0, 0, 0, 0, 0, 0, 16, 2, 24
"c:\Users\Marlowe\Desktop\ProjectBible\external-repos\and-bible\app\src\main\res\drawable\ic_settings_backup_restore_black_24dp.xml", "XML", 0, 0, 0, 0, 0, 0, 0, 0, 0, 0, 0, 0, 0, 0, 5, 0, 0, 0, 0, 0, 0, 0, 0, 0, 0, 0, 0, 0, 0, 0, 0, 0, 0, 0, 0, 0, 0, 0, 16, 2, 23
"c:\Users\Marlowe\Desktop\ProjectBible\external-repos\and-bible\app\src\main\res\drawable\ic_settings_backup_restore_db_24dp.xml", "XML", 0, 0, 0, 0, 0, 0, 0, 0, 0, 0, 0, 0, 0, 0, 6, 0, 0, 0, 0, 0, 0, 0, 0, 0, 0, 0, 0, 0, 0, 0, 0, 0, 0, 0, 0, 0, 0, 0, 16, 2, 24
"c:\Users\Marlowe\Desktop\ProjectBible\external-repos\and-bible\app\src\main\res\drawable\ic_settings_black_24dp.xml", "XML", 0, 0, 0, 0, 0, 0, 0, 0, 0, 0, 0, 0, 0, 0, 5, 0, 0, 0, 0, 0, 0, 0, 0, 0, 0, 0, 0, 0, 0, 0, 0, 0, 0, 0, 0, 0, 0, 0, 16, 2, 23
"c:\Users\Marlowe\Desktop\ProjectBible\external-repos\and-bible\app\src\main\res\drawable\ic_settings_white_24dp.xml", "XML", 0, 0, 0, 0, 0, 0, 0, 0, 0, 0, 0, 0, 0, 0, 5, 0, 0, 0, 0, 0, 0, 0, 0, 0, 0, 0, 0, 0, 0, 0, 0, 0, 0, 0, 0, 0, 0, 0, 16, 2, 23
"c:\Users\Marlowe\Desktop\ProjectBible\external-repos\and-bible\app\src\main\res\drawable\ic_skip_next_black_24dp.xml", "XML", 0, 0, 0, 0, 0, 0, 0, 0, 0, 0, 0, 0, 0, 0, 5, 0, 0, 0, 0, 0, 0, 0, 0, 0, 0, 0, 0, 0, 0, 0, 0, 0, 0, 0, 0, 0, 0, 0, 16, 2, 23
"c:\Users\Marlowe\Desktop\ProjectBible\external-repos\and-bible\app\src\main\res\drawable\ic_skip_previous_black_24dp.xml", "XML", 0, 0, 0, 0, 0, 0, 0, 0, 0, 0, 0, 0, 0, 0, 5, 0, 0, 0, 0, 0, 0, 0, 0, 0, 0, 0, 0, 0, 0, 0, 0, 0, 0, 0, 0, 0, 0, 0, 16, 2, 23
"c:\Users\Marlowe\Desktop\ProjectBible\external-repos\and-bible\app\src\main\res\drawable\ic_sort_bible_asc.xml", "XML", 0, 0, 0, 0, 0, 0, 0, 0, 0, 0, 0, 0, 0, 0, 5, 0, 0, 0, 0, 0, 0, 0, 0, 0, 0, 0, 0, 0, 0, 0, 0, 0, 0, 0, 0, 0, 0, 0, 16, 2, 23
"c:\Users\Marlowe\Desktop\ProjectBible\external-repos\and-bible\app\src\main\res\drawable\ic_sort_bible_desc.xml", "XML", 0, 0, 0, 0, 0, 0, 0, 0, 0, 0, 0, 0, 0, 0, 6, 0, 0, 0, 0, 0, 0, 0, 0, 0, 0, 0, 0, 0, 0, 0, 0, 0, 0, 0, 0, 0, 0, 0, 16, 2, 24
"c:\Users\Marlowe\Desktop\ProjectBible\external-repos\and-bible\app\src\main\res\drawable\ic_sort_date_asc.xml", "XML", 0, 0, 0, 0, 0, 0, 0, 0, 0, 0, 0, 0, 0, 0, 5, 0, 0, 0, 0, 0, 0, 0, 0, 0, 0, 0, 0, 0, 0, 0, 0, 0, 0, 0, 0, 0, 0, 0, 16, 2, 23
"c:\Users\Marlowe\Desktop\ProjectBible\external-repos\and-bible\app\src\main\res\drawable\ic_sort_date_desc.xml", "XML", 0, 0, 0, 0, 0, 0, 0, 0, 0, 0, 0, 0, 0, 0, 5, 0, 0, 0, 0, 0, 0, 0, 0, 0, 0, 0, 0, 0, 0, 0, 0, 0, 0, 0, 0, 0, 0, 0, 16, 2, 23
"c:\Users\Marlowe\Desktop\ProjectBible\external-repos\and-bible\app\src\main\res\drawable\ic_star_black_24dp.xml", "XML", 0, 0, 0, 0, 0, 0, 0, 0, 0, 0, 0, 0, 0, 0, 5, 0, 0, 0, 0, 0, 0, 0, 0, 0, 0, 0, 0, 0, 0, 0, 0, 0, 0, 0, 0, 0, 0, 0, 16, 2, 23
"c:\Users\Marlowe\Desktop\ProjectBible\external-repos\and-bible\app\src\main\res\drawable\ic_stop_black_24dp.xml", "XML", 0, 0, 0, 0, 0, 0, 0, 0, 0, 0, 0, 0, 0, 0, 5, 0, 0, 0, 0, 0, 0, 0, 0, 0, 0, 0, 0, 0, 0, 0, 0, 0, 0, 0, 0, 0, 0, 0, 16, 2, 23
"c:\Users\Marlowe\Desktop\ProjectBible\external-repos\and-bible\app\src\main\res\drawable\ic_strongs_greek.xml", "XML", 0, 0, 0, 0, 0, 0, 0, 0, 0, 0, 0, 0, 0, 0, 5, 0, 0, 0, 0, 0, 0, 0, 0, 0, 0, 0, 0, 0, 0, 0, 0, 0, 0, 0, 0, 0, 0, 0, 16, 2, 23
"c:\Users\Marlowe\Desktop\ProjectBible\external-repos\and-bible\app\src\main\res\drawable\ic_strongs_greek_links.xml", "XML", 0, 0, 0, 0, 0, 0, 0, 0, 0, 0, 0, 0, 0, 0, 5, 0, 0, 0, 0, 0, 0, 0, 0, 0, 0, 0, 0, 0, 0, 0, 0, 0, 0, 0, 0, 0, 0, 0, 16, 2, 23
"c:\Users\Marlowe\Desktop\ProjectBible\external-repos\and-bible\app\src\main\res\drawable\ic_strongs_greek_links_text.xml", "XML", 0, 0, 0, 0, 0, 0, 0, 0, 0, 0, 0, 0, 0, 0, 6, 0, 0, 0, 0, 0, 0, 0, 0, 0, 0, 0, 0, 0, 0, 0, 0, 0, 0, 0, 0, 0, 0, 0, 16, 2, 24
"c:\Users\Marlowe\Desktop\ProjectBible\external-repos\and-bible\app\src\main\res\drawable\ic_strongs_hebrew.xml", "XML", 0, 0, 0, 0, 0, 0, 0, 0, 0, 0, 0, 0, 0, 0, 5, 0, 0, 0, 0, 0, 0, 0, 0, 0, 0, 0, 0, 0, 0, 0, 0, 0, 0, 0, 0, 0, 0, 0, 16, 2, 23
"c:\Users\Marlowe\Desktop\ProjectBible\external-repos\and-bible\app\src\main\res\drawable\ic_strongs_hebrew_links.xml", "XML", 0, 0, 0, 0, 0, 0, 0, 0, 0, 0, 0, 0, 0, 0, 5, 0, 0, 0, 0, 0, 0, 0, 0, 0, 0, 0, 0, 0, 0, 0, 0, 0, 0, 0, 0, 0, 0, 0, 16, 2, 23
"c:\Users\Marlowe\Desktop\ProjectBible\external-repos\and-bible\app\src\main\res\drawable\ic_strongs_hebrew_links_text.xml", "XML", 0, 0, 0, 0, 0, 0, 0, 0, 0, 0, 0, 0, 0, 0, 5, 0, 0, 0, 0, 0, 0, 0, 0, 0, 0, 0, 0, 0, 0, 0, 0, 0, 0, 0, 0, 0, 0, 0, 16, 2, 23
"c:\Users\Marlowe\Desktop\ProjectBible\external-repos\and-bible\app\src\main\res\drawable\ic_sync_disabled_green_24dp.xml", "XML", 0, 0, 0, 0, 0, 0, 0, 0, 0, 0, 0, 0, 0, 0, 5, 0, 0, 0, 0, 0, 0, 0, 0, 0, 0, 0, 0, 0, 0, 0, 0, 0, 0, 0, 0, 0, 0, 0, 16, 2, 23
"c:\Users\Marlowe\Desktop\ProjectBible\external-repos\and-bible\app\src\main\res\drawable\ic_sync_white_24dp.xml", "XML", 0, 0, 0, 0, 0, 0, 0, 0, 0, 0, 0, 0, 0, 0, 5, 0, 0, 0, 0, 0, 0, 0, 0, 0, 0, 0, 0, 0, 0, 0, 0, 0, 0, 0, 0, 0, 0, 0, 16, 2, 23
"c:\Users\Marlowe\Desktop\ProjectBible\external-repos\and-bible\app\src\main\res\drawable\ic_syncdb_24dp.xml", "XML", 0, 0, 0, 0, 0, 0, 0, 0, 0, 0, 0, 0, 0, 0, 5, 0, 0, 0, 0, 0, 0, 0, 0, 0, 0, 0, 0, 0, 0, 0, 0, 0, 0, 0, 0, 0, 0, 0, 16, 2, 23
"c:\Users\Marlowe\Desktop\ProjectBible\external-repos\and-bible\app\src\main\res\drawable\ic_text_format_white_24dp.xml", "XML", 0, 0, 0, 0, 0, 0, 0, 0, 0, 0, 0, 0, 0, 0, 7, 0, 0, 0, 0, 0, 0, 0, 0, 0, 0, 0, 0, 0, 0, 0, 0, 0, 0, 0, 0, 0, 0, 0, 16, 2, 25
"c:\Users\Marlowe\Desktop\ProjectBible\external-repos\and-bible\app\src\main\res\drawable\ic_text_options_24dp.xml", "XML", 0, 0, 0, 0, 0, 0, 0, 0, 0, 0, 0, 0, 0, 0, 7, 0, 0, 0, 0, 0, 0, 0, 0, 0, 0, 0, 0, 0, 0, 0, 0, 0, 0, 0, 0, 0, 0, 0, 16, 2, 25
"c:\Users\Marlowe\Desktop\ProjectBible\external-repos\and-bible\app\src\main\res\drawable\ic_tilt_to_scroll_24dp.xml", "XML", 0, 0, 0, 0, 0, 0, 0, 0, 0, 0, 0, 0, 0, 0, 5, 0, 0, 0, 0, 0, 0, 0, 0, 0, 0, 0, 0, 0, 0, 0, 0, 0, 0, 0, 0, 0, 0, 0, 16, 2, 23
"c:\Users\Marlowe\Desktop\ProjectBible\external-repos\and-bible\app\src\main\res\drawable\ic_unarchive_white_24dp.xml", "XML", 0, 0, 0, 0, 0, 0, 0, 0, 0, 0, 0, 0, 0, 0, 5, 0, 0, 0, 0, 0, 0, 0, 0, 0, 0, 0, 0, 0, 0, 0, 0, 0, 0, 0, 0, 0, 0, 0, 16, 2, 23
"c:\Users\Marlowe\Desktop\ProjectBible\external-repos\and-bible\app\src\main\res\drawable\ic_unmaximise.xml", "XML", 0, 0, 0, 0, 0, 0, 0, 0, 0, 0, 0, 0, 0, 0, 5, 0, 0, 0, 0, 0, 0, 0, 0, 0, 0, 0, 0, 0, 0, 0, 0, 0, 0, 0, 0, 0, 0, 0, 16, 2, 23
"c:\Users\Marlowe\Desktop\ProjectBible\external-repos\and-bible\app\src\main\res\drawable\ic_warning_red_24dp.xml", "XML", 0, 0, 0, 0, 0, 0, 0, 0, 0, 0, 0, 0, 0, 0, 9, 0, 0, 0, 0, 0, 0, 0, 0, 0, 0, 0, 0, 0, 0, 0, 0, 0, 0, 0, 0, 0, 0, 0, 16, 2, 27
"c:\Users\Marlowe\Desktop\ProjectBible\external-repos\and-bible\app\src\main\res\drawable\ic_whole_verse_false_24dp.xml", "XML", 0, 0, 0, 0, 0, 0, 0, 0, 0, 0, 0, 0, 0, 0, 5, 0, 0, 0, 0, 0, 0, 0, 0, 0, 0, 0, 0, 0, 0, 0, 0, 0, 0, 0, 0, 0, 0, 0, 16, 2, 23
"c:\Users\Marlowe\Desktop\ProjectBible\external-repos\and-bible\app\src\main\res\drawable\ic_window_add_outline_black_24dp.xml", "XML", 0, 0, 0, 0, 0, 0, 0, 0, 0, 0, 0, 0, 0, 0, 5, 0, 0, 0, 0, 0, 0, 0, 0, 0, 0, 0, 0, 0, 0, 0, 0, 0, 0, 0, 0, 0, 0, 0, 16, 2, 23
"c:\Users\Marlowe\Desktop\ProjectBible\external-repos\and-bible\app\src\main\res\drawable\ic_window_maximise_24dp.xml", "XML", 0, 0, 0, 0, 0, 0, 0, 0, 0, 0, 0, 0, 0, 0, 5, 0, 0, 0, 0, 0, 0, 0, 0, 0, 0, 0, 0, 0, 0, 0, 0, 0, 0, 0, 0, 0, 0, 0, 16, 2, 23
"c:\Users\Marlowe\Desktop\ProjectBible\external-repos\and-bible\app\src\main\res\drawable\ic_window_move_to_24dp.xml", "XML", 0, 0, 0, 0, 0, 0, 0, 0, 0, 0, 0, 0, 0, 0, 5, 0, 0, 0, 0, 0, 0, 0, 0, 0, 0, 0, 0, 0, 0, 0, 0, 0, 0, 0, 0, 0, 0, 0, 16, 2, 23
"c:\Users\Marlowe\Desktop\ProjectBible\external-repos\and-bible\app\src\main\res\drawable\ic_window_pinning_24.xml", "XML", 0, 0, 0, 0, 0, 0, 0, 0, 0, 0, 0, 0, 0, 0, 7, 0, 0, 0, 0, 0, 0, 0, 0, 0, 0, 0, 0, 0, 0, 0, 0, 0, 0, 0, 0, 0, 0, 0, 16, 2, 25
"c:\Users\Marlowe\Desktop\ProjectBible\external-repos\and-bible\app\src\main\res\drawable\ic_window_sync_24dp.xml", "XML", 0, 0, 0, 0, 0, 0, 0, 0, 0, 0, 0, 0, 0, 0, 5, 0, 0, 0, 0, 0, 0, 0, 0, 0, 0, 0, 0, 0, 0, 0, 0, 0, 0, 0, 0, 0, 0, 0, 16, 2, 23
"c:\Users\Marlowe\Desktop\ProjectBible\external-repos\and-bible\app\src\main\res\drawable\ic_workspace_overlay_24dp.xml", "XML", 0, 0, 0, 0, 0, 0, 0, 0, 0, 0, 0, 0, 0, 0, 6, 0, 0, 0, 0, 0, 0, 0, 0, 0, 0, 0, 0, 0, 0, 0, 0, 0, 0, 0, 0, 0, 0, 0, 16, 2, 24
"c:\Users\Marlowe\Desktop\ProjectBible\external-repos\and-bible\app\src\main\res\drawable\ic_workspace_solid_24dp.xml", "XML", 0, 0, 0, 0, 0, 0, 0, 0, 0, 0, 0, 0, 0, 0, 6, 0, 0, 0, 0, 0, 0, 0, 0, 0, 0, 0, 0, 0, 0, 0, 0, 0, 0, 0, 0, 0, 0, 0, 16, 2, 24
"c:\Users\Marlowe\Desktop\ProjectBible\external-repos\and-bible\app\src\main\res\drawable\ic_xrefs_24dp.xml", "XML", 0, 0, 0, 0, 0, 0, 0, 0, 0, 0, 0, 0, 0, 0, 6, 0, 0, 0, 0, 0, 0, 0, 0, 0, 0, 0, 0, 0, 0, 0, 0, 0, 0, 0, 0, 0, 0, 0, 16, 2, 24
"c:\Users\Marlowe\Desktop\ProjectBible\external-repos\and-bible\app\src\main\res\drawable\ic_xrefs_inline_24dp.xml", "XML", 0, 0, 0, 0, 0, 0, 0, 0, 0, 0, 0, 0, 0, 0, 6, 0, 0, 0, 0, 0, 0, 0, 0, 0, 0, 0, 0, 0, 0, 0, 0, 0, 0, 0, 0, 0, 0, 0, 16, 2, 24
"c:\Users\Marlowe\Desktop\ProjectBible\external-repos\and-bible\app\src\main\res\drawable\ic_zoom_out_map_white_24dp.xml", "XML", 0, 0, 0, 0, 0, 0, 0, 0, 0, 0, 0, 0, 0, 0, 5, 0, 0, 0, 0, 0, 0, 0, 0, 0, 0, 0, 0, 0, 0, 0, 0, 0, 0, 0, 0, 0, 0, 0, 16, 2, 23
"c:\Users\Marlowe\Desktop\ProjectBible\external-repos\and-bible\app\src\main\res\drawable\icon_bell.xml", "XML", 0, 0, 0, 0, 0, 0, 0, 0, 0, 0, 0, 0, 0, 0, 11, 0, 0, 0, 0, 0, 0, 0, 0, 0, 0, 0, 0, 0, 0, 0, 0, 0, 0, 0, 0, 0, 0, 0, 0, 1, 12
"c:\Users\Marlowe\Desktop\ProjectBible\external-repos\and-bible\app\src\main\res\drawable\icon_book.xml", "XML", 0, 0, 0, 0, 0, 0, 0, 0, 0, 0, 0, 0, 0, 0, 11, 0, 0, 0, 0, 0, 0, 0, 0, 0, 0, 0, 0, 0, 0, 0, 0, 0, 0, 0, 0, 0, 0, 0, 0, 1, 12
"c:\Users\Marlowe\Desktop\ProjectBible\external-repos\and-bible\app\src\main\res\drawable\icon_book_bible.xml", "XML", 0, 0, 0, 0, 0, 0, 0, 0, 0, 0, 0, 0, 0, 0, 11, 0, 0, 0, 0, 0, 0, 0, 0, 0, 0, 0, 0, 0, 0, 0, 0, 0, 0, 0, 0, 0, 0, 0, 0, 1, 12
"c:\Users\Marlowe\Desktop\ProjectBible\external-repos\and-bible\app\src\main\res\drawable\icon_calendar.xml", "XML", 0, 0, 0, 0, 0, 0, 0, 0, 0, 0, 0, 0, 0, 0, 11, 0, 0, 0, 0, 0, 0, 0, 0, 0, 0, 0, 0, 0, 0, 0, 0, 0, 0, 0, 0, 0, 0, 0, 0, 1, 12
"c:\Users\Marlowe\Desktop\ProjectBible\external-repos\and-bible\app\src\main\res\drawable\icon_church.xml", "XML", 0, 0, 0, 0, 0, 0, 0, 0, 0, 0, 0, 0, 0, 0, 11, 0, 0, 0, 0, 0, 0, 0, 0, 0, 0, 0, 0, 0, 0, 0, 0, 0, 0, 0, 0, 0, 0, 0, 0, 1, 12
"c:\Users\Marlowe\Desktop\ProjectBible\external-repos\and-bible\app\src\main\res\drawable\icon_circle_exclamation.xml", "XML", 0, 0, 0, 0, 0, 0, 0, 0, 0, 0, 0, 0, 0, 0, 11, 0, 0, 0, 0, 0, 0, 0, 0, 0, 0, 0, 0, 0, 0, 0, 0, 0, 0, 0, 0, 0, 0, 0, 0, 1, 12
"c:\Users\Marlowe\Desktop\ProjectBible\external-repos\and-bible\app\src\main\res\drawable\icon_circle_info.xml", "XML", 0, 0, 0, 0, 0, 0, 0, 0, 0, 0, 0, 0, 0, 0, 11, 0, 0, 0, 0, 0, 0, 0, 0, 0, 0, 0, 0, 0, 0, 0, 0, 0, 0, 0, 0, 0, 0, 0, 0, 1, 12
"c:\Users\Marlowe\Desktop\ProjectBible\external-repos\and-bible\app\src\main\res\drawable\icon_circle_question.xml", "XML", 0, 0, 0, 0, 0, 0, 0, 0, 0, 0, 0, 0, 0, 0, 11, 0, 0, 0, 0, 0, 0, 0, 0, 0, 0, 0, 0, 0, 0, 0, 0, 0, 0, 0, 0, 0, 0, 0, 0, 1, 12
"c:\Users\Marlowe\Desktop\ProjectBible\external-repos\and-bible\app\src\main\res\drawable\icon_clock.xml", "XML", 0, 0, 0, 0, 0, 0, 0, 0, 0, 0, 0, 0, 0, 0, 11, 0, 0, 0, 0, 0, 0, 0, 0, 0, 0, 0, 0, 0, 0, 0, 0, 0, 0, 0, 0, 0, 0, 0, 0, 1, 12
"c:\Users\Marlowe\Desktop\ProjectBible\external-repos\and-bible\app\src\main\res\drawable\icon_comment.xml", "XML", 0, 0, 0, 0, 0, 0, 0, 0, 0, 0, 0, 0, 0, 0, 11, 0, 0, 0, 0, 0, 0, 0, 0, 0, 0, 0, 0, 0, 0, 0, 0, 0, 0, 0, 0, 0, 0, 0, 0, 1, 12
"c:\Users\Marlowe\Desktop\ProjectBible\external-repos\and-bible\app\src\main\res\drawable\icon_cross.xml", "XML", 0, 0, 0, 0, 0, 0, 0, 0, 0, 0, 0, 0, 0, 0, 11, 0, 0, 0, 0, 0, 0, 0, 0, 0, 0, 0, 0, 0, 0, 0, 0, 0, 0, 0, 0, 0, 0, 0, 0, 1, 12
"c:\Users\Marlowe\Desktop\ProjectBible\external-repos\and-bible\app\src\main\res\drawable\icon_crown.xml", "XML", 0, 0, 0, 0, 0, 0, 0, 0, 0, 0, 0, 0, 0, 0, 11, 0, 0, 0, 0, 0, 0, 0, 0, 0, 0, 0, 0, 0, 0, 0, 0, 0, 0, 0, 0, 0, 0, 0, 0, 1, 12
"c:\Users\Marlowe\Desktop\ProjectBible\external-repos\and-bible\app\src\main\res\drawable\icon_disabled.xml", "XML", 0, 0, 0, 0, 0, 0, 0, 0, 0, 0, 0, 0, 0, 0, 22, 0, 0, 0, 0, 0, 0, 0, 0, 0, 0, 0, 0, 0, 0, 0, 0, 0, 0, 0, 0, 0, 0, 0, 0, 2, 24
"c:\Users\Marlowe\Desktop\ProjectBible\external-repos\and-bible\app\src\main\res\drawable\icon_envelope.xml", "XML", 0, 0, 0, 0, 0, 0, 0, 0, 0, 0, 0, 0, 0, 0, 11, 0, 0, 0, 0, 0, 0, 0, 0, 0, 0, 0, 0, 0, 0, 0, 0, 0, 0, 0, 0, 0, 0, 0, 0, 1, 12
"c:\Users\Marlowe\Desktop\ProjectBible\external-repos\and-bible\app\src\main\res\drawable\icon_flag.xml", "XML", 0, 0, 0, 0, 0, 0, 0, 0, 0, 0, 0, 0, 0, 0, 11, 0, 0, 0, 0, 0, 0, 0, 0, 0, 0, 0, 0, 0, 0, 0, 0, 0, 0, 0, 0, 0, 0, 0, 0, 1, 12
"c:\Users\Marlowe\Desktop\ProjectBible\external-repos\and-bible\app\src\main\res\drawable\icon_globe.xml", "XML", 0, 0, 0, 0, 0, 0, 0, 0, 0, 0, 0, 0, 0, 0, 11, 0, 0, 0, 0, 0, 0, 0, 0, 0, 0, 0, 0, 0, 0, 0, 0, 0, 0, 0, 0, 0, 0, 0, 0, 1, 12
"c:\Users\Marlowe\Desktop\ProjectBible\external-repos\and-bible\app\src\main\res\drawable\icon_handshake.xml", "XML", 0, 0, 0, 0, 0, 0, 0, 0, 0, 0, 0, 0, 0, 0, 11, 0, 0, 0, 0, 0, 0, 0, 0, 0, 0, 0, 0, 0, 0, 0, 0, 0, 0, 0, 0, 0, 0, 0, 0, 1, 12
"c:\Users\Marlowe\Desktop\ProjectBible\external-repos\and-bible\app\src\main\res\drawable\icon_heart.xml", "XML", 0, 0, 0, 0, 0, 0, 0, 0, 0, 0, 0, 0, 0, 0, 11, 0, 0, 0, 0, 0, 0, 0, 0, 0, 0, 0, 0, 0, 0, 0, 0, 0, 0, 0, 0, 0, 0, 0, 0, 1, 12
"c:\Users\Marlowe\Desktop\ProjectBible\external-repos\and-bible\app\src\main\res\drawable\icon_heart_crack.xml", "XML", 0, 0, 0, 0, 0, 0, 0, 0, 0, 0, 0, 0, 0, 0, 11, 0, 0, 0, 0, 0, 0, 0, 0, 0, 0, 0, 0, 0, 0, 0, 0, 0, 0, 0, 0, 0, 0, 0, 0, 1, 12
"c:\Users\Marlowe\Desktop\ProjectBible\external-repos\and-bible\app\src\main\res\drawable\icon_key.xml", "XML", 0, 0, 0, 0, 0, 0, 0, 0, 0, 0, 0, 0, 0, 0, 11, 0, 0, 0, 0, 0, 0, 0, 0, 0, 0, 0, 0, 0, 0, 0, 0, 0, 0, 0, 0, 0, 0, 0, 0, 1, 12
"c:\Users\Marlowe\Desktop\ProjectBible\external-repos\and-bible\app\src\main\res\drawable\icon_landmark.xml", "XML", 0, 0, 0, 0, 0, 0, 0, 0, 0, 0, 0, 0, 0, 0, 11, 0, 0, 0, 0, 0, 0, 0, 0, 0, 0, 0, 0, 0, 0, 0, 0, 0, 0, 0, 0, 0, 0, 0, 0, 1, 12
"c:\Users\Marlowe\Desktop\ProjectBible\external-repos\and-bible\app\src\main\res\drawable\icon_lightbulb.xml", "XML", 0, 0, 0, 0, 0, 0, 0, 0, 0, 0, 0, 0, 0, 0, 11, 0, 0, 0, 0, 0, 0, 0, 0, 0, 0, 0, 0, 0, 0, 0, 0, 0, 0, 0, 0, 0, 0, 0, 0, 1, 12
"c:\Users\Marlowe\Desktop\ProjectBible\external-repos\and-bible\app\src\main\res\drawable\icon_link.xml", "XML", 0, 0, 0, 0, 0, 0, 0, 0, 0, 0, 0, 0, 0, 0, 11, 0, 0, 0, 0, 0, 0, 0, 0, 0, 0, 0, 0, 0, 0, 0, 0, 0, 0, 0, 0, 0, 0, 0, 0, 1, 12
"c:\Users\Marlowe\Desktop\ProjectBible\external-repos\and-bible\app\src\main\res\drawable\icon_location_dot.xml", "XML", 0, 0, 0, 0, 0, 0, 0, 0, 0, 0, 0, 0, 0, 0, 11, 0, 0, 0, 0, 0, 0, 0, 0, 0, 0, 0, 0, 0, 0, 0, 0, 0, 0, 0, 0, 0, 0, 0, 0, 1, 12
"c:\Users\Marlowe\Desktop\ProjectBible\external-repos\and-bible\app\src\main\res\drawable\icon_microphone.xml", "XML", 0, 0, 0, 0, 0, 0, 0, 0, 0, 0, 0, 0, 0, 0, 11, 0, 0, 0, 0, 0, 0, 0, 0, 0, 0, 0, 0, 0, 0, 0, 0, 0, 0, 0, 0, 0, 0, 0, 0, 1, 12
"c:\Users\Marlowe\Desktop\ProjectBible\external-repos\and-bible\app\src\main\res\drawable\icon_music.xml", "XML", 0, 0, 0, 0, 0, 0, 0, 0, 0, 0, 0, 0, 0, 0, 11, 0, 0, 0, 0, 0, 0, 0, 0, 0, 0, 0, 0, 0, 0, 0, 0, 0, 0, 0, 0, 0, 0, 0, 0, 1, 12
"c:\Users\Marlowe\Desktop\ProjectBible\external-repos\and-bible\app\src\main\res\drawable\icon_person_praying.xml", "XML", 0, 0, 0, 0, 0, 0, 0, 0, 0, 0, 0, 0, 0, 0, 11, 0, 0, 0, 0, 0, 0, 0, 0, 0, 0, 0, 0, 0, 0, 0, 0, 0, 0, 0, 0, 0, 0, 0, 0, 1, 12
"c:\Users\Marlowe\Desktop\ProjectBible\external-repos\and-bible\app\src\main\res\drawable\icon_share_nodes.xml", "XML", 0, 0, 0, 0, 0, 0, 0, 0, 0, 0, 0, 0, 0, 0, 11, 0, 0, 0, 0, 0, 0, 0, 0, 0, 0, 0, 0, 0, 0, 0, 0, 0, 0, 0, 0, 0, 0, 0, 0, 1, 12
"c:\Users\Marlowe\Desktop\ProjectBible\external-repos\and-bible\app\src\main\res\drawable\icon_star.xml", "XML", 0, 0, 0, 0, 0, 0, 0, 0, 0, 0, 0, 0, 0, 0, 11, 0, 0, 0, 0, 0, 0, 0, 0, 0, 0, 0, 0, 0, 0, 0, 0, 0, 0, 0, 0, 0, 0, 0, 0, 1, 12
"c:\Users\Marlowe\Desktop\ProjectBible\external-repos\and-bible\app\src\main\res\drawable\icon_star_of_david.xml", "XML", 0, 0, 0, 0, 0, 0, 0, 0, 0, 0, 0, 0, 0, 0, 11, 0, 0, 0, 0, 0, 0, 0, 0, 0, 0, 0, 0, 0, 0, 0, 0, 0, 0, 0, 0, 0, 0, 0, 0, 1, 12
"c:\Users\Marlowe\Desktop\ProjectBible\external-repos\and-bible\app\src\main\res\drawable\icon_tag.xml", "XML", 0, 0, 0, 0, 0, 0, 0, 0, 0, 0, 0, 0, 0, 0, 11, 0, 0, 0, 0, 0, 0, 0, 0, 0, 0, 0, 0, 0, 0, 0, 0, 0, 0, 0, 0, 0, 0, 0, 0, 1, 12
"c:\Users\Marlowe\Desktop\ProjectBible\external-repos\and-bible\app\src\main\res\drawable\icon_user.xml", "XML", 0, 0, 0, 0, 0, 0, 0, 0, 0, 0, 0, 0, 0, 0, 11, 0, 0, 0, 0, 0, 0, 0, 0, 0, 0, 0, 0, 0, 0, 0, 0, 0, 0, 0, 0, 0, 0, 0, 0, 1, 12
"c:\Users\Marlowe\Desktop\ProjectBible\external-repos\and-bible\app\src\main\res\drawable\new_window_button.xml", "XML", 0, 0, 0, 0, 0, 0, 0, 0, 0, 0, 0, 0, 0, 0, 12, 0, 0, 0, 0, 0, 0, 0, 0, 0, 0, 0, 0, 0, 0, 0, 0, 0, 0, 0, 0, 0, 0, 0, 16, 5, 33
"c:\Users\Marlowe\Desktop\ProjectBible\external-repos\and-bible\app\src\main\res\drawable\outline_shield_24.xml", "XML", 0, 0, 0, 0, 0, 0, 0, 0, 0, 0, 0, 0, 0, 0, 5, 0, 0, 0, 0, 0, 0, 0, 0, 0, 0, 0, 0, 0, 0, 0, 0, 0, 0, 0, 0, 0, 0, 0, 16, 6, 27
"c:\Users\Marlowe\Desktop\ProjectBible\external-repos\and-bible\app\src\main\res\drawable\selectable_background.xml", "XML", 0, 0, 0, 0, 0, 0, 0, 0, 0, 0, 0, 0, 0, 0, 6, 0, 0, 0, 0, 0, 0, 0, 0, 0, 0, 0, 0, 0, 0, 0, 0, 0, 0, 0, 0, 0, 0, 0, 19, 7, 32
"c:\Users\Marlowe\Desktop\ProjectBible\external-repos\and-bible\app\src\main\res\drawable\selectable_background_highlight.xml", "XML", 0, 0, 0, 0, 0, 0, 0, 0, 0, 0, 0, 0, 0, 0, 6, 0, 0, 0, 0, 0, 0, 0, 0, 0, 0, 0, 0, 0, 0, 0, 0, 0, 0, 0, 0, 0, 0, 0, 19, 7, 32
"c:\Users\Marlowe\Desktop\ProjectBible\external-repos\and-bible\app\src\main\res\drawable\separator.xml", "XML", 0, 0, 0, 0, 0, 0, 0, 0, 0, 0, 0, 0, 0, 0, 6, 0, 0, 0, 0, 0, 0, 0, 0, 0, 0, 0, 0, 0, 0, 0, 0, 0, 0, 0, 0, 0, 0, 0, 16, 5, 27
"c:\Users\Marlowe\Desktop\ProjectBible\external-repos\and-bible\app\src\main\res\drawable\separator_active.xml", "XML", 0, 0, 0, 0, 0, 0, 0, 0, 0, 0, 0, 0, 0, 0, 6, 0, 0, 0, 0, 0, 0, 0, 0, 0, 0, 0, 0, 0, 0, 0, 0, 0, 0, 0, 0, 0, 0, 0, 16, 5, 27
"c:\Users\Marlowe\Desktop\ProjectBible\external-repos\and-bible\app\src\main\res\drawable\separator_drag.xml", "XML", 0, 0, 0, 0, 0, 0, 0, 0, 0, 0, 0, 0, 0, 0, 6, 0, 0, 0, 0, 0, 0, 0, 0, 0, 0, 0, 0, 0, 0, 0, 0, 0, 0, 0, 0, 0, 0, 0, 16, 5, 27
"c:\Users\Marlowe\Desktop\ProjectBible\external-repos\and-bible\app\src\main\res\drawable\translation_pill_background.xml", "XML", 0, 0, 0, 0, 0, 0, 0, 0, 0, 0, 0, 0, 0, 0, 11, 0, 0, 0, 0, 0, 0, 0, 0, 0, 0, 0, 0, 0, 0, 0, 0, 0, 0, 0, 0, 0, 0, 0, 16, 2, 29
"c:\Users\Marlowe\Desktop\ProjectBible\external-repos\and-bible\app\src\main\res\drawable\window_bar_background.xml", "XML", 0, 0, 0, 0, 0, 0, 0, 0, 0, 0, 0, 0, 0, 0, 14, 0, 0, 0, 0, 0, 0, 0, 0, 0, 0, 0, 0, 0, 0, 0, 0, 0, 0, 0, 0, 0, 0, 0, 16, 5, 35
"c:\Users\Marlowe\Desktop\ProjectBible\external-repos\and-bible\app\src\main\res\drawable\window_button.xml", "XML", 0, 0, 0, 0, 0, 0, 0, 0, 0, 0, 0, 0, 0, 0, 11, 0, 0, 0, 0, 0, 0, 0, 0, 0, 0, 0, 0, 0, 0, 0, 0, 0, 0, 0, 0, 0, 0, 0, 16, 6, 33
"c:\Users\Marlowe\Desktop\ProjectBible\external-repos\and-bible\app\src\main\res\drawable\window_button_active.xml", "XML", 0, 0, 0, 0, 0, 0, 0, 0, 0, 0, 0, 0, 0, 0, 12, 0, 0, 0, 0, 0, 0, 0, 0, 0, 0, 0, 0, 0, 0, 0, 0, 0, 0, 0, 0, 0, 0, 0, 16, 6, 34
"c:\Users\Marlowe\Desktop\ProjectBible\external-repos\and-bible\app\src\main\res\drawable\window_button_visible.xml", "XML", 0, 0, 0, 0, 0, 0, 0, 0, 0, 0, 0, 0, 0, 0, 11, 0, 0, 0, 0, 0, 0, 0, 0, 0, 0, 0, 0, 0, 0, 0, 0, 0, 0, 0, 0, 0, 0, 0, 16, 6, 33
"c:\Users\Marlowe\Desktop\ProjectBible\external-repos\and-bible\app\src\main\res\layout\activity_install_zip.xml", "XML", 0, 0, 0, 0, 0, 0, 0, 0, 0, 0, 0, 0, 0, 0, 40, 0, 0, 0, 0, 0, 0, 0, 0, 0, 0, 0, 0, 0, 0, 0, 0, 0, 0, 0, 0, 0, 0, 0, 16, 5, 61
"c:\Users\Marlowe\Desktop\ProjectBible\external-repos\and-bible\app\src\main\res\layout\backup_view.xml", "XML", 0, 0, 0, 0, 0, 0, 0, 0, 0, 0, 0, 0, 0, 0, 121, 0, 0, 0, 0, 0, 0, 0, 0, 0, 0, 0, 0, 0, 0, 0, 0, 0, 0, 0, 0, 0, 0, 0, 16, 17, 154
"c:\Users\Marlowe\Desktop\ProjectBible\external-repos\and-bible\app\src\main\res\layout\bookmark_label_edit.xml", "XML", 0, 0, 0, 0, 0, 0, 0, 0, 0, 0, 0, 0, 0, 0, 182, 0, 0, 0, 0, 0, 0, 0, 0, 0, 0, 0, 0, 0, 0, 0, 0, 0, 0, 0, 0, 0, 0, 0, 16, 22, 220
"c:\Users\Marlowe\Desktop\ProjectBible\external-repos\and-bible\app\src\main\res\layout\bookmark_list_item.xml", "XML", 0, 0, 0, 0, 0, 0, 0, 0, 0, 0, 0, 0, 0, 0, 56, 0, 0, 0, 0, 0, 0, 0, 0, 0, 0, 0, 0, 0, 0, 0, 0, 0, 0, 0, 0, 0, 0, 0, 16, 6, 78
"c:\Users\Marlowe\Desktop\ProjectBible\external-repos\and-bible\app\src\main\res\layout\bookmarks.xml", "XML", 0, 0, 0, 0, 0, 0, 0, 0, 0, 0, 0, 0, 0, 0, 60, 0, 0, 0, 0, 0, 0, 0, 0, 0, 0, 0, 0, 0, 0, 0, 0, 0, 0, 0, 0, 0, 0, 0, 20, 5, 85
"c:\Users\Marlowe\Desktop\ProjectBible\external-repos\and-bible\app\src\main\res\layout\books_not_downloaded_dialog.xml", "XML", 0, 0, 0, 0, 0, 0, 0, 0, 0, 0, 0, 0, 0, 0, 16, 0, 0, 0, 0, 0, 0, 0, 0, 0, 0, 0, 0, 0, 0, 0, 0, 0, 0, 0, 0, 0, 0, 0, 16, 5, 37
"c:\Users\Marlowe\Desktop\ProjectBible\external-repos\and-bible\app\src\main\res\layout\books_not_downloaded_list_item.xml", "XML", 0, 0, 0, 0, 0, 0, 0, 0, 0, 0, 0, 0, 0, 0, 13, 0, 0, 0, 0, 0, 0, 0, 0, 0, 0, 0, 0, 0, 0, 0, 0, 0, 0, 0, 0, 0, 0, 0, 16, 3, 32
"c:\Users\Marlowe\Desktop\ProjectBible\external-repos\and-bible\app\src\main\res\layout\buttongrid_button_preview.xml", "XML", 0, 0, 0, 0, 0, 0, 0, 0, 0, 0, 0, 0, 0, 0, 9, 0, 0, 0, 0, 0, 0, 0, 0, 0, 0, 0, 0, 0, 0, 0, 0, 0, 0, 0, 0, 0, 0, 0, 16, 2, 27
"c:\Users\Marlowe\Desktop\ProjectBible\external-repos\and-bible\app\src\main\res\layout\calculator_layout.xml", "XML", 0, 0, 0, 0, 0, 0, 0, 0, 0, 0, 0, 0, 0, 0, 234, 0, 0, 0, 0, 0, 0, 0, 0, 0, 0, 0, 0, 0, 0, 0, 0, 0, 0, 0, 0, 0, 0, 0, 16, 33, 283
"c:\Users\Marlowe\Desktop\ProjectBible\external-repos\and-bible\app\src\main\res\layout\choose_dictionary_page.xml", "XML", 0, 0, 0, 0, 0, 0, 0, 0, 0, 0, 0, 0, 0, 0, 25, 0, 0, 0, 0, 0, 0, 0, 0, 0, 0, 0, 0, 0, 0, 0, 0, 0, 0, 0, 0, 0, 0, 0, 20, 2, 47
"c:\Users\Marlowe\Desktop\ProjectBible\external-repos\and-bible\app\src\main\res\layout\choose_general_book_key.xml", "XML", 0, 0, 0, 0, 0, 0, 0, 0, 0, 0, 0, 0, 0, 0, 13, 0, 0, 0, 0, 0, 0, 0, 0, 0, 0, 0, 0, 0, 0, 0, 0, 0, 0, 0, 0, 0, 0, 0, 20, 2, 35
"c:\Users\Marlowe\Desktop\ProjectBible\external-repos\and-bible\app\src\main\res\layout\custom_repositories.xml", "XML", 0, 0, 0, 0, 0, 0, 0, 0, 0, 0, 0, 0, 0, 0, 53, 0, 0, 0, 0, 0, 0, 0, 0, 0, 0, 0, 0, 0, 0, 0, 0, 0, 0, 0, 0, 0, 0, 0, 18, 10, 81
"c:\Users\Marlowe\Desktop\ProjectBible\external-repos\and-bible\app\src\main\res\layout\custom_repository_editor.xml", "XML", 0, 0, 0, 0, 0, 0, 0, 0, 0, 0, 0, 0, 0, 0, 65, 0, 0, 0, 0, 0, 0, 0, 0, 0, 0, 0, 0, 0, 0, 0, 0, 0, 0, 0, 0, 0, 0, 0, 16, 6, 87
"c:\Users\Marlowe\Desktop\ProjectBible\external-repos\and-bible\app\src\main\res\layout\custom_repository_item.xml", "XML", 0, 0, 0, 0, 0, 0, 0, 0, 0, 0, 0, 0, 0, 0, 21, 0, 0, 0, 0, 0, 0, 0, 0, 0, 0, 0, 0, 0, 0, 0, 0, 0, 0, 0, 0, 0, 0, 0, 16, 2, 39
"c:\Users\Marlowe\Desktop\ProjectBible\external-repos\and-bible\app\src\main\res\layout\document_list_item.xml", "XML", 0, 0, 0, 0, 0, 0, 0, 0, 0, 0, 0, 0, 0, 0, 168, 0, 0, 0, 0, 0, 0, 0, 0, 0, 0, 0, 0, 0, 0, 0, 0, 0, 0, 0, 0, 0, 0, 0, 16, 7, 191
"c:\Users\Marlowe\Desktop\ProjectBible\external-repos\and-bible\app\src\main\res\layout\document_selection.xml", "XML", 0, 0, 0, 0, 0, 0, 0, 0, 0, 0, 0, 0, 0, 0, 118, 0, 0, 0, 0, 0, 0, 0, 0, 0, 0, 0, 0, 0, 0, 0, 0, 0, 0, 0, 0, 0, 0, 0, 30, 14, 162
"c:\Users\Marlowe\Desktop\ProjectBible\external-repos\and-bible\app\src\main\res\layout\empty.xml", "XML", 0, 0, 0, 0, 0, 0, 0, 0, 0, 0, 0, 0, 0, 0, 7, 0, 0, 0, 0, 0, 0, 0, 0, 0, 0, 0, 0, 0, 0, 0, 0, 0, 0, 0, 0, 0, 0, 0, 20, 4, 31
"c:\Users\Marlowe\Desktop\ProjectBible\external-repos\and-bible\app\src\main\res\layout\epub_search.xml", "XML", 0, 0, 0, 0, 0, 0, 0, 0, 0, 0, 0, 0, 0, 0, 63, 0, 0, 0, 0, 0, 0, 0, 0, 0, 0, 0, 0, 0, 0, 0, 0, 0, 0, 0, 0, 0, 0, 0, 21, 5, 89
"c:\Users\Marlowe\Desktop\ProjectBible\external-repos\and-bible\app\src\main\res\layout\font_family_widget.xml", "XML", 0, 0, 0, 0, 0, 0, 0, 0, 0, 0, 0, 0, 0, 0, 38, 0, 0, 0, 0, 0, 0, 0, 0, 0, 0, 0, 0, 0, 0, 0, 0, 0, 0, 0, 0, 0, 0, 0, 17, 2, 57
"c:\Users\Marlowe\Desktop\ProjectBible\external-repos\and-bible\app\src\main\res\layout\fontfamily_list_item.xml", "XML", 0, 0, 0, 0, 0, 0, 0, 0, 0, 0, 0, 0, 0, 0, 13, 0, 0, 0, 0, 0, 0, 0, 0, 0, 0, 0, 0, 0, 0, 0, 0, 0, 0, 0, 0, 0, 0, 0, 16, 2, 31
"c:\Users\Marlowe\Desktop\ProjectBible\external-repos\and-bible\app\src\main\res\layout\frozen.xml", "XML", 0, 0, 0, 0, 0, 0, 0, 0, 0, 0, 0, 0, 0, 0, 24, 0, 0, 0, 0, 0, 0, 0, 0, 0, 0, 0, 0, 0, 0, 0, 0, 0, 0, 0, 0, 0, 0, 0, 20, 7, 51
"c:\Users\Marlowe\Desktop\ProjectBible\external-repos\and-bible\app\src\main\res\layout\history.xml", "XML", 0, 0, 0, 0, 0, 0, 0, 0, 0, 0, 0, 0, 0, 0, 10, 0, 0, 0, 0, 0, 0, 0, 0, 0, 0, 0, 0, 0, 0, 0, 0, 0, 0, 0, 0, 0, 0, 0, 22, 2, 34
"c:\Users\Marlowe\Desktop\ProjectBible\external-repos\and-bible\app\src\main\res\layout\history_list_item.xml", "XML", 0, 0, 0, 0, 0, 0, 0, 0, 0, 0, 0, 0, 0, 0, 20, 0, 0, 0, 0, 0, 0, 0, 0, 0, 0, 0, 0, 0, 0, 0, 0, 0, 0, 0, 0, 0, 0, 0, 16, 4, 40
"c:\Users\Marlowe\Desktop\ProjectBible\external-repos\and-bible\app\src\main\res\layout\line_spacing_widget.xml", "XML", 0, 0, 0, 0, 0, 0, 0, 0, 0, 0, 0, 0, 0, 0, 27, 0, 0, 0, 0, 0, 0, 0, 0, 0, 0, 0, 0, 0, 0, 0, 0, 0, 0, 0, 0, 0, 0, 0, 16, 5, 48
"c:\Users\Marlowe\Desktop\ProjectBible\external-repos\and-bible\app\src\main\res\layout\list.xml", "XML", 0, 0, 0, 0, 0, 0, 0, 0, 0, 0, 0, 0, 0, 0, 38, 0, 0, 0, 0, 0, 0, 0, 0, 0, 0, 0, 0, 0, 0, 0, 0, 0, 0, 0, 0, 0, 0, 0, 21, 7, 66
"c:\Users\Marlowe\Desktop\ProjectBible\external-repos\and-bible\app\src\main\res\layout\list_content_simple.xml", "XML", 0, 0, 0, 0, 0, 0, 0, 0, 0, 0, 0, 0, 0, 0, 6, 0, 0, 0, 0, 0, 0, 0, 0, 0, 0, 0, 0, 0, 0, 0, 0, 0, 0, 0, 0, 0, 0, 0, 16, 1, 23
"c:\Users\Marlowe\Desktop\ProjectBible\external-repos\and-bible\app\src\main\res\layout\list_item_2_highlighted.xml", "XML", 0, 0, 0, 0, 0, 0, 0, 0, 0, 0, 0, 0, 0, 0, 21, 0, 0, 0, 0, 0, 0, 0, 0, 0, 0, 0, 0, 0, 0, 0, 0, 0, 0, 0, 0, 0, 0, 0, 16, 5, 42
"c:\Users\Marlowe\Desktop\ProjectBible\external-repos\and-bible\app\src\main\res\layout\main_bible_view.xml", "XML", 0, 0, 0, 0, 0, 0, 0, 0, 0, 0, 0, 0, 0, 0, 163, 0, 0, 0, 0, 0, 0, 0, 0, 0, 0, 0, 0, 0, 0, 0, 0, 0, 0, 0, 0, 0, 0, 0, 16, 20, 199
"c:\Users\Marlowe\Desktop\ProjectBible\external-repos\and-bible\app\src\main\res\layout\main_contextual_toolbar.xml", "XML", 0, 0, 0, 0, 0, 0, 0, 0, 0, 0, 0, 0, 0, 0, 15, 0, 0, 0, 0, 0, 0, 0, 0, 0, 0, 0, 0, 0, 0, 0, 0, 0, 0, 0, 0, 0, 0, 0, 16, 4, 35
"c:\Users\Marlowe\Desktop\ProjectBible\external-repos\and-bible\app\src\main\res\layout\manage_labels.xml", "XML", 0, 0, 0, 0, 0, 0, 0, 0, 0, 0, 0, 0, 0, 0, 65, 0, 0, 0, 0, 0, 0, 0, 0, 0, 0, 0, 0, 0, 0, 0, 0, 0, 0, 0, 0, 0, 0, 0, 16, 8, 89
"c:\Users\Marlowe\Desktop\ProjectBible\external-repos\and-bible\app\src\main\res\layout\manage_labels_list_item.xml", "XML", 0, 0, 0, 0, 0, 0, 0, 0, 0, 0, 0, 0, 0, 0, 85, 0, 0, 0, 0, 0, 0, 0, 0, 0, 0, 0, 0, 0, 0, 0, 0, 0, 0, 0, 0, 0, 0, 0, 16, 4, 105
"c:\Users\Marlowe\Desktop\ProjectBible\external-repos\and-bible\app\src\main\res\layout\manage_labels_search_result_item.xml", "XML", 0, 0, 0, 0, 0, 0, 0, 0, 0, 0, 0, 0, 0, 0, 57, 0, 0, 0, 0, 0, 0, 0, 0, 0, 0, 0, 0, 0, 0, 0, 0, 0, 0, 0, 0, 0, 0, 0, 16, 9, 82
"c:\Users\Marlowe\Desktop\ProjectBible\external-repos\and-bible\app\src\main\res\layout\margin_size_widget.xml", "XML", 0, 0, 0, 0, 0, 0, 0, 0, 0, 0, 0, 0, 0, 0, 42, 0, 0, 0, 0, 0, 0, 0, 0, 0, 0, 0, 0, 0, 0, 0, 0, 0, 0, 0, 0, 0, 0, 0, 16, 5, 63
"c:\Users\Marlowe\Desktop\ProjectBible\external-repos\and-bible\app\src\main\res\layout\multi_search_result_item.xml", "XML", 0, 0, 0, 0, 0, 0, 0, 0, 0, 0, 0, 0, 0, 0, 61, 0, 0, 0, 0, 0, 0, 0, 0, 0, 0, 0, 0, 0, 0, 0, 0, 0, 0, 0, 0, 0, 0, 0, 19, 10, 90
"c:\Users\Marlowe\Desktop\ProjectBible\external-repos\and-bible\app\src\main\res\layout\nav_header_main.xml", "XML", 0, 0, 0, 0, 0, 0, 0, 0, 0, 0, 0, 0, 0, 0, 33, 0, 0, 0, 0, 0, 0, 0, 0, 0, 0, 0, 0, 0, 0, 0, 0, 0, 0, 0, 0, 0, 0, 0, 18, 5, 56
"c:\Users\Marlowe\Desktop\ProjectBible\external-repos\and-bible\app\src\main\res\layout\navigation_drawer_with_footer.xml", "XML", 0, 0, 0, 0, 0, 0, 0, 0, 0, 0, 0, 0, 0, 0, 41, 0, 0, 0, 0, 0, 0, 0, 0, 0, 0, 0, 0, 0, 0, 0, 0, 0, 0, 0, 0, 0, 0, 0, 20, 7, 68
"c:\Users\Marlowe\Desktop\ProjectBible\external-repos\and-bible\app\src\main\res\layout\notes.xml", "XML", 0, 0, 0, 0, 0, 0, 0, 0, 0, 0, 0, 0, 0, 0, 16, 0, 0, 0, 0, 0, 0, 0, 0, 0, 0, 0, 0, 0, 0, 0, 0, 0, 0, 0, 0, 0, 0, 0, 20, 2, 38
"c:\Users\Marlowe\Desktop\ProjectBible\external-repos\and-bible\app\src\main\res\layout\progress_status.xml", "XML", 0, 0, 0, 0, 0, 0, 0, 0, 0, 0, 0, 0, 0, 0, 58, 0, 0, 0, 0, 0, 0, 0, 0, 0, 0, 0, 0, 0, 0, 0, 0, 0, 0, 0, 0, 0, 0, 0, 23, 7, 88
"c:\Users\Marlowe\Desktop\ProjectBible\external-repos\and-bible\app\src\main\res\layout\reading_plan_one_day.xml", "XML", 0, 0, 0, 0, 0, 0, 0, 0, 0, 0, 0, 0, 0, 0, 73, 0, 0, 0, 0, 0, 0, 0, 0, 0, 0, 0, 0, 0, 0, 0, 0, 0, 0, 0, 0, 0, 0, 0, 24, 14, 111
"c:\Users\Marlowe\Desktop\ProjectBible\external-repos\and-bible\app\src\main\res\layout\reading_plan_one_reading.xml", "XML", 0, 0, 0, 0, 0, 0, 0, 0, 0, 0, 0, 0, 0, 0, 16, 0, 0, 0, 0, 0, 0, 0, 0, 0, 0, 0, 0, 0, 0, 0, 0, 0, 0, 0, 0, 0, 0, 0, 20, 7, 43
"c:\Users\Marlowe\Desktop\ProjectBible\external-repos\and-bible\app\src\main\res\layout\reading_plan_title.xml", "XML", 0, 0, 0, 0, 0, 0, 0, 0, 0, 0, 0, 0, 0, 0, 35, 0, 0, 0, 0, 0, 0, 0, 0, 0, 0, 0, 0, 0, 0, 0, 0, 0, 0, 0, 0, 0, 0, 0, 20, 6, 61
"c:\Users\Marlowe\Desktop\ProjectBible\external-repos\and-bible\app\src\main\res\layout\search.xml", "XML", 0, 0, 0, 0, 0, 0, 0, 0, 0, 0, 0, 0, 0, 0, 127, 0, 0, 0, 0, 0, 0, 0, 0, 0, 0, 0, 0, 0, 0, 0, 0, 0, 0, 0, 0, 0, 0, 0, 22, 14, 163
"c:\Users\Marlowe\Desktop\ProjectBible\external-repos\and-bible\app\src\main\res\layout\search_index.xml", "XML", 0, 0, 0, 0, 0, 0, 0, 0, 0, 0, 0, 0, 0, 0, 33, 0, 0, 0, 0, 0, 0, 0, 0, 0, 0, 0, 0, 0, 0, 0, 0, 0, 0, 0, 0, 0, 0, 0, 21, 5, 59
"c:\Users\Marlowe\Desktop\ProjectBible\external-repos\and-bible\app\src\main\res\layout\search_index_status.xml", "XML", 0, 0, 0, 0, 0, 0, 0, 0, 0, 0, 0, 0, 0, 0, 45, 0, 0, 0, 0, 0, 0, 0, 0, 0, 0, 0, 0, 0, 0, 0, 0, 0, 0, 0, 0, 0, 0, 0, 20, 6, 71
"c:\Users\Marlowe\Desktop\ProjectBible\external-repos\and-bible\app\src\main\res\layout\settings_activity.xml", "XML", 0, 0, 0, 0, 0, 0, 0, 0, 0, 0, 0, 0, 0, 0, 12, 0, 0, 0, 0, 0, 0, 0, 0, 0, 0, 0, 0, 0, 0, 0, 0, 0, 0, 0, 0, 0, 0, 0, 16, 5, 33
"c:\Users\Marlowe\Desktop\ProjectBible\external-repos\and-bible\app\src\main\res\layout\settings_dialog.xml", "XML", 0, 0, 0, 0, 0, 0, 0, 0, 0, 0, 0, 0, 0, 0, 8, 0, 0, 0, 0, 0, 0, 0, 0, 0, 0, 0, 0, 0, 0, 0, 0, 0, 0, 0, 0, 0, 0, 0, 16, 3, 27
"c:\Users\Marlowe\Desktop\ProjectBible\external-repos\and-bible\app\src\main\res\layout\share_verses.xml", "XML", 0, 0, 0, 0, 0, 0, 0, 0, 0, 0, 0, 0, 0, 0, 99, 0, 0, 0, 0, 0, 0, 0, 0, 0, 0, 0, 0, 0, 0, 0, 0, 0, 0, 0, 0, 0, 0, 0, 16, 2, 117
"c:\Users\Marlowe\Desktop\ProjectBible\external-repos\and-bible\app\src\main\res\layout\speak_bible.xml", "XML", 0, 0, 0, 0, 0, 0, 0, 0, 0, 0, 0, 0, 0, 0, 142, 0, 0, 0, 0, 0, 0, 0, 0, 0, 0, 0, 0, 0, 0, 0, 0, 0, 0, 0, 0, 0, 0, 0, 16, 24, 182
"c:\Users\Marlowe\Desktop\ProjectBible\external-repos\and-bible\app\src\main\res\layout\speak_bookmarks_widget.xml", "XML", 0, 0, 0, 0, 0, 0, 0, 0, 0, 0, 0, 0, 0, 0, 25, 0, 0, 0, 0, 0, 0, 0, 0, 0, 0, 0, 0, 0, 0, 0, 0, 0, 0, 0, 0, 0, 0, 0, 16, 2, 43
"c:\Users\Marlowe\Desktop\ProjectBible\external-repos\and-bible\app\src\main\res\layout\speak_bookmarks_widget_button.xml", "XML", 0, 0, 0, 0, 0, 0, 0, 0, 0, 0, 0, 0, 0, 0, 9, 0, 0, 0, 0, 0, 0, 0, 0, 0, 0, 0, 0, 0, 0, 0, 0, 0, 0, 0, 0, 0, 0, 0, 16, 2, 27
"c:\Users\Marlowe\Desktop\ProjectBible\external-repos\and-bible\app\src\main\res\layout\speak_settings.xml", "XML", 0, 0, 0, 0, 0, 0, 0, 0, 0, 0, 0, 0, 0, 0, 100, 0, 0, 0, 0, 0, 0, 0, 0, 0, 0, 0, 0, 0, 0, 0, 0, 0, 0, 0, 0, 0, 0, 0, 16, 23, 139
"c:\Users\Marlowe\Desktop\ProjectBible\external-repos\and-bible\app\src\main\res\layout\speak_transport_widget.xml", "XML", 0, 0, 0, 0, 0, 0, 0, 0, 0, 0, 0, 0, 0, 0, 104, 0, 0, 0, 0, 0, 0, 0, 0, 0, 0, 0, 0, 0, 0, 0, 0, 0, 0, 0, 0, 0, 0, 0, 16, 14, 134
"c:\Users\Marlowe\Desktop\ProjectBible\external-repos\and-bible\app\src\main\res\layout\speak_widget.xml", "XML", 0, 0, 0, 0, 0, 0, 0, 0, 0, 0, 0, 0, 0, 0, 96, 0, 0, 0, 0, 0, 0, 0, 0, 0, 0, 0, 0, 0, 0, 0, 0, 0, 0, 0, 0, 0, 0, 0, 16, 9, 121
"c:\Users\Marlowe\Desktop\ProjectBible\external-repos\and-bible\app\src\main\res\layout\spinner.xml", "XML", 0, 0, 0, 0, 0, 0, 0, 0, 0, 0, 0, 0, 0, 0, 51, 0, 0, 0, 0, 0, 0, 0, 0, 0, 0, 0, 0, 0, 0, 0, 0, 0, 0, 0, 0, 0, 0, 0, 16, 5, 72
"c:\Users\Marlowe\Desktop\ProjectBible\external-repos\and-bible\app\src\main\res\layout\split_bible_area.xml", "XML", 0, 0, 0, 0, 0, 0, 0, 0, 0, 0, 0, 0, 0, 0, 48, 0, 0, 0, 0, 0, 0, 0, 0, 0, 0, 0, 0, 0, 0, 0, 0, 0, 0, 0, 0, 0, 0, 0, 16, 3, 67
"c:\Users\Marlowe\Desktop\ProjectBible\external-repos\and-bible\app\src\main\res\layout\startup_view.xml", "XML", 0, 0, 0, 0, 0, 0, 0, 0, 0, 0, 0, 0, 0, 0, 134, 0, 0, 0, 0, 0, 0, 0, 0, 0, 0, 0, 0, 0, 0, 0, 0, 0, 0, 0, 0, 0, 0, 0, 20, 16, 170
"c:\Users\Marlowe\Desktop\ProjectBible\external-repos\and-bible\app\src\main\res\layout\studypad_list_item.xml", "XML", 0, 0, 0, 0, 0, 0, 0, 0, 0, 0, 0, 0, 0, 0, 39, 0, 0, 0, 0, 0, 0, 0, 0, 0, 0, 0, 0, 0, 0, 0, 0, 0, 0, 0, 0, 0, 0, 0, 16, 6, 61
"c:\Users\Marlowe\Desktop\ProjectBible\external-repos\and-bible\app\src\main\res\layout\text_size_widget.xml", "XML", 0, 0, 0, 0, 0, 0, 0, 0, 0, 0, 0, 0, 0, 0, 36, 0, 0, 0, 0, 0, 0, 0, 0, 0, 0, 0, 0, 0, 0, 0, 0, 0, 0, 0, 0, 0, 0, 0, 17, 2, 55
"c:\Users\Marlowe\Desktop\ProjectBible\external-repos\and-bible\app\src\main\res\layout\translation_verse_item.xml", "XML", 0, 0, 0, 0, 0, 0, 0, 0, 0, 0, 0, 0, 0, 0, 8, 0, 0, 0, 0, 0, 0, 0, 0, 0, 0, 0, 0, 0, 0, 0, 0, 0, 0, 0, 0, 0, 0, 0, 16, 2, 26
"c:\Users\Marlowe\Desktop\ProjectBible\external-repos\and-bible\app\src\main\res\layout\two_line_list_item.xml", "XML", 0, 0, 0, 0, 0, 0, 0, 0, 0, 0, 0, 0, 0, 0, 19, 0, 0, 0, 0, 0, 0, 0, 0, 0, 0, 0, 0, 0, 0, 0, 0, 0, 0, 0, 0, 0, 0, 0, 16, 5, 40
"c:\Users\Marlowe\Desktop\ProjectBible\external-repos\and-bible\app\src\main\res\layout\value_slider_widget.xml", "XML", 0, 0, 0, 0, 0, 0, 0, 0, 0, 0, 0, 0, 0, 0, 29, 0, 0, 0, 0, 0, 0, 0, 0, 0, 0, 0, 0, 0, 0, 0, 0, 0, 0, 0, 0, 0, 0, 0, 17, 2, 48
"c:\Users\Marlowe\Desktop\ProjectBible\external-repos\and-bible\app\src\main\res\layout\window_button.xml", "XML", 0, 0, 0, 0, 0, 0, 0, 0, 0, 0, 0, 0, 0, 0, 127, 0, 0, 0, 0, 0, 0, 0, 0, 0, 0, 0, 0, 0, 0, 0, 0, 0, 0, 0, 0, 0, 0, 0, 16, 4, 147
"c:\Users\Marlowe\Desktop\ProjectBible\external-repos\and-bible\app\src\main\res\layout\workspace_list_item.xml", "XML", 0, 0, 0, 0, 0, 0, 0, 0, 0, 0, 0, 0, 0, 0, 61, 0, 0, 0, 0, 0, 0, 0, 0, 0, 0, 0, 0, 0, 0, 0, 0, 0, 0, 0, 0, 0, 0, 0, 16, 7, 84
"c:\Users\Marlowe\Desktop\ProjectBible\external-repos\and-bible\app\src\main\res\layout\workspace_selector.xml", "XML", 0, 0, 0, 0, 0, 0, 0, 0, 0, 0, 0, 0, 0, 0, 39, 0, 0, 0, 0, 0, 0, 0, 0, 0, 0, 0, 0, 0, 0, 0, 0, 0, 0, 0, 0, 0, 0, 0, 16, 5, 60
"c:\Users\Marlowe\Desktop\ProjectBible\external-repos\and-bible\app\src\main\res\menu\app_prefs_options.xml", "XML", 0, 0, 0, 0, 0, 0, 0, 0, 0, 0, 0, 0, 0, 0, 9, 0, 0, 0, 0, 0, 0, 0, 0, 0, 0, 0, 0, 0, 0, 0, 0, 0, 0, 0, 0, 0, 0, 0, 16, 2, 27
"c:\Users\Marlowe\Desktop\ProjectBible\external-repos\and-bible\app\src\main\res\menu\bibleview_selection.xml", "XML", 0, 0, 0, 0, 0, 0, 0, 0, 0, 0, 0, 0, 0, 0, 75, 0, 0, 0, 0, 0, 0, 0, 0, 0, 0, 0, 0, 0, 0, 0, 0, 0, 0, 0, 0, 0, 0, 0, 16, 3, 94
"c:\Users\Marlowe\Desktop\ProjectBible\external-repos\and-bible\app\src\main\res\menu\bibleview_selection2.xml", "XML", 0, 0, 0, 0, 0, 0, 0, 0, 0, 0, 0, 0, 0, 0, 16, 0, 0, 0, 0, 0, 0, 0, 0, 0, 0, 0, 0, 0, 0, 0, 0, 0, 0, 0, 0, 0, 0, 0, 16, 2, 34
"c:\Users\Marlowe\Desktop\ProjectBible\external-repos\and-bible\app\src\main\res\menu\bookmark_actionbar_menu.xml", "XML", 0, 0, 0, 0, 0, 0, 0, 0, 0, 0, 0, 0, 0, 0, 24, 0, 0, 0, 0, 0, 0, 0, 0, 0, 0, 0, 0, 0, 0, 0, 0, 0, 0, 0, 0, 0, 0, 0, 20, 2, 46
"c:\Users\Marlowe\Desktop\ProjectBible\external-repos\and-bible\app\src\main\res\menu\bookmark_context_menu.xml", "XML", 0, 0, 0, 0, 0, 0, 0, 0, 0, 0, 0, 0, 0, 0, 11, 0, 0, 0, 0, 0, 0, 0, 0, 0, 0, 0, 0, 0, 0, 0, 0, 0, 0, 0, 0, 0, 0, 0, 20, 6, 37
"c:\Users\Marlowe\Desktop\ProjectBible\external-repos\and-bible\app\src\main\res\menu\choose_document_menu.xml", "XML", 0, 0, 0, 0, 0, 0, 0, 0, 0, 0, 0, 0, 0, 0, 18, 0, 0, 0, 0, 0, 0, 0, 0, 0, 0, 0, 0, 0, 0, 0, 0, 0, 0, 0, 0, 0, 0, 0, 20, 4, 42
"c:\Users\Marlowe\Desktop\ProjectBible\external-repos\and-bible\app\src\main\res\menu\choose_passage_book_menu.xml", "XML", 0, 0, 0, 0, 0, 0, 0, 0, 0, 0, 0, 0, 0, 0, 26, 0, 0, 0, 0, 0, 0, 0, 0, 0, 0, 0, 0, 0, 0, 0, 0, 0, 0, 0, 0, 0, 0, 0, 16, 4, 46
"c:\Users\Marlowe\Desktop\ProjectBible\external-repos\and-bible\app\src\main\res\menu\custom_repositories_options_menu.xml", "XML", 0, 0, 0, 0, 0, 0, 0, 0, 0, 0, 0, 0, 0, 0, 14, 0, 0, 0, 0, 0, 0, 0, 0, 0, 0, 0, 0, 0, 0, 0, 0, 0, 0, 0, 0, 0, 0, 0, 16, 2, 32
"c:\Users\Marlowe\Desktop\ProjectBible\external-repos\and-bible\app\src\main\res\menu\custom_repository_editor_options_menu.xml", "XML", 0, 0, 0, 0, 0, 0, 0, 0, 0, 0, 0, 0, 0, 0, 14, 0, 0, 0, 0, 0, 0, 0, 0, 0, 0, 0, 0, 0, 0, 0, 0, 0, 0, 0, 0, 0, 0, 0, 16, 2, 32
"c:\Users\Marlowe\Desktop\ProjectBible\external-repos\and-bible\app\src\main\res\menu\document_context_menu.xml", "XML", 0, 0, 0, 0, 0, 0, 0, 0, 0, 0, 0, 0, 0, 0, 19, 0, 0, 0, 0, 0, 0, 0, 0, 0, 0, 0, 0, 0, 0, 0, 0, 0, 0, 0, 0, 0, 0, 0, 20, 6, 45
"c:\Users\Marlowe\Desktop\ProjectBible\external-repos\and-bible\app\src\main\res\menu\download_documents.xml", "XML", 0, 0, 0, 0, 0, 0, 0, 0, 0, 0, 0, 0, 0, 0, 16, 0, 0, 0, 0, 0, 0, 0, 0, 0, 0, 0, 0, 0, 0, 0, 0, 0, 0, 0, 0, 0, 0, 0, 20, 2, 38
"c:\Users\Marlowe\Desktop\ProjectBible\external-repos\and-bible\app\src\main\res\menu\edit_label_options_menu.xml", "XML", 0, 0, 0, 0, 0, 0, 0, 0, 0, 0, 0, 0, 0, 0, 14, 0, 0, 0, 0, 0, 0, 0, 0, 0, 0, 0, 0, 0, 0, 0, 0, 0, 0, 0, 0, 0, 0, 0, 16, 2, 32
"c:\Users\Marlowe\Desktop\ProjectBible\external-repos\and-bible\app\src\main\res\menu\empty_menu.xml", "XML", 0, 0, 0, 0, 0, 0, 0, 0, 0, 0, 0, 0, 0, 0, 4, 0, 0, 0, 0, 0, 0, 0, 0, 0, 0, 0, 0, 0, 0, 0, 0, 0, 0, 0, 0, 0, 0, 0, 20, 4, 28
"c:\Users\Marlowe\Desktop\ProjectBible\external-repos\and-bible\app\src\main\res\menu\link_context_menu.xml", "XML", 0, 0, 0, 0, 0, 0, 0, 0, 0, 0, 0, 0, 0, 0, 16, 0, 0, 0, 0, 0, 0, 0, 0, 0, 0, 0, 0, 0, 0, 0, 0, 0, 0, 0, 0, 0, 0, 0, 16, 2, 34
"c:\Users\Marlowe\Desktop\ProjectBible\external-repos\and-bible\app\src\main\res\menu\main_bible_drawer_menu.xml", "XML", 0, 0, 0, 0, 0, 0, 0, 0, 0, 0, 0, 0, 0, 0, 81, 0, 0, 0, 0, 0, 0, 0, 0, 0, 0, 0, 0, 0, 0, 0, 0, 0, 0, 0, 0, 0, 0, 0, 16, 6, 103
"c:\Users\Marlowe\Desktop\ProjectBible\external-repos\and-bible\app\src\main\res\menu\main_bible_options_menu.xml", "XML", 0, 0, 0, 0, 0, 0, 0, 0, 0, 0, 0, 0, 0, 0, 39, 0, 0, 0, 0, 0, 0, 0, 0, 0, 0, 0, 0, 0, 0, 0, 0, 0, 0, 0, 0, 0, 0, 0, 20, 3, 62
"c:\Users\Marlowe\Desktop\ProjectBible\external-repos\and-bible\app\src\main\res\menu\manage_labels_options_menu.xml", "XML", 0, 0, 0, 0, 0, 0, 0, 0, 0, 0, 0, 0, 0, 0, 34, 0, 0, 0, 0, 0, 0, 0, 0, 0, 0, 0, 0, 0, 0, 0, 0, 0, 0, 0, 0, 0, 0, 0, 16, 2, 52
"c:\Users\Marlowe\Desktop\ProjectBible\external-repos\and-bible\app\src\main\res\menu\reading_plan.xml", "XML", 0, 0, 0, 0, 0, 0, 0, 0, 0, 0, 0, 0, 0, 0, 16, 0, 0, 0, 0, 0, 0, 0, 0, 0, 0, 0, 0, 0, 0, 0, 0, 0, 0, 0, 0, 0, 0, 0, 20, 2, 38
"c:\Users\Marlowe\Desktop\ProjectBible\external-repos\and-bible\app\src\main\res\menu\reading_plan_list_context_menu.xml", "XML", 0, 0, 0, 0, 0, 0, 0, 0, 0, 0, 0, 0, 0, 0, 6, 0, 0, 0, 0, 0, 0, 0, 0, 0, 0, 0, 0, 0, 0, 0, 0, 0, 0, 0, 0, 0, 0, 0, 20, 2, 28
"c:\Users\Marlowe\Desktop\ProjectBible\external-repos\and-bible\app\src\main\res\menu\search_actionbar_menu.xml", "XML", 0, 0, 0, 0, 0, 0, 0, 0, 0, 0, 0, 0, 0, 0, 13, 0, 0, 0, 0, 0, 0, 0, 0, 0, 0, 0, 0, 0, 0, 0, 0, 0, 0, 0, 0, 0, 0, 0, 16, 3, 32
"c:\Users\Marlowe\Desktop\ProjectBible\external-repos\and-bible\app\src\main\res\menu\search_mode_menu.xml", "XML", 0, 0, 0, 0, 0, 0, 0, 0, 0, 0, 0, 0, 0, 0, 12, 0, 0, 0, 0, 0, 0, 0, 0, 0, 0, 0, 0, 0, 0, 0, 0, 0, 0, 0, 0, 0, 0, 0, 17, 4, 33
"c:\Users\Marlowe\Desktop\ProjectBible\external-repos\and-bible\app\src\main\res\menu\search_results_actionbar_menu.xml", "XML", 0, 0, 0, 0, 0, 0, 0, 0, 0, 0, 0, 0, 0, 0, 9, 0, 0, 0, 0, 0, 0, 0, 0, 0, 0, 0, 0, 0, 0, 0, 0, 0, 0, 0, 0, 0, 0, 0, 16, 2, 27
"c:\Users\Marlowe\Desktop\ProjectBible\external-repos\and-bible\app\src\main\res\menu\speak_bible_actionbar_menu.xml", "XML", 0, 0, 0, 0, 0, 0, 0, 0, 0, 0, 0, 0, 0, 0, 16, 0, 0, 0, 0, 0, 0, 0, 0, 0, 0, 0, 0, 0, 0, 0, 0, 0, 0, 0, 0, 0, 0, 0, 16, 4, 36
"c:\Users\Marlowe\Desktop\ProjectBible\external-repos\and-bible\app\src\main\res\menu\text_options_opts.xml", "XML", 0, 0, 0, 0, 0, 0, 0, 0, 0, 0, 0, 0, 0, 0, 14, 0, 0, 0, 0, 0, 0, 0, 0, 0, 0, 0, 0, 0, 0, 0, 0, 0, 0, 0, 0, 0, 0, 0, 16, 2, 32
"c:\Users\Marlowe\Desktop\ProjectBible\external-repos\and-bible\app\src\main\res\menu\usernote_context_menu.xml", "XML", 0, 0, 0, 0, 0, 0, 0, 0, 0, 0, 0, 0, 0, 0, 6, 0, 0, 0, 0, 0, 0, 0, 0, 0, 0, 0, 0, 0, 0, 0, 0, 0, 0, 0, 0, 0, 0, 0, 20, 4, 30
"c:\Users\Marlowe\Desktop\ProjectBible\external-repos\and-bible\app\src\main\res\menu\window_popup_menu.xml", "XML", 0, 0, 0, 0, 0, 0, 0, 0, 0, 0, 0, 0, 0, 0, 102, 0, 0, 0, 0, 0, 0, 0, 0, 0, 0, 0, 0, 0, 0, 0, 0, 0, 0, 0, 0, 0, 0, 0, 20, 3, 125
"c:\Users\Marlowe\Desktop\ProjectBible\external-repos\and-bible\app\src\main\res\menu\workspace_options_menu.xml", "XML", 0, 0, 0, 0, 0, 0, 0, 0, 0, 0, 0, 0, 0, 0, 14, 0, 0, 0, 0, 0, 0, 0, 0, 0, 0, 0, 0, 0, 0, 0, 0, 0, 0, 0, 0, 0, 0, 0, 16, 2, 32
"c:\Users\Marlowe\Desktop\ProjectBible\external-repos\and-bible\app\src\main\res\menu\workspace_popup_menu.xml", "XML", 0, 0, 0, 0, 0, 0, 0, 0, 0, 0, 0, 0, 0, 0, 19, 0, 0, 0, 0, 0, 0, 0, 0, 0, 0, 0, 0, 0, 0, 0, 0, 0, 0, 0, 0, 0, 0, 0, 16, 3, 38
"c:\Users\Marlowe\Desktop\ProjectBible\external-repos\and-bible\app\src\main\res\mipmap-anydpi-v26\ic_calculator.xml", "XML", 0, 0, 0, 0, 0, 0, 0, 0, 0, 0, 0, 0, 0, 0, 5, 0, 0, 0, 0, 0, 0, 0, 0, 0, 0, 0, 0, 0, 0, 0, 0, 0, 0, 0, 0, 0, 0, 0, 16, 2, 23
"c:\Users\Marlowe\Desktop\ProjectBible\external-repos\and-bible\app\src\main\res\mipmap-anydpi-v26\ic_launcher.xml", "XML", 0, 0, 0, 0, 0, 0, 0, 0, 0, 0, 0, 0, 0, 0, 21, 0, 0, 0, 0, 0, 0, 0, 0, 0, 0, 0, 0, 0, 0, 0, 0, 0, 0, 0, 0, 0, 0, 0, 0, 2, 23
"c:\Users\Marlowe\Desktop\ProjectBible\external-repos\and-bible\app\src\main\res\mipmap-anydpi-v26\ic_launcher_round.xml", "XML", 0, 0, 0, 0, 0, 0, 0, 0, 0, 0, 0, 0, 0, 0, 6, 0, 0, 0, 0, 0, 0, 0, 0, 0, 0, 0, 0, 0, 0, 0, 0, 0, 0, 0, 0, 0, 0, 0, 16, 2, 24
"c:\Users\Marlowe\Desktop\ProjectBible\external-repos\and-bible\app\src\main\res\raw\license.html", "HTML", 0, 0, 0, 0, 0, 562, 0, 0, 0, 0, 0, 0, 0, 0, 0, 0, 0, 0, 0, 0, 0, 0, 0, 0, 0, 0, 0, 0, 0, 0, 0, 0, 0, 0, 0, 0, 0, 0, 16, 123, 701
"c:\Users\Marlowe\Desktop\ProjectBible\external-repos\and-bible\app\src\main\res\values-af\strings.xml", "XML", 0, 0, 0, 0, 0, 0, 0, 0, 0, 0, 0, 0, 0, 0, 970, 0, 0, 0, 0, 0, 0, 0, 0, 0, 0, 0, 0, 0, 0, 0, 0, 0, 0, 0, 0, 0, 0, 0, 98, 1, 1069
"c:\Users\Marlowe\Desktop\ProjectBible\external-repos\and-bible\app\src\main\res\values-ar\strings.xml", "XML", 0, 0, 0, 0, 0, 0, 0, 0, 0, 0, 0, 0, 0, 0, 785, 0, 0, 0, 0, 0, 0, 0, 0, 0, 0, 0, 0, 0, 0, 0, 0, 0, 0, 0, 0, 0, 0, 0, 98, 1, 884
"c:\Users\Marlowe\Desktop\ProjectBible\external-repos\and-bible\app\src\main\res\values-az\strings.xml", "XML", 0, 0, 0, 0, 0, 0, 0, 0, 0, 0, 0, 0, 0, 0, 234, 0, 0, 0, 0, 0, 0, 0, 0, 0, 0, 0, 0, 0, 0, 0, 0, 0, 0, 0, 0, 0, 0, 0, 85, 2, 321
"c:\Users\Marlowe\Desktop\ProjectBible\external-repos\and-bible\app\src\main\res\values-b+sr+Latn\strings.xml", "XML", 0, 0, 0, 0, 0, 0, 0, 0, 0, 0, 0, 0, 0, 0, 964, 0, 0, 0, 0, 0, 0, 0, 0, 0, 0, 0, 0, 0, 0, 0, 0, 0, 0, 0, 0, 0, 0, 0, 98, 1, 1063
"c:\Users\Marlowe\Desktop\ProjectBible\external-repos\and-bible\app\src\main\res\values-b+sr+RS\strings.xml", "XML", 0, 0, 0, 0, 0, 0, 0, 0, 0, 0, 0, 0, 0, 0, 966, 0, 0, 0, 0, 0, 0, 0, 0, 0, 0, 0, 0, 0, 0, 0, 0, 0, 0, 0, 0, 0, 0, 0, 98, 1, 1065
"c:\Users\Marlowe\Desktop\ProjectBible\external-repos\and-bible\app\src\main\res\values-b+sr\strings.xml", "XML", 0, 0, 0, 0, 0, 0, 0, 0, 0, 0, 0, 0, 0, 0, 549, 0, 0, 0, 0, 0, 0, 0, 0, 0, 0, 0, 0, 0, 0, 0, 0, 0, 0, 0, 0, 0, 0, 0, 68, 2, 619
"c:\Users\Marlowe\Desktop\ProjectBible\external-repos\and-bible\app\src\main\res\values-bg\strings.xml", "XML", 0, 0, 0, 0, 0, 0, 0, 0, 0, 0, 0, 0, 0, 0, 186, 0, 0, 0, 0, 0, 0, 0, 0, 0, 0, 0, 0, 0, 0, 0, 0, 0, 0, 0, 0, 0, 0, 0, 85, 2, 273
"c:\Users\Marlowe\Desktop\ProjectBible\external-repos\and-bible\app\src\main\res\values-bn\strings.xml", "XML", 0, 0, 0, 0, 0, 0, 0, 0, 0, 0, 0, 0, 0, 0, 963, 0, 0, 0, 0, 0, 0, 0, 0, 0, 0, 0, 0, 0, 0, 0, 0, 0, 0, 0, 0, 0, 0, 0, 98, 1, 1062
"c:\Users\Marlowe\Desktop\ProjectBible\external-repos\and-bible\app\src\main\res\values-cs\strings.xml", "XML", 0, 0, 0, 0, 0, 0, 0, 0, 0, 0, 0, 0, 0, 0, 1040, 0, 0, 0, 0, 0, 0, 0, 0, 0, 0, 0, 0, 0, 0, 0, 0, 0, 0, 0, 0, 0, 0, 0, 98, 1, 1139
"c:\Users\Marlowe\Desktop\ProjectBible\external-repos\and-bible\app\src\main\res\values-de\strings.xml", "XML", 0, 0, 0, 0, 0, 0, 0, 0, 0, 0, 0, 0, 0, 0, 983, 0, 0, 0, 0, 0, 0, 0, 0, 0, 0, 0, 0, 0, 0, 0, 0, 0, 0, 0, 0, 0, 0, 0, 98, 1, 1082
"c:\Users\Marlowe\Desktop\ProjectBible\external-repos\and-bible\app\src\main\res\values-el\strings.xml", "XML", 0, 0, 0, 0, 0, 0, 0, 0, 0, 0, 0, 0, 0, 0, 1007, 0, 0, 0, 0, 0, 0, 0, 0, 0, 0, 0, 0, 0, 0, 0, 0, 0, 0, 0, 0, 0, 0, 0, 98, 1, 1106
"c:\Users\Marlowe\Desktop\ProjectBible\external-repos\and-bible\app\src\main\res\values-en\strings.xml", "XML", 0, 0, 0, 0, 0, 0, 0, 0, 0, 0, 0, 0, 0, 0, 97, 0, 0, 0, 0, 0, 0, 0, 0, 0, 0, 0, 0, 0, 0, 0, 0, 0, 0, 0, 0, 0, 0, 0, 98, 2, 197
"c:\Users\Marlowe\Desktop\ProjectBible\external-repos\and-bible\app\src\main\res\values-eo\strings.xml", "XML", 0, 0, 0, 0, 0, 0, 0, 0, 0, 0, 0, 0, 0, 0, 976, 0, 0, 0, 0, 0, 0, 0, 0, 0, 0, 0, 0, 0, 0, 0, 0, 0, 0, 0, 0, 0, 0, 0, 98, 1, 1075
"c:\Users\Marlowe\Desktop\ProjectBible\external-repos\and-bible\app\src\main\res\values-es\strings.xml", "XML", 0, 0, 0, 0, 0, 0, 0, 0, 0, 0, 0, 0, 0, 0, 1067, 0, 0, 0, 0, 0, 0, 0, 0, 0, 0, 0, 0, 0, 0, 0, 0, 0, 0, 0, 0, 0, 0, 0, 98, 1, 1166
"c:\Users\Marlowe\Desktop\ProjectBible\external-repos\and-bible\app\src\main\res\values-et\strings.xml", "XML", 0, 0, 0, 0, 0, 0, 0, 0, 0, 0, 0, 0, 0, 0, 851, 0, 0, 0, 0, 0, 0, 0, 0, 0, 0, 0, 0, 0, 0, 0, 0, 0, 0, 0, 0, 0, 0, 0, 98, 1, 950
"c:\Users\Marlowe\Desktop\ProjectBible\external-repos\and-bible\app\src\main\res\values-fi\strings.xml", "XML", 0, 0, 0, 0, 0, 0, 0, 0, 0, 0, 0, 0, 0, 0, 939, 0, 0, 0, 0, 0, 0, 0, 0, 0, 0, 0, 0, 0, 0, 0, 0, 0, 0, 0, 0, 0, 0, 0, 98, 1, 1038
"c:\Users\Marlowe\Desktop\ProjectBible\external-repos\and-bible\app\src\main\res\values-fr\strings.xml", "XML", 0, 0, 0, 0, 0, 0, 0, 0, 0, 0, 0, 0, 0, 0, 1028, 0, 0, 0, 0, 0, 0, 0, 0, 0, 0, 0, 0, 0, 0, 0, 0, 0, 0, 0, 0, 0, 0, 0, 98, 1, 1127
"c:\Users\Marlowe\Desktop\ProjectBible\external-repos\and-bible\app\src\main\res\values-hi\strings.xml", "XML", 0, 0, 0, 0, 0, 0, 0, 0, 0, 0, 0, 0, 0, 0, 769, 0, 0, 0, 0, 0, 0, 0, 0, 0, 0, 0, 0, 0, 0, 0, 0, 0, 0, 0, 0, 0, 0, 0, 98, 1, 868
"c:\Users\Marlowe\Desktop\ProjectBible\external-repos\and-bible\app\src\main\res\values-hr\strings.xml", "XML", 0, 0, 0, 0, 0, 0, 0, 0, 0, 0, 0, 0, 0, 0, 972, 0, 0, 0, 0, 0, 0, 0, 0, 0, 0, 0, 0, 0, 0, 0, 0, 0, 0, 0, 0, 0, 0, 0, 98, 1, 1071
"c:\Users\Marlowe\Desktop\ProjectBible\external-repos\and-bible\app\src\main\res\values-hu\strings.xml", "XML", 0, 0, 0, 0, 0, 0, 0, 0, 0, 0, 0, 0, 0, 0, 951, 0, 0, 0, 0, 0, 0, 0, 0, 0, 0, 0, 0, 0, 0, 0, 0, 0, 0, 0, 0, 0, 0, 0, 98, 1, 1050
"c:\Users\Marlowe\Desktop\ProjectBible\external-repos\and-bible\app\src\main\res\values-id\strings.xml", "XML", 0, 0, 0, 0, 0, 0, 0, 0, 0, 0, 0, 0, 0, 0, 310, 0, 0, 0, 0, 0, 0, 0, 0, 0, 0, 0, 0, 0, 0, 0, 0, 0, 0, 0, 0, 0, 0, 0, 85, 2, 397
"c:\Users\Marlowe\Desktop\ProjectBible\external-repos\and-bible\app\src\main\res\values-in\strings.xml", "XML", 0, 0, 0, 0, 0, 0, 0, 0, 0, 0, 0, 0, 0, 0, 378, 0, 0, 0, 0, 0, 0, 0, 0, 0, 0, 0, 0, 0, 0, 0, 0, 0, 0, 0, 0, 0, 0, 0, 65, 2, 445
"c:\Users\Marlowe\Desktop\ProjectBible\external-repos\and-bible\app\src\main\res\values-it\strings.xml", "XML", 0, 0, 0, 0, 0, 0, 0, 0, 0, 0, 0, 0, 0, 0, 1014, 0, 0, 0, 0, 0, 0, 0, 0, 0, 0, 0, 0, 0, 0, 0, 0, 0, 0, 0, 0, 0, 0, 0, 98, 1, 1113
"c:\Users\Marlowe\Desktop\ProjectBible\external-repos\and-bible\app\src\main\res\values-iw\strings.xml", "XML", 0, 0, 0, 0, 0, 0, 0, 0, 0, 0, 0, 0, 0, 0, 834, 0, 0, 0, 0, 0, 0, 0, 0, 0, 0, 0, 0, 0, 0, 0, 0, 0, 0, 0, 0, 0, 0, 0, 98, 2, 934
"c:\Users\Marlowe\Desktop\ProjectBible\external-repos\and-bible\app\src\main\res\values-kk\strings.xml", "XML", 0, 0, 0, 0, 0, 0, 0, 0, 0, 0, 0, 0, 0, 0, 917, 0, 0, 0, 0, 0, 0, 0, 0, 0, 0, 0, 0, 0, 0, 0, 0, 0, 0, 0, 0, 0, 0, 0, 98, 1, 1016
"c:\Users\Marlowe\Desktop\ProjectBible\external-repos\and-bible\app\src\main\res\values-ko\strings.xml", "XML", 0, 0, 0, 0, 0, 0, 0, 0, 0, 0, 0, 0, 0, 0, 616, 0, 0, 0, 0, 0, 0, 0, 0, 0, 0, 0, 0, 0, 0, 0, 0, 0, 0, 0, 0, 0, 0, 0, 98, 1, 715
"c:\Users\Marlowe\Desktop\ProjectBible\external-repos\and-bible\app\src\main\res\values-land\dimens.xml", "XML", 0, 0, 0, 0, 0, 0, 0, 0, 0, 0, 0, 0, 0, 0, 6, 0, 0, 0, 0, 0, 0, 0, 0, 0, 0, 0, 0, 0, 0, 0, 0, 0, 0, 0, 0, 0, 0, 0, 19, 5, 30
"c:\Users\Marlowe\Desktop\ProjectBible\external-repos\and-bible\app\src\main\res\values-large-land\dimens.xml", "XML", 0, 0, 0, 0, 0, 0, 0, 0, 0, 0, 0, 0, 0, 0, 3, 0, 0, 0, 0, 0, 0, 0, 0, 0, 0, 0, 0, 0, 0, 0, 0, 0, 0, 0, 0, 0, 0, 0, 16, 2, 21
"c:\Users\Marlowe\Desktop\ProjectBible\external-repos\and-bible\app\src\main\res\values-large-port\dimens.xml", "XML", 0, 0, 0, 0, 0, 0, 0, 0, 0, 0, 0, 0, 0, 0, 3, 0, 0, 0, 0, 0, 0, 0, 0, 0, 0, 0, 0, 0, 0, 0, 0, 0, 0, 0, 0, 0, 0, 0, 16, 2, 21
"c:\Users\Marlowe\Desktop\ProjectBible\external-repos\and-bible\app\src\main\res\values-large\dimens.xml", "XML", 0, 0, 0, 0, 0, 0, 0, 0, 0, 0, 0, 0, 0, 0, 9, 0, 0, 0, 0, 0, 0, 0, 0, 0, 0, 0, 0, 0, 0, 0, 0, 0, 0, 0, 0, 0, 0, 0, 18, 6, 33
"c:\Users\Marlowe\Desktop\ProjectBible\external-repos\and-bible\app\src\main\res\values-lt\strings.xml", "XML", 0, 0, 0, 0, 0, 0, 0, 0, 0, 0, 0, 0, 0, 0, 1045, 0, 0, 0, 0, 0, 0, 0, 0, 0, 0, 0, 0, 0, 0, 0, 0, 0, 0, 0, 0, 0, 0, 0, 98, 1, 1144
"c:\Users\Marlowe\Desktop\ProjectBible\external-repos\and-bible\app\src\main\res\values-ml\strings.xml", "XML", 0, 0, 0, 0, 0, 0, 0, 0, 0, 0, 0, 0, 0, 0, 183, 0, 0, 0, 0, 0, 0, 0, 0, 0, 0, 0, 0, 0, 0, 0, 0, 0, 0, 0, 0, 0, 0, 0, 85, 2, 270
"c:\Users\Marlowe\Desktop\ProjectBible\external-repos\and-bible\app\src\main\res\values-my\strings.xml", "XML", 0, 0, 0, 0, 0, 0, 0, 0, 0, 0, 0, 0, 0, 0, 706, 0, 0, 0, 0, 0, 0, 0, 0, 0, 0, 0, 0, 0, 0, 0, 0, 0, 0, 0, 0, 0, 0, 0, 98, 1, 805
"c:\Users\Marlowe\Desktop\ProjectBible\external-repos\and-bible\app\src\main\res\values-nb\strings.xml", "XML", 0, 0, 0, 0, 0, 0, 0, 0, 0, 0, 0, 0, 0, 0, 636, 0, 0, 0, 0, 0, 0, 0, 0, 0, 0, 0, 0, 0, 0, 0, 0, 0, 0, 0, 0, 0, 0, 0, 98, 1, 735
"c:\Users\Marlowe\Desktop\ProjectBible\external-repos\and-bible\app\src\main\res\values-night\colors.xml", "XML", 0, 0, 0, 0, 0, 0, 0, 0, 0, 0, 0, 0, 0, 0, 18, 0, 0, 0, 0, 0, 0, 0, 0, 0, 0, 0, 0, 0, 0, 0, 0, 0, 0, 0, 0, 0, 0, 0, 16, 7, 41
"c:\Users\Marlowe\Desktop\ProjectBible\external-repos\and-bible\app\src\main\res\values-nl\strings.xml", "XML", 0, 0, 0, 0, 0, 0, 0, 0, 0, 0, 0, 0, 0, 0, 965, 0, 0, 0, 0, 0, 0, 0, 0, 0, 0, 0, 0, 0, 0, 0, 0, 0, 0, 0, 0, 0, 0, 0, 98, 1, 1064
"c:\Users\Marlowe\Desktop\ProjectBible\external-repos\and-bible\app\src\main\res\values-pl\strings.xml", "XML", 0, 0, 0, 0, 0, 0, 0, 0, 0, 0, 0, 0, 0, 0, 966, 0, 0, 0, 0, 0, 0, 0, 0, 0, 0, 0, 0, 0, 0, 0, 0, 0, 0, 0, 0, 0, 0, 0, 98, 1, 1065
"c:\Users\Marlowe\Desktop\ProjectBible\external-repos\and-bible\app\src\main\res\values-pt-rBR\strings.xml", "XML", 0, 0, 0, 0, 0, 0, 0, 0, 0, 0, 0, 0, 0, 0, 977, 0, 0, 0, 0, 0, 0, 0, 0, 0, 0, 0, 0, 0, 0, 0, 0, 0, 0, 0, 0, 0, 0, 0, 98, 1, 1076
"c:\Users\Marlowe\Desktop\ProjectBible\external-repos\and-bible\app\src\main\res\values-pt\strings.xml", "XML", 0, 0, 0, 0, 0, 0, 0, 0, 0, 0, 0, 0, 0, 0, 1015, 0, 0, 0, 0, 0, 0, 0, 0, 0, 0, 0, 0, 0, 0, 0, 0, 0, 0, 0, 0, 0, 0, 0, 98, 1, 1114
"c:\Users\Marlowe\Desktop\ProjectBible\external-repos\and-bible\app\src\main\res\values-ro\strings.xml", "XML", 0, 0, 0, 0, 0, 0, 0, 0, 0, 0, 0, 0, 0, 0, 1076, 0, 0, 0, 0, 0, 0, 0, 0, 0, 0, 0, 0, 0, 0, 0, 0, 0, 0, 0, 0, 0, 0, 0, 98, 1, 1175
"c:\Users\Marlowe\Desktop\ProjectBible\external-repos\and-bible\app\src\main\res\values-ru\strings.xml", "XML", 0, 0, 0, 0, 0, 0, 0, 0, 0, 0, 0, 0, 0, 0, 998, 0, 0, 0, 0, 0, 0, 0, 0, 0, 0, 0, 0, 0, 0, 0, 0, 0, 0, 0, 0, 0, 0, 0, 98, 1, 1097
"c:\Users\Marlowe\Desktop\ProjectBible\external-repos\and-bible\app\src\main\res\values-sk\strings.xml", "XML", 0, 0, 0, 0, 0, 0, 0, 0, 0, 0, 0, 0, 0, 0, 1010, 0, 0, 0, 0, 0, 0, 0, 0, 0, 0, 0, 0, 0, 0, 0, 0, 0, 0, 0, 0, 0, 0, 0, 98, 1, 1109
"c:\Users\Marlowe\Desktop\ProjectBible\external-repos\and-bible\app\src\main\res\values-sl\strings.xml", "XML", 0, 0, 0, 0, 0, 0, 0, 0, 0, 0, 0, 0, 0, 0, 1052, 0, 0, 0, 0, 0, 0, 0, 0, 0, 0, 0, 0, 0, 0, 0, 0, 0, 0, 0, 0, 0, 0, 0, 98, 3, 1153
"c:\Users\Marlowe\Desktop\ProjectBible\external-repos\and-bible\app\src\main\res\values-sv\strings.xml", "XML", 0, 0, 0, 0, 0, 0, 0, 0, 0, 0, 0, 0, 0, 0, 1073, 0, 0, 0, 0, 0, 0, 0, 0, 0, 0, 0, 0, 0, 0, 0, 0, 0, 0, 0, 0, 0, 0, 0, 98, 1, 1172
"c:\Users\Marlowe\Desktop\ProjectBible\external-repos\and-bible\app\src\main\res\values-sw600dp\dimens.xml", "XML", 0, 0, 0, 0, 0, 0, 0, 0, 0, 0, 0, 0, 0, 0, 5, 0, 0, 0, 0, 0, 0, 0, 0, 0, 0, 0, 0, 0, 0, 0, 0, 0, 0, 0, 0, 0, 0, 0, 16, 2, 23
"c:\Users\Marlowe\Desktop\ProjectBible\external-repos\and-bible\app\src\main\res\values-ta\strings.xml", "XML", 0, 0, 0, 0, 0, 0, 0, 0, 0, 0, 0, 0, 0, 0, 991, 0, 0, 0, 0, 0, 0, 0, 0, 0, 0, 0, 0, 0, 0, 0, 0, 0, 0, 0, 0, 0, 0, 0, 98, 1, 1090
"c:\Users\Marlowe\Desktop\ProjectBible\external-repos\and-bible\app\src\main\res\values-te\strings.xml", "XML", 0, 0, 0, 0, 0, 0, 0, 0, 0, 0, 0, 0, 0, 0, 967, 0, 0, 0, 0, 0, 0, 0, 0, 0, 0, 0, 0, 0, 0, 0, 0, 0, 0, 0, 0, 0, 0, 0, 98, 1, 1066
"c:\Users\Marlowe\Desktop\ProjectBible\external-repos\and-bible\app\src\main\res\values-tr\strings.xml", "XML", 0, 0, 0, 0, 0, 0, 0, 0, 0, 0, 0, 0, 0, 0, 1023, 0, 0, 0, 0, 0, 0, 0, 0, 0, 0, 0, 0, 0, 0, 0, 0, 0, 0, 0, 0, 0, 0, 0, 98, 1, 1122
"c:\Users\Marlowe\Desktop\ProjectBible\external-repos\and-bible\app\src\main\res\values-uk\strings.xml", "XML", 0, 0, 0, 0, 0, 0, 0, 0, 0, 0, 0, 0, 0, 0, 1008, 0, 0, 0, 0, 0, 0, 0, 0, 0, 0, 0, 0, 0, 0, 0, 0, 0, 0, 0, 0, 0, 0, 0, 98, 1, 1107
"c:\Users\Marlowe\Desktop\ProjectBible\external-repos\and-bible\app\src\main\res\values-uz\strings.xml", "XML", 0, 0, 0, 0, 0, 0, 0, 0, 0, 0, 0, 0, 0, 0, 225, 0, 0, 0, 0, 0, 0, 0, 0, 0, 0, 0, 0, 0, 0, 0, 0, 0, 0, 0, 0, 0, 0, 0, 85, 2, 312
"c:\Users\Marlowe\Desktop\ProjectBible\external-repos\and-bible\app\src\main\res\values-v14\dimens.xml", "XML", 0, 0, 0, 0, 0, 0, 0, 0, 0, 0, 0, 0, 0, 0, 5, 0, 0, 0, 0, 0, 0, 0, 0, 0, 0, 0, 0, 0, 0, 0, 0, 0, 0, 0, 0, 0, 0, 0, 18, 2, 25
"c:\Users\Marlowe\Desktop\ProjectBible\external-repos\and-bible\app\src\main\res\values-v27\barstyles.xml", "XML", 0, 0, 0, 0, 0, 0, 0, 0, 0, 0, 0, 0, 0, 0, 6, 0, 0, 0, 0, 0, 0, 0, 0, 0, 0, 0, 0, 0, 0, 0, 0, 0, 0, 0, 0, 0, 0, 0, 16, 3, 25
"c:\Users\Marlowe\Desktop\ProjectBible\external-repos\and-bible\app\src\main\res\values-v9\dimens.xml", "XML", 0, 0, 0, 0, 0, 0, 0, 0, 0, 0, 0, 0, 0, 0, 4, 0, 0, 0, 0, 0, 0, 0, 0, 0, 0, 0, 0, 0, 0, 0, 0, 0, 0, 0, 0, 0, 0, 0, 17, 2, 23
"c:\Users\Marlowe\Desktop\ProjectBible\external-repos\and-bible\app\src\main\res\values-xlarge-land\dimens.xml", "XML", 0, 0, 0, 0, 0, 0, 0, 0, 0, 0, 0, 0, 0, 0, 4, 0, 0, 0, 0, 0, 0, 0, 0, 0, 0, 0, 0, 0, 0, 0, 0, 0, 0, 0, 0, 0, 0, 0, 16, 2, 22
"c:\Users\Marlowe\Desktop\ProjectBible\external-repos\and-bible\app\src\main\res\values-xlarge-port\dimens.xml", "XML", 0, 0, 0, 0, 0, 0, 0, 0, 0, 0, 0, 0, 0, 0, 4, 0, 0, 0, 0, 0, 0, 0, 0, 0, 0, 0, 0, 0, 0, 0, 0, 0, 0, 0, 0, 0, 0, 0, 16, 2, 22
"c:\Users\Marlowe\Desktop\ProjectBible\external-repos\and-bible\app\src\main\res\values-xlarge\dimens.xml", "XML", 0, 0, 0, 0, 0, 0, 0, 0, 0, 0, 0, 0, 0, 0, 6, 0, 0, 0, 0, 0, 0, 0, 0, 0, 0, 0, 0, 0, 0, 0, 0, 0, 0, 0, 0, 0, 0, 0, 17, 5, 28
"c:\Users\Marlowe\Desktop\ProjectBible\external-repos\and-bible\app\src\main\res\values-yue\strings.xml", "XML", 0, 0, 0, 0, 0, 0, 0, 0, 0, 0, 0, 0, 0, 0, 962, 0, 0, 0, 0, 0, 0, 0, 0, 0, 0, 0, 0, 0, 0, 0, 0, 0, 0, 0, 0, 0, 0, 0, 98, 1, 1061
"c:\Users\Marlowe\Desktop\ProjectBible\external-repos\and-bible\app\src\main\res\values-zh-rCN\strings.xml", "XML", 0, 0, 0, 0, 0, 0, 0, 0, 0, 0, 0, 0, 0, 0, 970, 0, 0, 0, 0, 0, 0, 0, 0, 0, 0, 0, 0, 0, 0, 0, 0, 0, 0, 0, 0, 0, 0, 0, 98, 1, 1069
"c:\Users\Marlowe\Desktop\ProjectBible\external-repos\and-bible\app\src\main\res\values-zh-rTW\strings.xml", "XML", 0, 0, 0, 0, 0, 0, 0, 0, 0, 0, 0, 0, 0, 0, 965, 0, 0, 0, 0, 0, 0, 0, 0, 0, 0, 0, 0, 0, 0, 0, 0, 0, 0, 0, 0, 0, 0, 0, 98, 1, 1064
"c:\Users\Marlowe\Desktop\ProjectBible\external-repos\and-bible\app\src\main\res\values-zh\strings.xml", "XML", 0, 0, 0, 0, 0, 0, 0, 0, 0, 0, 0, 0, 0, 0, 965, 0, 0, 0, 0, 0, 0, 0, 0, 0, 0, 0, 0, 0, 0, 0, 0, 0, 0, 0, 0, 0, 0, 0, 98, 1, 1064
"c:\Users\Marlowe\Desktop\ProjectBible\external-repos\and-bible\app\src\main\res\values\arrays.xml", "XML", 0, 0, 0, 0, 0, 0, 0, 0, 0, 0, 0, 0, 0, 0, 194, 0, 0, 0, 0, 0, 0, 0, 0, 0, 0, 0, 0, 0, 0, 0, 0, 0, 0, 0, 0, 0, 0, 0, 27, 12, 233
"c:\Users\Marlowe\Desktop\ProjectBible\external-repos\and-bible\app\src\main\res\values\attrs.xml", "XML", 0, 0, 0, 0, 0, 0, 0, 0, 0, 0, 0, 0, 0, 0, 36, 0, 0, 0, 0, 0, 0, 0, 0, 0, 0, 0, 0, 0, 0, 0, 0, 0, 0, 0, 0, 0, 0, 0, 16, 3, 55
"c:\Users\Marlowe\Desktop\ProjectBible\external-repos\and-bible\app\src\main\res\values\barstyles.xml", "XML", 0, 0, 0, 0, 0, 0, 0, 0, 0, 0, 0, 0, 0, 0, 90, 0, 0, 0, 0, 0, 0, 0, 0, 0, 0, 0, 0, 0, 0, 0, 0, 0, 0, 0, 0, 0, 0, 0, 29, 17, 136
"c:\Users\Marlowe\Desktop\ProjectBible\external-repos\and-bible\app\src\main\res\values\colors.xml", "XML", 0, 0, 0, 0, 0, 0, 0, 0, 0, 0, 0, 0, 0, 0, 97, 0, 0, 0, 0, 0, 0, 0, 0, 0, 0, 0, 0, 0, 0, 0, 0, 0, 0, 0, 0, 0, 0, 0, 35, 27, 159
"c:\Users\Marlowe\Desktop\ProjectBible\external-repos\and-bible\app\src\main\res\values\dimens.xml", "XML", 0, 0, 0, 0, 0, 0, 0, 0, 0, 0, 0, 0, 0, 0, 23, 0, 0, 0, 0, 0, 0, 0, 0, 0, 0, 0, 0, 0, 0, 0, 0, 0, 0, 0, 0, 0, 0, 0, 19, 8, 50
"c:\Users\Marlowe\Desktop\ProjectBible\external-repos\and-bible\app\src\main\res\values\strings.xml", "XML", 0, 0, 0, 0, 0, 0, 0, 0, 0, 0, 0, 0, 0, 0, 1092, 0, 0, 0, 0, 0, 0, 0, 0, 0, 0, 0, 0, 0, 0, 0, 0, 0, 0, 0, 0, 0, 0, 0, 118, 115, 1325
"c:\Users\Marlowe\Desktop\ProjectBible\external-repos\and-bible\app\src\main\res\values\styles.xml", "XML", 0, 0, 0, 0, 0, 0, 0, 0, 0, 0, 0, 0, 0, 0, 48, 0, 0, 0, 0, 0, 0, 0, 0, 0, 0, 0, 0, 0, 0, 0, 0, 0, 0, 0, 0, 0, 0, 0, 20, 5, 73
"c:\Users\Marlowe\Desktop\ProjectBible\external-repos\and-bible\app\src\main\res\values\untranslated_strings.xml", "XML", 0, 0, 0, 0, 0, 0, 0, 0, 0, 0, 0, 0, 0, 0, 85, 0, 0, 0, 0, 0, 0, 0, 0, 0, 0, 0, 0, 0, 0, 0, 0, 0, 0, 0, 0, 0, 0, 0, 26, 5, 116
"c:\Users\Marlowe\Desktop\ProjectBible\external-repos\and-bible\app\src\main\res\xml\backup_descriptor.xml", "XML", 0, 0, 0, 0, 0, 0, 0, 0, 0, 0, 0, 0, 0, 0, 6, 0, 0, 0, 0, 0, 0, 0, 0, 0, 0, 0, 0, 0, 0, 0, 0, 0, 0, 0, 0, 0, 0, 0, 16, 2, 24
"c:\Users\Marlowe\Desktop\ProjectBible\external-repos\and-bible\app\src\main\res\xml\color_settings.xml", "XML", 0, 0, 0, 0, 0, 0, 0, 0, 0, 0, 0, 0, 0, 0, 52, 0, 0, 0, 0, 0, 0, 0, 0, 0, 0, 0, 0, 0, 0, 0, 0, 0, 0, 0, 0, 0, 0, 0, 16, 6, 74
"c:\Users\Marlowe\Desktop\ProjectBible\external-repos\and-bible\app\src\main\res\xml\file_paths.xml", "XML", 0, 0, 0, 0, 0, 0, 0, 0, 0, 0, 0, 0, 0, 0, 6, 0, 0, 0, 0, 0, 0, 0, 0, 0, 0, 0, 0, 0, 0, 0, 0, 0, 0, 0, 0, 0, 0, 0, 16, 2, 24
"c:\Users\Marlowe\Desktop\ProjectBible\external-repos\and-bible\app\src\main\res\xml\large_speak_control_widget_info.xml", "XML", 0, 0, 0, 0, 0, 0, 0, 0, 0, 0, 0, 0, 0, 0, 11, 0, 0, 0, 0, 0, 0, 0, 0, 0, 0, 0, 0, 0, 0, 0, 0, 0, 0, 0, 0, 0, 0, 0, 16, 2, 29
"c:\Users\Marlowe\Desktop\ProjectBible\external-repos\and-bible\app\src\main\res\xml\middle_speak_control_widget_info.xml", "XML", 0, 0, 0, 0, 0, 0, 0, 0, 0, 0, 0, 0, 0, 0, 11, 0, 0, 0, 0, 0, 0, 0, 0, 0, 0, 0, 0, 0, 0, 0, 0, 0, 0, 0, 0, 0, 0, 0, 16, 2, 29
"c:\Users\Marlowe\Desktop\ProjectBible\external-repos\and-bible\app\src\main\res\xml\settings.xml", "XML", 0, 0, 0, 0, 0, 0, 0, 0, 0, 0, 0, 0, 0, 0, 229, 0, 0, 0, 0, 0, 0, 0, 0, 0, 0, 0, 0, 0, 0, 0, 0, 0, 0, 0, 0, 0, 0, 0, 20, 5, 254
"c:\Users\Marlowe\Desktop\ProjectBible\external-repos\and-bible\app\src\main\res\xml\small_speak_control_widget_info.xml", "XML", 0, 0, 0, 0, 0, 0, 0, 0, 0, 0, 0, 0, 0, 0, 11, 0, 0, 0, 0, 0, 0, 0, 0, 0, 0, 0, 0, 0, 0, 0, 0, 0, 0, 0, 0, 0, 0, 0, 16, 2, 29
"c:\Users\Marlowe\Desktop\ProjectBible\external-repos\and-bible\app\src\main\res\xml\speak_bookmark_widget_info.xml", "XML", 0, 0, 0, 0, 0, 0, 0, 0, 0, 0, 0, 0, 0, 0, 11, 0, 0, 0, 0, 0, 0, 0, 0, 0, 0, 0, 0, 0, 0, 0, 0, 0, 0, 0, 0, 0, 0, 0, 16, 2, 29
"c:\Users\Marlowe\Desktop\ProjectBible\external-repos\and-bible\app\src\main\res\xml\speak_text_control_widget_info.xml", "XML", 0, 0, 0, 0, 0, 0, 0, 0, 0, 0, 0, 0, 0, 0, 11, 0, 0, 0, 0, 0, 0, 0, 0, 0, 0, 0, 0, 0, 0, 0, 0, 0, 0, 0, 0, 0, 0, 0, 16, 2, 29
"c:\Users\Marlowe\Desktop\ProjectBible\external-repos\and-bible\app\src\main\res\xml\sync_settings.xml", "XML", 0, 0, 0, 0, 0, 0, 0, 0, 0, 0, 0, 0, 0, 0, 69, 0, 0, 0, 0, 0, 0, 0, 0, 0, 0, 0, 0, 0, 0, 0, 0, 0, 0, 0, 0, 0, 0, 0, 20, 3, 92
"c:\Users\Marlowe\Desktop\ProjectBible\external-repos\and-bible\app\src\main\res\xml\text_display_settings.xml", "XML", 0, 0, 0, 0, 0, 0, 0, 0, 0, 0, 0, 0, 0, 0, 125, 0, 0, 0, 0, 0, 0, 0, 0, 0, 0, 0, 0, 0, 0, 0, 0, 0, 0, 0, 0, 0, 0, 0, 17, 16, 158
"c:\Users\Marlowe\Desktop\ProjectBible\external-repos\and-bible\app\src\standard\AndroidManifest.xml", "XML", 0, 0, 0, 0, 0, 0, 0, 0, 0, 0, 0, 0, 0, 0, 107, 0, 0, 0, 0, 0, 0, 0, 0, 0, 0, 0, 0, 0, 0, 0, 0, 0, 0, 0, 0, 0, 0, 0, 17, 13, 137
"c:\Users\Marlowe\Desktop\ProjectBible\external-repos\and-bible\app\standardAmazon\release\output-metadata.json", "JSON", 0, 0, 20, 0, 0, 0, 0, 0, 0, 0, 0, 0, 0, 0, 0, 0, 0, 0, 0, 0, 0, 0, 0, 0, 0, 0, 0, 0, 0, 0, 0, 0, 0, 0, 0, 0, 0, 0, 0, 0, 20
"c:\Users\Marlowe\Desktop\ProjectBible\external-repos\and-bible\docker-compose.yml", "YAML", 0, 0, 0, 0, 36, 0, 0, 0, 0, 0, 0, 0, 0, 0, 0, 0, 0, 0, 0, 0, 0, 0, 0, 0, 0, 0, 0, 0, 0, 0, 0, 0, 0, 0, 0, 0, 0, 0, 0, 5, 41
"c:\Users\Marlowe\Desktop\ProjectBible\external-repos\and-bible\docker\Dockerfile", "Docker", 0, 0, 0, 0, 0, 0, 0, 0, 0, 0, 0, 0, 0, 0, 0, 0, 0, 0, 0, 0, 0, 0, 0, 0, 0, 0, 0, 0, 0, 0, 0, 0, 0, 0, 0, 43, 0, 0, 17, 12, 72
"c:\Users\Marlowe\Desktop\ProjectBible\external-repos\and-bible\docs\accrescent.md", "Markdown", 135, 0, 0, 0, 0, 0, 0, 0, 0, 0, 0, 0, 0, 0, 0, 0, 0, 0, 0, 0, 0, 0, 0, 0, 0, 0, 0, 0, 0, 0, 0, 0, 0, 0, 0, 0, 0, 0, 0, 64, 199
"c:\Users\Marlowe\Desktop\ProjectBible\external-repos\and-bible\docs\csv-import-export.md", "Markdown", 161, 0, 0, 0, 0, 0, 0, 0, 0, 0, 0, 0, 0, 0, 0, 0, 0, 0, 0, 0, 0, 0, 0, 0, 0, 0, 0, 0, 0, 0, 0, 0, 0, 0, 0, 0, 0, 0, 0, 54, 215
"c:\Users\Marlowe\Desktop\ProjectBible\external-repos\and-bible\docs\csv-quick-guide.md", "Markdown", 43, 0, 0, 0, 0, 0, 0, 0, 0, 0, 0, 0, 0, 0, 0, 0, 0, 0, 0, 0, 0, 0, 0, 0, 0, 0, 0, 0, 0, 0, 0, 0, 0, 0, 0, 0, 0, 0, 0, 20, 63
"c:\Users\Marlowe\Desktop\ProjectBible\external-repos\and-bible\gradle.properties", "Properties", 0, 0, 0, 0, 0, 0, 0, 0, 0, 0, 4, 0, 0, 0, 0, 0, 0, 0, 0, 0, 0, 0, 0, 0, 0, 0, 0, 0, 0, 0, 0, 0, 0, 0, 0, 0, 0, 0, 30, 7, 41
"c:\Users\Marlowe\Desktop\ProjectBible\external-repos\and-bible\gradle\wrapper\gradle-wrapper.properties", "Properties", 0, 0, 0, 0, 0, 0, 0, 0, 0, 0, 5, 0, 0, 0, 0, 0, 0, 0, 0, 0, 0, 0, 0, 0, 0, 0, 0, 0, 0, 0, 0, 0, 0, 0, 0, 0, 0, 0, 1, 1, 7
"c:\Users\Marlowe\Desktop\ProjectBible\external-repos\and-bible\gradlew.bat", "Batch", 0, 0, 0, 0, 0, 0, 0, 0, 46, 0, 0, 0, 0, 0, 0, 0, 0, 0, 0, 0, 0, 0, 0, 0, 0, 0, 0, 0, 0, 0, 0, 0, 0, 0, 0, 0, 0, 0, 30, 25, 101
"c:\Users\Marlowe\Desktop\ProjectBible\external-repos\and-bible\play\compile_description.py", "Python", 0, 0, 0, 0, 0, 0, 0, 69, 0, 0, 0, 0, 0, 0, 0, 0, 0, 0, 0, 0, 0, 0, 0, 0, 0, 0, 0, 0, 0, 0, 0, 0, 0, 0, 0, 0, 0, 0, 19, 21, 109
"c:\Users\Marlowe\Desktop\ProjectBible\external-repos\and-bible\play\constants.yml", "YAML", 0, 0, 0, 0, 9, 0, 0, 0, 0, 0, 0, 0, 0, 0, 0, 0, 0, 0, 0, 0, 0, 0, 0, 0, 0, 0, 0, 0, 0, 0, 0, 0, 0, 0, 0, 0, 0, 0, 0, 1, 10
"c:\Users\Marlowe\Desktop\ProjectBible\external-repos\and-bible\play\description-translations\af.yml", "YAML", 0, 0, 0, 0, 58, 0, 0, 0, 0, 0, 0, 0, 0, 0, 0, 0, 0, 0, 0, 0, 0, 0, 0, 0, 0, 0, 0, 0, 0, 0, 0, 0, 0, 0, 0, 0, 0, 0, 15, 1, 74
"c:\Users\Marlowe\Desktop\ProjectBible\external-repos\and-bible\play\description-translations\ar.yml", "YAML", 0, 0, 0, 0, 58, 0, 0, 0, 0, 0, 0, 0, 0, 0, 0, 0, 0, 0, 0, 0, 0, 0, 0, 0, 0, 0, 0, 0, 0, 0, 0, 0, 0, 0, 0, 0, 0, 0, 15, 1, 74
"c:\Users\Marlowe\Desktop\ProjectBible\external-repos\and-bible\play\description-translations\bn-BD.yml", "YAML", 0, 0, 0, 0, 58, 0, 0, 0, 0, 0, 0, 0, 0, 0, 0, 0, 0, 0, 0, 0, 0, 0, 0, 0, 0, 0, 0, 0, 0, 0, 0, 0, 0, 0, 0, 0, 0, 0, 15, 1, 74
"c:\Users\Marlowe\Desktop\ProjectBible\external-repos\and-bible\play\description-translations\cs-CZ.yml", "YAML", 0, 0, 0, 0, 58, 0, 0, 0, 0, 0, 0, 0, 0, 0, 0, 0, 0, 0, 0, 0, 0, 0, 0, 0, 0, 0, 0, 0, 0, 0, 0, 0, 0, 0, 0, 0, 0, 0, 15, 1, 74
"c:\Users\Marlowe\Desktop\ProjectBible\external-repos\and-bible\play\description-translations\de-DE.yml", "YAML", 0, 0, 0, 0, 59, 0, 0, 0, 0, 0, 0, 0, 0, 0, 0, 0, 0, 0, 0, 0, 0, 0, 0, 0, 0, 0, 0, 0, 0, 0, 0, 0, 0, 0, 0, 0, 0, 0, 15, 2, 76
"c:\Users\Marlowe\Desktop\ProjectBible\external-repos\and-bible\play\description-translations\el-GR.yml", "YAML", 0, 0, 0, 0, 58, 0, 0, 0, 0, 0, 0, 0, 0, 0, 0, 0, 0, 0, 0, 0, 0, 0, 0, 0, 0, 0, 0, 0, 0, 0, 0, 0, 0, 0, 0, 0, 0, 0, 15, 1, 74
"c:\Users\Marlowe\Desktop\ProjectBible\external-repos\and-bible\play\description-translations\en-US.yml", "YAML", 0, 0, 0, 0, 50, 0, 0, 0, 0, 0, 0, 0, 0, 0, 0, 0, 0, 0, 0, 0, 0, 0, 0, 0, 0, 0, 0, 0, 0, 0, 0, 0, 0, 0, 0, 0, 0, 0, 15, 1, 66
"c:\Users\Marlowe\Desktop\ProjectBible\external-repos\and-bible\play\description-translations\eo.yml", "YAML", 0, 0, 0, 0, 58, 0, 0, 0, 0, 0, 0, 0, 0, 0, 0, 0, 0, 0, 0, 0, 0, 0, 0, 0, 0, 0, 0, 0, 0, 0, 0, 0, 0, 0, 0, 0, 0, 0, 15, 2, 75
"c:\Users\Marlowe\Desktop\ProjectBible\external-repos\and-bible\play\description-translations\es-ES.yml", "YAML", 0, 0, 0, 0, 58, 0, 0, 0, 0, 0, 0, 0, 0, 0, 0, 0, 0, 0, 0, 0, 0, 0, 0, 0, 0, 0, 0, 0, 0, 0, 0, 0, 0, 0, 0, 0, 0, 0, 15, 1, 74
"c:\Users\Marlowe\Desktop\ProjectBible\external-repos\and-bible\play\description-translations\fi-FI.yml", "YAML", 0, 0, 0, 0, 58, 0, 0, 0, 0, 0, 0, 0, 0, 0, 0, 0, 0, 0, 0, 0, 0, 0, 0, 0, 0, 0, 0, 0, 0, 0, 0, 0, 0, 0, 0, 0, 0, 0, 15, 1, 74
"c:\Users\Marlowe\Desktop\ProjectBible\external-repos\and-bible\play\description-translations\fr-FR.yml", "YAML", 0, 0, 0, 0, 58, 0, 0, 0, 0, 0, 0, 0, 0, 0, 0, 0, 0, 0, 0, 0, 0, 0, 0, 0, 0, 0, 0, 0, 0, 0, 0, 0, 0, 0, 0, 0, 0, 0, 15, 1, 74
"c:\Users\Marlowe\Desktop\ProjectBible\external-repos\and-bible\play\description-translations\hi-IN.yml", "YAML", 0, 0, 0, 0, 52, 0, 0, 0, 0, 0, 0, 0, 0, 0, 0, 0, 0, 0, 0, 0, 0, 0, 0, 0, 0, 0, 0, 0, 0, 0, 0, 0, 0, 0, 0, 0, 0, 0, 15, 2, 69
"c:\Users\Marlowe\Desktop\ProjectBible\external-repos\and-bible\play\description-translations\hr.yml", "YAML", 0, 0, 0, 0, 58, 0, 0, 0, 0, 0, 0, 0, 0, 0, 0, 0, 0, 0, 0, 0, 0, 0, 0, 0, 0, 0, 0, 0, 0, 0, 0, 0, 0, 0, 0, 0, 0, 0, 15, 1, 74
"c:\Users\Marlowe\Desktop\ProjectBible\external-repos\and-bible\play\description-translations\hu-HU.yml", "YAML", 0, 0, 0, 0, 58, 0, 0, 0, 0, 0, 0, 0, 0, 0, 0, 0, 0, 0, 0, 0, 0, 0, 0, 0, 0, 0, 0, 0, 0, 0, 0, 0, 0, 0, 0, 0, 0, 0, 15, 3, 76
"c:\Users\Marlowe\Desktop\ProjectBible\external-repos\and-bible\play\description-translations\it-IT.yml", "YAML", 0, 0, 0, 0, 58, 0, 0, 0, 0, 0, 0, 0, 0, 0, 0, 0, 0, 0, 0, 0, 0, 0, 0, 0, 0, 0, 0, 0, 0, 0, 0, 0, 0, 0, 0, 0, 0, 0, 15, 1, 74
"c:\Users\Marlowe\Desktop\ProjectBible\external-repos\and-bible\play\description-translations\iw-IL.yml", "YAML", 0, 0, 0, 0, 52, 0, 0, 0, 0, 0, 0, 0, 0, 0, 0, 0, 0, 0, 0, 0, 0, 0, 0, 0, 0, 0, 0, 0, 0, 0, 0, 0, 0, 0, 0, 0, 0, 0, 15, 1, 68
"c:\Users\Marlowe\Desktop\ProjectBible\external-repos\and-bible\play\description-translations\kk.yml", "YAML", 0, 0, 0, 0, 58, 0, 0, 0, 0, 0, 0, 0, 0, 0, 0, 0, 0, 0, 0, 0, 0, 0, 0, 0, 0, 0, 0, 0, 0, 0, 0, 0, 0, 0, 0, 0, 0, 0, 15, 1, 74
"c:\Users\Marlowe\Desktop\ProjectBible\external-repos\and-bible\play\description-translations\ko-KR.yml", "YAML", 0, 0, 0, 0, 52, 0, 0, 0, 0, 0, 0, 0, 0, 0, 0, 0, 0, 0, 0, 0, 0, 0, 0, 0, 0, 0, 0, 0, 0, 0, 0, 0, 0, 0, 0, 0, 0, 0, 15, 1, 68
"c:\Users\Marlowe\Desktop\ProjectBible\external-repos\and-bible\play\description-translations\lt.yml", "YAML", 0, 0, 0, 0, 58, 0, 0, 0, 0, 0, 0, 0, 0, 0, 0, 0, 0, 0, 0, 0, 0, 0, 0, 0, 0, 0, 0, 0, 0, 0, 0, 0, 0, 0, 0, 0, 0, 0, 15, 2, 75
"c:\Users\Marlowe\Desktop\ProjectBible\external-repos\and-bible\play\description-translations\my-MM.yml", "YAML", 0, 0, 0, 0, 52, 0, 0, 0, 0, 0, 0, 0, 0, 0, 0, 0, 0, 0, 0, 0, 0, 0, 0, 0, 0, 0, 0, 0, 0, 0, 0, 0, 0, 0, 0, 0, 0, 0, 15, 1, 68
"c:\Users\Marlowe\Desktop\ProjectBible\external-repos\and-bible\play\description-translations\nl-NL.yml", "YAML", 0, 0, 0, 0, 58, 0, 0, 0, 0, 0, 0, 0, 0, 0, 0, 0, 0, 0, 0, 0, 0, 0, 0, 0, 0, 0, 0, 0, 0, 0, 0, 0, 0, 0, 0, 0, 0, 0, 15, 1, 74
"c:\Users\Marlowe\Desktop\ProjectBible\external-repos\and-bible\play\description-translations\no-NO.yml", "YAML", 0, 0, 0, 0, 52, 0, 0, 0, 0, 0, 0, 0, 0, 0, 0, 0, 0, 0, 0, 0, 0, 0, 0, 0, 0, 0, 0, 0, 0, 0, 0, 0, 0, 0, 0, 0, 0, 0, 15, 1, 68
"c:\Users\Marlowe\Desktop\ProjectBible\external-repos\and-bible\play\description-translations\pl-PL.yml", "YAML", 0, 0, 0, 0, 58, 0, 0, 0, 0, 0, 0, 0, 0, 0, 0, 0, 0, 0, 0, 0, 0, 0, 0, 0, 0, 0, 0, 0, 0, 0, 0, 0, 0, 0, 0, 0, 0, 0, 15, 1, 74
"c:\Users\Marlowe\Desktop\ProjectBible\external-repos\and-bible\play\description-translations\pt-BR.yml", "YAML", 0, 0, 0, 0, 58, 0, 0, 0, 0, 0, 0, 0, 0, 0, 0, 0, 0, 0, 0, 0, 0, 0, 0, 0, 0, 0, 0, 0, 0, 0, 0, 0, 0, 0, 0, 0, 0, 0, 15, 2, 75
"c:\Users\Marlowe\Desktop\ProjectBible\external-repos\and-bible\play\description-translations\pt-PT.yml", "YAML", 0, 0, 0, 0, 58, 0, 0, 0, 0, 0, 0, 0, 0, 0, 0, 0, 0, 0, 0, 0, 0, 0, 0, 0, 0, 0, 0, 0, 0, 0, 0, 0, 0, 0, 0, 0, 0, 0, 15, 2, 75
"c:\Users\Marlowe\Desktop\ProjectBible\external-repos\and-bible\play\description-translations\ro.yml", "YAML", 0, 0, 0, 0, 58, 0, 0, 0, 0, 0, 0, 0, 0, 0, 0, 0, 0, 0, 0, 0, 0, 0, 0, 0, 0, 0, 0, 0, 0, 0, 0, 0, 0, 0, 0, 0, 0, 0, 15, 1, 74
"c:\Users\Marlowe\Desktop\ProjectBible\external-repos\and-bible\play\description-translations\ru-RU.yml", "YAML", 0, 0, 0, 0, 58, 0, 0, 0, 0, 0, 0, 0, 0, 0, 0, 0, 0, 0, 0, 0, 0, 0, 0, 0, 0, 0, 0, 0, 0, 0, 0, 0, 0, 0, 0, 0, 0, 0, 15, 1, 74
"c:\Users\Marlowe\Desktop\ProjectBible\external-repos\and-bible\play\description-translations\sk.yml", "YAML", 0, 0, 0, 0, 58, 0, 0, 0, 0, 0, 0, 0, 0, 0, 0, 0, 0, 0, 0, 0, 0, 0, 0, 0, 0, 0, 0, 0, 0, 0, 0, 0, 0, 0, 0, 0, 0, 0, 15, 1, 74
"c:\Users\Marlowe\Desktop\ProjectBible\external-repos\and-bible\play\description-translations\sl.yml", "YAML", 0, 0, 0, 0, 58, 0, 0, 0, 0, 0, 0, 0, 0, 0, 0, 0, 0, 0, 0, 0, 0, 0, 0, 0, 0, 0, 0, 0, 0, 0, 0, 0, 0, 0, 0, 0, 0, 0, 15, 1, 74
"c:\Users\Marlowe\Desktop\ProjectBible\external-repos\and-bible\play\description-translations\sr.yml", "YAML", 0, 0, 0, 0, 58, 0, 0, 0, 0, 0, 0, 0, 0, 0, 0, 0, 0, 0, 0, 0, 0, 0, 0, 0, 0, 0, 0, 0, 0, 0, 0, 0, 0, 0, 0, 0, 0, 0, 15, 1, 74
"c:\Users\Marlowe\Desktop\ProjectBible\external-repos\and-bible\play\description-translations\sv-SE.yml", "YAML", 0, 0, 0, 0, 58, 0, 0, 0, 0, 0, 0, 0, 0, 0, 0, 0, 0, 0, 0, 0, 0, 0, 0, 0, 0, 0, 0, 0, 0, 0, 0, 0, 0, 0, 0, 0, 0, 0, 15, 1, 74
"c:\Users\Marlowe\Desktop\ProjectBible\external-repos\and-bible\play\description-translations\ta-IN.yml", "YAML", 0, 0, 0, 0, 58, 0, 0, 0, 0, 0, 0, 0, 0, 0, 0, 0, 0, 0, 0, 0, 0, 0, 0, 0, 0, 0, 0, 0, 0, 0, 0, 0, 0, 0, 0, 0, 0, 0, 15, 3, 76
"c:\Users\Marlowe\Desktop\ProjectBible\external-repos\and-bible\play\description-translations\te-IN.yml", "YAML", 0, 0, 0, 0, 58, 0, 0, 0, 0, 0, 0, 0, 0, 0, 0, 0, 0, 0, 0, 0, 0, 0, 0, 0, 0, 0, 0, 0, 0, 0, 0, 0, 0, 0, 0, 0, 0, 0, 15, 3, 76
"c:\Users\Marlowe\Desktop\ProjectBible\external-repos\and-bible\play\description-translations\tr-TR.yml", "YAML", 0, 0, 0, 0, 60, 0, 0, 0, 0, 0, 0, 0, 0, 0, 0, 0, 0, 0, 0, 0, 0, 0, 0, 0, 0, 0, 0, 0, 0, 0, 0, 0, 0, 0, 0, 0, 0, 0, 15, 1, 76
"c:\Users\Marlowe\Desktop\ProjectBible\external-repos\and-bible\play\description-translations\uk.yml", "YAML", 0, 0, 0, 0, 58, 0, 0, 0, 0, 0, 0, 0, 0, 0, 0, 0, 0, 0, 0, 0, 0, 0, 0, 0, 0, 0, 0, 0, 0, 0, 0, 0, 0, 0, 0, 0, 0, 0, 15, 1, 74
"c:\Users\Marlowe\Desktop\ProjectBible\external-repos\and-bible\play\description-translations\yue.yml", "YAML", 0, 0, 0, 0, 58, 0, 0, 0, 0, 0, 0, 0, 0, 0, 0, 0, 0, 0, 0, 0, 0, 0, 0, 0, 0, 0, 0, 0, 0, 0, 0, 0, 0, 0, 0, 0, 0, 0, 15, 1, 74
"c:\Users\Marlowe\Desktop\ProjectBible\external-repos\and-bible\play\description-translations\zh-CN.yml", "YAML", 0, 0, 0, 0, 58, 0, 0, 0, 0, 0, 0, 0, 0, 0, 0, 0, 0, 0, 0, 0, 0, 0, 0, 0, 0, 0, 0, 0, 0, 0, 0, 0, 0, 0, 0, 0, 0, 0, 15, 1, 74
"c:\Users\Marlowe\Desktop\ProjectBible\external-repos\and-bible\play\description-translations\zh-TW.yml", "YAML", 0, 0, 0, 0, 58, 0, 0, 0, 0, 0, 0, 0, 0, 0, 0, 0, 0, 0, 0, 0, 0, 0, 0, 0, 0, 0, 0, 0, 0, 0, 0, 0, 0, 0, 0, 0, 0, 0, 15, 1, 74
"c:\Users\Marlowe\Desktop\ProjectBible\external-repos\and-bible\play\homepage_template.html", "HTML", 0, 0, 0, 0, 0, 150, 0, 0, 0, 0, 0, 0, 0, 0, 0, 0, 0, 0, 0, 0, 0, 0, 0, 0, 0, 0, 0, 0, 0, 0, 0, 0, 0, 0, 0, 0, 0, 0, 23, 34, 207
"c:\Users\Marlowe\Desktop\ProjectBible\external-repos\and-bible\play\playstore-description.yml", "YAML", 0, 0, 0, 0, 72, 0, 0, 0, 0, 0, 0, 0, 0, 0, 0, 0, 0, 0, 0, 0, 0, 0, 0, 0, 0, 0, 0, 0, 0, 0, 0, 0, 0, 0, 0, 0, 0, 0, 15, 1, 88
"c:\Users\Marlowe\Desktop\ProjectBible\external-repos\and-bible\scripts\build-accrescent.sh", "Shell Script", 0, 0, 0, 0, 0, 0, 0, 0, 0, 0, 0, 0, 0, 0, 0, 0, 0, 82, 0, 0, 0, 0, 0, 0, 0, 0, 0, 0, 0, 0, 0, 0, 0, 0, 0, 0, 0, 0, 24, 22, 128
"c:\Users\Marlowe\Desktop\ProjectBible\external-repos\and-bible\scripts\convert_fontawesome_to_android.py", "Python", 0, 0, 0, 0, 0, 0, 0, 88, 0, 0, 0, 0, 0, 0, 0, 0, 0, 0, 0, 0, 0, 0, 0, 0, 0, 0, 0, 0, 0, 0, 0, 0, 0, 0, 0, 0, 0, 0, 11, 15, 114
"c:\Users\Marlowe\Desktop\ProjectBible\external-repos\and-bible\scripts\increment-version.sh", "Shell Script", 0, 0, 0, 0, 0, 0, 0, 0, 0, 0, 0, 0, 0, 0, 0, 0, 0, 100, 0, 0, 0, 0, 0, 0, 0, 0, 0, 0, 0, 0, 0, 0, 0, 0, 0, 0, 0, 0, 21, 29, 150
"c:\Users\Marlowe\Desktop\ProjectBible\external-repos\and-bible\svg\ichtys.svg", "XML", 0, 0, 0, 0, 0, 0, 0, 0, 0, 0, 0, 0, 0, 0, 66, 0, 0, 0, 0, 0, 0, 0, 0, 0, 0, 0, 0, 0, 0, 0, 0, 0, 0, 0, 0, 0, 0, 0, 17, 3, 86
"c:\Users\Marlowe\Desktop\ProjectBible\external-repos\and-bible\svg\logo.svg", "XML", 0, 0, 0, 0, 0, 0, 0, 0, 0, 0, 0, 0, 0, 0, 291, 0, 0, 0, 0, 0, 0, 0, 0, 0, 0, 0, 0, 0, 0, 0, 0, 0, 0, 0, 0, 0, 0, 0, 17, 3, 311
"c:\Users\Marlowe\Desktop\ProjectBible\external-repos\bible-commentary\Gemfile", "Ruby", 0, 0, 0, 0, 0, 0, 0, 0, 0, 0, 0, 0, 0, 0, 0, 0, 0, 0, 0, 0, 0, 0, 0, 0, 0, 0, 0, 0, 0, 0, 0, 2, 0, 0, 0, 0, 0, 0, 4, 2, 8
"c:\Users\Marlowe\Desktop\ProjectBible\external-repos\bible-commentary\Makefile", "Makefile", 0, 0, 0, 0, 0, 0, 0, 0, 0, 0, 0, 0, 4, 0, 0, 0, 0, 0, 0, 0, 0, 0, 0, 0, 0, 0, 0, 0, 0, 0, 0, 0, 0, 0, 0, 0, 0, 0, 0, 2, 6
"c:\Users\Marlowe\Desktop\ProjectBible\external-repos\bible-commentary\Notes\Genesis ancient science.md", "Markdown", 3, 0, 0, 0, 0, 0, 0, 0, 0, 0, 0, 0, 0, 0, 0, 0, 0, 0, 0, 0, 0, 0, 0, 0, 0, 0, 0, 0, 0, 0, 0, 0, 0, 0, 0, 0, 0, 0, 0, 3, 6
"c:\Users\Marlowe\Desktop\ProjectBible\external-repos\bible-commentary\Notes\OT Calendar.md", "Markdown", 23, 0, 0, 0, 0, 0, 0, 0, 0, 0, 0, 0, 0, 0, 0, 0, 0, 0, 0, 0, 0, 0, 0, 0, 0, 0, 0, 0, 0, 0, 0, 0, 0, 0, 0, 0, 0, 0, 0, 22, 45
"c:\Users\Marlowe\Desktop\ProjectBible\external-repos\bible-commentary\README.md", "Markdown", 16, 0, 0, 0, 0, 0, 0, 0, 0, 0, 0, 0, 0, 0, 0, 0, 0, 0, 0, 0, 0, 0, 0, 0, 0, 0, 0, 0, 0, 0, 0, 0, 0, 0, 0, 0, 0, 0, 0, 47, 63
"c:\Users\Marlowe\Desktop\ProjectBible\external-repos\bible-commentary\TODO.md", "Markdown", 7, 0, 0, 0, 0, 0, 0, 0, 0, 0, 0, 0, 0, 0, 0, 0, 0, 0, 0, 0, 0, 0, 0, 0, 0, 0, 0, 0, 0, 0, 0, 0, 0, 0, 0, 0, 0, 0, 0, 19, 26
"c:\Users\Marlowe\Desktop\ProjectBible\external-repos\bible-commentary\_config.yml", "YAML", 0, 0, 0, 0, 3, 0, 0, 0, 0, 0, 0, 0, 0, 0, 0, 0, 0, 0, 0, 0, 0, 0, 0, 0, 0, 0, 0, 0, 0, 0, 0, 0, 0, 0, 0, 0, 0, 0, 3, 3, 9
"c:\Users\Marlowe\Desktop\ProjectBible\external-repos\bible-commentary\_layouts\bible-commentary.md", "Markdown", 10, 0, 0, 0, 0, 0, 0, 0, 0, 0, 0, 0, 0, 0, 0, 0, 0, 0, 0, 0, 0, 0, 0, 0, 0, 0, 0, 0, 0, 0, 0, 0, 0, 0, 0, 0, 0, 0, 1, 5, 16
"c:\Users\Marlowe\Desktop\ProjectBible\external-repos\bible-commentary\_layouts\post-pre.md", "Markdown", 10, 0, 0, 0, 0, 0, 0, 0, 0, 0, 0, 0, 0, 0, 0, 0, 0, 0, 0, 0, 0, 0, 0, 0, 0, 0, 0, 0, 0, 0, 0, 0, 0, 0, 0, 0, 0, 0, 0, 3, 13
"c:\Users\Marlowe\Desktop\ProjectBible\external-repos\bible-commentary\_layouts\post.md", "Markdown", 5, 0, 0, 0, 0, 0, 0, 0, 0, 0, 0, 0, 0, 0, 0, 0, 0, 0, 0, 0, 0, 0, 0, 0, 0, 0, 0, 0, 0, 0, 0, 0, 0, 0, 0, 0, 0, 0, 0, 2, 7
"c:\Users\Marlowe\Desktop\ProjectBible\external-repos\bible-commentary\articles\bible-expressions.md", "Markdown", 43, 0, 0, 0, 0, 0, 0, 0, 0, 0, 0, 0, 0, 0, 0, 0, 0, 0, 0, 0, 0, 0, 0, 0, 0, 0, 0, 0, 0, 0, 0, 0, 0, 0, 0, 0, 0, 0, 0, 8, 51
"c:\Users\Marlowe\Desktop\ProjectBible\external-repos\bible-commentary\articles\digest\_posts\2020-01-01-Martin_Luther_95_Theses.md", "Markdown", 31, 0, 0, 0, 0, 0, 0, 0, 0, 0, 0, 0, 0, 0, 0, 0, 0, 0, 0, 0, 0, 0, 0, 0, 0, 0, 0, 0, 0, 0, 0, 0, 0, 0, 0, 0, 0, 0, 0, 29, 60
"c:\Users\Marlowe\Desktop\ProjectBible\external-repos\bible-commentary\articles\digest\_posts\2020-01-02-Pravoslavny_Katehizis.md", "Markdown", 375, 0, 0, 0, 0, 0, 0, 0, 0, 0, 0, 0, 0, 0, 0, 0, 0, 0, 0, 0, 0, 0, 0, 0, 0, 0, 0, 0, 0, 0, 0, 0, 0, 0, 0, 0, 0, 0, 0, 186, 561
"c:\Users\Marlowe\Desktop\ProjectBible\external-repos\bible-commentary\articles\digest\_posts\2020-01-03-Protestantam_o_Pravoslavii.md", "Markdown", 169, 0, 0, 0, 0, 0, 0, 0, 0, 0, 0, 0, 0, 0, 0, 0, 0, 0, 0, 0, 0, 0, 0, 0, 0, 0, 0, 0, 0, 0, 0, 0, 0, 0, 0, 0, 0, 0, 0, 332, 501
"c:\Users\Marlowe\Desktop\ProjectBible\external-repos\bible-commentary\articles\digest\_posts\2020-01-04-Brak-po-Tore.md", "Markdown", 26, 0, 0, 0, 0, 0, 0, 0, 0, 0, 0, 0, 0, 0, 0, 0, 0, 0, 0, 0, 0, 0, 0, 0, 0, 0, 0, 0, 0, 0, 0, 0, 0, 0, 0, 0, 0, 0, 0, 15, 41
"c:\Users\Marlowe\Desktop\ProjectBible\external-repos\bible-commentary\articles\digest\_posts\2020-01-05-Missionery-v-Indonezii.md", "Markdown", 18, 0, 0, 0, 0, 0, 0, 0, 0, 0, 0, 0, 0, 0, 0, 0, 0, 0, 0, 0, 0, 0, 0, 0, 0, 0, 0, 0, 0, 0, 0, 0, 0, 0, 0, 0, 0, 0, 0, 10, 28
"c:\Users\Marlowe\Desktop\ProjectBible\external-repos\bible-commentary\articles\digest\_posts\2020-01-06-Arhimandrit-Andrey-ob-Iskrennosti.md", "Markdown", 23, 0, 0, 0, 0, 0, 0, 0, 0, 0, 0, 0, 0, 0, 0, 0, 0, 0, 0, 0, 0, 0, 0, 0, 0, 0, 0, 0, 0, 0, 0, 0, 0, 0, 0, 0, 0, 0, 0, 5, 28
"c:\Users\Marlowe\Desktop\ProjectBible\external-repos\bible-commentary\articles\digest\_posts\2020-01-07-MacArthur-Chto-Mozet-Sohranit-Semju.md", "Markdown", 16, 0, 0, 0, 0, 0, 0, 0, 0, 0, 0, 0, 0, 0, 0, 0, 0, 0, 0, 0, 0, 0, 0, 0, 0, 0, 0, 0, 0, 0, 0, 0, 0, 0, 0, 0, 0, 0, 0, 12, 28
"c:\Users\Marlowe\Desktop\ProjectBible\external-repos\bible-commentary\articles\digest\_posts\2020-01-08-MacArthur-Love.md", "Markdown", 248, 0, 0, 0, 0, 0, 0, 0, 0, 0, 0, 0, 0, 0, 0, 0, 0, 0, 0, 0, 0, 0, 0, 0, 0, 0, 0, 0, 0, 0, 0, 0, 0, 0, 0, 0, 0, 0, 0, 202, 450
"c:\Users\Marlowe\Desktop\ProjectBible\external-repos\bible-commentary\articles\digest\_posts\2020-01-09-MacArhur-Perseverance-of-the-Saints.md", "Markdown", 21, 0, 0, 0, 0, 0, 0, 0, 0, 0, 0, 0, 0, 0, 0, 0, 0, 0, 0, 0, 0, 0, 0, 0, 0, 0, 0, 0, 0, 0, 0, 0, 0, 0, 0, 0, 0, 0, 0, 16, 37
"c:\Users\Marlowe\Desktop\ProjectBible\external-repos\bible-commentary\articles\digest\_posts\2020-01-10-MacArthur-How-to-Discern-Gods-Will.md", "Markdown", 29, 0, 0, 0, 0, 0, 0, 0, 0, 0, 0, 0, 0, 0, 0, 0, 0, 0, 0, 0, 0, 0, 0, 0, 0, 0, 0, 0, 0, 0, 0, 0, 0, 0, 0, 0, 0, 0, 0, 18, 47
"c:\Users\Marlowe\Desktop\ProjectBible\external-repos\bible-commentary\articles\digest\_posts\2020-01-10-MacArthur-Pharisees-Sadducees-Essenes.md", "Markdown", 16, 0, 0, 0, 0, 0, 0, 0, 0, 0, 0, 0, 0, 0, 0, 0, 0, 0, 0, 0, 0, 0, 0, 0, 0, 0, 0, 0, 0, 0, 0, 0, 0, 0, 0, 0, 0, 0, 0, 13, 29
"c:\Users\Marlowe\Desktop\ProjectBible\external-repos\bible-commentary\articles\digest\_posts\2020-01-11-Satanism.md", "Markdown", 51, 0, 0, 0, 0, 0, 0, 0, 0, 0, 0, 0, 0, 0, 0, 0, 0, 0, 0, 0, 0, 0, 0, 0, 0, 0, 0, 0, 0, 0, 0, 0, 0, 0, 0, 0, 0, 0, 0, 13, 64
"c:\Users\Marlowe\Desktop\ProjectBible\external-repos\bible-commentary\articles\digest\_posts\2020-01-12-Pravoslavie-o-Protestantah.md", "Markdown", 44, 0, 0, 0, 0, 0, 0, 0, 0, 0, 0, 0, 0, 0, 0, 0, 0, 0, 0, 0, 0, 0, 0, 0, 0, 0, 0, 0, 0, 0, 0, 0, 0, 0, 0, 0, 0, 0, 0, 34, 78
"c:\Users\Marlowe\Desktop\ProjectBible\external-repos\bible-commentary\articles\digest\_posts\2020-01-13-Andronik-Pantak-Notes.md", "Markdown", 21, 0, 0, 0, 0, 0, 0, 0, 0, 0, 0, 0, 0, 0, 0, 0, 0, 0, 0, 0, 0, 0, 0, 0, 0, 0, 0, 0, 0, 0, 0, 0, 0, 0, 0, 0, 0, 0, 0, 12, 33
"c:\Users\Marlowe\Desktop\ProjectBible\external-repos\bible-commentary\articles\digest\_posts\2020-01-13-Andronik-Pantak-Zhenshiny-i-Poezda.md", "Markdown", 44, 0, 0, 0, 0, 0, 0, 0, 0, 0, 0, 0, 0, 0, 0, 0, 0, 0, 0, 0, 0, 0, 0, 0, 0, 0, 0, 0, 0, 0, 0, 0, 0, 0, 0, 0, 0, 0, 0, 29, 73
"c:\Users\Marlowe\Desktop\ProjectBible\external-repos\bible-commentary\articles\digest\_posts\2020-01-14-MacArthur-How-to-make-Decisions.md", "Markdown", 23, 0, 0, 0, 0, 0, 0, 0, 0, 0, 0, 0, 0, 0, 0, 0, 0, 0, 0, 0, 0, 0, 0, 0, 0, 0, 0, 0, 0, 0, 0, 0, 0, 0, 0, 0, 0, 0, 0, 13, 36
"c:\Users\Marlowe\Desktop\ProjectBible\external-repos\bible-commentary\articles\digest\_posts\2020-01-15-Yana-Kapaeva-o-Terpenii.md", "Markdown", 24, 0, 0, 0, 0, 0, 0, 0, 0, 0, 0, 0, 0, 0, 0, 0, 0, 0, 0, 0, 0, 0, 0, 0, 0, 0, 0, 0, 0, 0, 0, 0, 0, 0, 0, 0, 0, 0, 0, 3, 27
"c:\Users\Marlowe\Desktop\ProjectBible\external-repos\bible-commentary\articles\digest\_posts\2020-01-16-CS-Lewis-Nice-People.md", "Markdown", 42, 0, 0, 0, 0, 0, 0, 0, 0, 0, 0, 0, 0, 0, 0, 0, 0, 0, 0, 0, 0, 0, 0, 0, 0, 0, 0, 0, 0, 0, 0, 0, 0, 0, 0, 0, 0, 0, 0, 31, 73
"c:\Users\Marlowe\Desktop\ProjectBible\external-repos\bible-commentary\articles\digest\_posts\2020-01-17-Feofan-Zatvornik-Put-ko-Spaseniyu.md", "Markdown", 53, 0, 0, 0, 0, 0, 0, 0, 0, 0, 0, 0, 0, 0, 0, 0, 0, 0, 0, 0, 0, 0, 0, 0, 0, 0, 0, 0, 0, 0, 0, 0, 0, 0, 0, 0, 0, 0, 0, 54, 107
"c:\Users\Marlowe\Desktop\ProjectBible\external-repos\bible-commentary\articles\digest\_posts\2020-01-18-MacArthur-Trials.md", "Markdown", 39, 0, 0, 0, 0, 0, 0, 0, 0, 0, 0, 0, 0, 0, 0, 0, 0, 0, 0, 0, 0, 0, 0, 0, 0, 0, 0, 0, 0, 0, 0, 0, 0, 0, 0, 0, 0, 0, 0, 39, 78
"c:\Users\Marlowe\Desktop\ProjectBible\external-repos\bible-commentary\articles\digest\_posts\2020-01-18-MacArthur-Why-God-Allows-Suffering.md", "Markdown", 53, 0, 0, 0, 0, 0, 0, 0, 0, 0, 0, 0, 0, 0, 0, 0, 0, 0, 0, 0, 0, 0, 0, 0, 0, 0, 0, 0, 0, 0, 0, 0, 0, 0, 0, 0, 0, 0, 0, 37, 90
"c:\Users\Marlowe\Desktop\ProjectBible\external-repos\bible-commentary\articles\digest\_posts\2020-01-19-Nevypolnimye-Zapovedi.md", "Markdown", 17, 0, 0, 0, 0, 0, 0, 0, 0, 0, 0, 0, 0, 0, 0, 0, 0, 0, 0, 0, 0, 0, 0, 0, 0, 0, 0, 0, 0, 0, 0, 0, 0, 0, 0, 0, 0, 0, 0, 15, 32
"c:\Users\Marlowe\Desktop\ProjectBible\external-repos\bible-commentary\articles\digest\_posts\2021-01-01-Osipov-o-Detskom-Kreshenii.md", "Markdown", 20, 0, 0, 0, 0, 0, 0, 0, 0, 0, 0, 0, 0, 0, 0, 0, 0, 0, 0, 0, 0, 0, 0, 0, 0, 0, 0, 0, 0, 0, 0, 0, 0, 0, 0, 0, 0, 0, 0, 20, 40
"c:\Users\Marlowe\Desktop\ProjectBible\external-repos\bible-commentary\articles\digest\_posts\2021-01-02-Osipov-o-Vneshnem-Hristianstve.md", "Markdown", 9, 0, 0, 0, 0, 0, 0, 0, 0, 0, 0, 0, 0, 0, 0, 0, 0, 0, 0, 0, 0, 0, 0, 0, 0, 0, 0, 0, 0, 0, 0, 0, 0, 0, 0, 0, 0, 0, 0, 6, 15
"c:\Users\Marlowe\Desktop\ProjectBible\external-repos\bible-commentary\articles\digest\_posts\2021-01-03-Osipov-o-Proshennom-Vore.md", "Markdown", 25, 0, 0, 0, 0, 0, 0, 0, 0, 0, 0, 0, 0, 0, 0, 0, 0, 0, 0, 0, 0, 0, 0, 0, 0, 0, 0, 0, 0, 0, 0, 0, 0, 0, 0, 0, 0, 0, 0, 10, 35
"c:\Users\Marlowe\Desktop\ProjectBible\external-repos\bible-commentary\articles\digest\_posts\2021-01-04-Osipov-Notes.md", "Markdown", 89, 0, 0, 0, 0, 0, 0, 0, 0, 0, 0, 0, 0, 0, 0, 0, 0, 0, 0, 0, 0, 0, 0, 0, 0, 0, 0, 0, 0, 0, 0, 0, 0, 0, 0, 0, 0, 0, 0, 43, 132
"c:\Users\Marlowe\Desktop\ProjectBible\external-repos\bible-commentary\articles\digest\_posts\2022-02-23-Myrotochenie.md", "Markdown", 17, 0, 0, 0, 0, 0, 0, 0, 0, 0, 0, 0, 0, 0, 0, 0, 0, 0, 0, 0, 0, 0, 0, 0, 0, 0, 0, 0, 0, 0, 0, 0, 0, 0, 0, 0, 0, 0, 0, 15, 32
"c:\Users\Marlowe\Desktop\ProjectBible\external-repos\bible-commentary\articles\digest\_posts\2023-11-27-Bezbrachie.md", "Markdown", 206, 0, 0, 0, 0, 0, 0, 0, 0, 0, 0, 0, 0, 0, 0, 0, 0, 0, 0, 0, 0, 0, 0, 0, 0, 0, 0, 0, 0, 0, 0, 0, 0, 0, 0, 0, 0, 0, 0, 198, 404
"c:\Users\Marlowe\Desktop\ProjectBible\external-repos\bible-commentary\articles\digest\_posts\2023-12-02-AndronikPantak-Smirenie.md", "Markdown", 99, 0, 0, 0, 0, 0, 0, 0, 0, 0, 0, 0, 0, 0, 0, 0, 0, 0, 0, 0, 0, 0, 0, 0, 0, 0, 0, 0, 0, 0, 0, 0, 0, 0, 0, 0, 0, 0, 0, 61, 160
"c:\Users\Marlowe\Desktop\ProjectBible\external-repos\bible-commentary\articles\digest\index.md", "Markdown", 8, 0, 0, 0, 0, 0, 0, 0, 0, 0, 0, 0, 0, 0, 0, 0, 0, 0, 0, 0, 0, 0, 0, 0, 0, 0, 0, 0, 0, 0, 0, 0, 0, 0, 0, 0, 0, 0, 0, 2, 10
"c:\Users\Marlowe\Desktop\ProjectBible\external-repos\bible-commentary\articles\index.md", "Markdown", 12, 0, 0, 0, 0, 0, 0, 0, 0, 0, 0, 0, 0, 0, 0, 0, 0, 0, 0, 0, 0, 0, 0, 0, 0, 0, 0, 0, 0, 0, 0, 0, 0, 0, 0, 0, 0, 0, 0, 4, 16
"c:\Users\Marlowe\Desktop\ProjectBible\external-repos\bible-commentary\articles\lectures\_posts\2021-01-01-Zubov-Hristianstvo.md", "Markdown", 458, 0, 0, 0, 0, 0, 0, 0, 0, 0, 0, 0, 0, 0, 0, 0, 0, 0, 0, 0, 0, 0, 0, 0, 0, 0, 0, 0, 0, 0, 0, 0, 0, 0, 0, 0, 0, 0, 0, 91, 549
"c:\Users\Marlowe\Desktop\ProjectBible\external-repos\bible-commentary\articles\lectures\_posts\2021-01-01-Zubov-Istoriya-Religii.md", "Markdown", 414, 0, 0, 0, 0, 0, 0, 0, 0, 0, 0, 0, 0, 0, 0, 0, 0, 0, 0, 0, 0, 0, 0, 0, 0, 0, 0, 0, 0, 0, 0, 0, 0, 0, 0, 0, 0, 0, 0, 456, 870
"c:\Users\Marlowe\Desktop\ProjectBible\external-repos\bible-commentary\articles\lectures\index.md", "Markdown", 8, 0, 0, 0, 0, 0, 0, 0, 0, 0, 0, 0, 0, 0, 0, 0, 0, 0, 0, 0, 0, 0, 0, 0, 0, 0, 0, 0, 0, 0, 0, 0, 0, 0, 0, 0, 0, 0, 0, 2, 10
"c:\Users\Marlowe\Desktop\ProjectBible\external-repos\bible-commentary\articles\note\_posts\2019-01-01-Kogo-Nazyvat-Otcom.md", "Markdown", 19, 0, 0, 0, 0, 0, 0, 0, 0, 0, 0, 0, 0, 0, 0, 0, 0, 0, 0, 0, 0, 0, 0, 0, 0, 0, 0, 0, 0, 0, 0, 0, 0, 0, 0, 0, 0, 0, 0, 10, 29
"c:\Users\Marlowe\Desktop\ProjectBible\external-repos\bible-commentary\articles\note\_posts\2019-01-02-Ne-sudite.md", "Markdown", 12, 0, 0, 0, 0, 0, 0, 0, 0, 0, 0, 0, 0, 0, 0, 0, 0, 0, 0, 0, 0, 0, 0, 0, 0, 0, 0, 0, 0, 0, 0, 0, 0, 0, 0, 0, 0, 0, 0, 7, 19
"c:\Users\Marlowe\Desktop\ProjectBible\external-repos\bible-commentary\articles\note\_posts\2019-01-03-Papa-Rimsky-Pomenyal-Slova-Molitvy.md", "Markdown", 19, 0, 0, 0, 0, 0, 0, 0, 0, 0, 0, 0, 0, 0, 0, 0, 0, 0, 0, 0, 0, 0, 0, 0, 0, 0, 0, 0, 0, 0, 0, 0, 0, 0, 0, 0, 0, 0, 0, 20, 39
"c:\Users\Marlowe\Desktop\ProjectBible\external-repos\bible-commentary\articles\note\_posts\2019-01-04-Vse-Sogreshili.md", "Markdown", 11, 0, 0, 0, 0, 0, 0, 0, 0, 0, 0, 0, 0, 0, 0, 0, 0, 0, 0, 0, 0, 0, 0, 0, 0, 0, 0, 0, 0, 0, 0, 0, 0, 0, 0, 0, 0, 0, 0, 4, 15
"c:\Users\Marlowe\Desktop\ProjectBible\external-repos\bible-commentary\articles\note\_posts\2019-01-05-Posle-Smerti.md", "Markdown", 16, 0, 0, 0, 0, 0, 0, 0, 0, 0, 0, 0, 0, 0, 0, 0, 0, 0, 0, 0, 0, 0, 0, 0, 0, 0, 0, 0, 0, 0, 0, 0, 0, 0, 0, 0, 0, 0, 0, 5, 21
"c:\Users\Marlowe\Desktop\ProjectBible\external-repos\bible-commentary\articles\note\_posts\2019-01-06-Molitvy-k-Svyatym.md", "Markdown", 39, 0, 0, 0, 0, 0, 0, 0, 0, 0, 0, 0, 0, 0, 0, 0, 0, 0, 0, 0, 0, 0, 0, 0, 0, 0, 0, 0, 0, 0, 0, 0, 0, 0, 0, 0, 0, 0, 0, 22, 61
"c:\Users\Marlowe\Desktop\ProjectBible\external-repos\bible-commentary\articles\note\_posts\2019-01-07-Magic.md", "Markdown", 29, 0, 0, 0, 0, 0, 0, 0, 0, 0, 0, 0, 0, 0, 0, 0, 0, 0, 0, 0, 0, 0, 0, 0, 0, 0, 0, 0, 0, 0, 0, 0, 0, 0, 0, 0, 0, 0, 0, 17, 46
"c:\Users\Marlowe\Desktop\ProjectBible\external-repos\bible-commentary\articles\note\_posts\2019-01-08-Dobro-Vragam.md", "Markdown", 35, 0, 0, 0, 0, 0, 0, 0, 0, 0, 0, 0, 0, 0, 0, 0, 0, 0, 0, 0, 0, 0, 0, 0, 0, 0, 0, 0, 0, 0, 0, 0, 0, 0, 0, 0, 0, 0, 0, 16, 51
"c:\Users\Marlowe\Desktop\ProjectBible\external-repos\bible-commentary\articles\note\_posts\2019-01-09-Jesus-Age-Child-Magi.md", "Markdown", 20, 0, 0, 0, 0, 0, 0, 0, 0, 0, 0, 0, 0, 0, 0, 0, 0, 0, 0, 0, 0, 0, 0, 0, 0, 0, 0, 0, 0, 0, 0, 0, 0, 0, 0, 0, 0, 0, 0, 8, 28
"c:\Users\Marlowe\Desktop\ProjectBible\external-repos\bible-commentary\articles\note\_posts\2020-01-01-Jesus-Vinogradnaya-Loza.md", "Markdown", 77, 0, 0, 0, 0, 0, 0, 0, 0, 0, 0, 0, 0, 0, 0, 0, 0, 0, 0, 0, 0, 0, 0, 0, 0, 0, 0, 0, 0, 0, 0, 0, 0, 0, 0, 0, 0, 0, 0, 73, 150
"c:\Users\Marlowe\Desktop\ProjectBible\external-repos\bible-commentary\articles\note\_posts\2020-01-02-Jesus-Zhivet-v-Nas.md", "Markdown", 41, 0, 0, 0, 0, 0, 0, 0, 0, 0, 0, 0, 0, 0, 0, 0, 0, 0, 0, 0, 0, 0, 0, 0, 0, 0, 0, 0, 0, 0, 0, 0, 0, 0, 0, 0, 0, 0, 0, 18, 59
"c:\Users\Marlowe\Desktop\ProjectBible\external-repos\bible-commentary\articles\note\_posts\2020-01-03-Brak-Razvod-Roli.md", "Markdown", 37, 0, 0, 0, 0, 0, 0, 0, 0, 0, 0, 0, 0, 0, 0, 0, 0, 0, 0, 0, 0, 0, 0, 0, 0, 0, 0, 0, 0, 0, 0, 0, 0, 0, 0, 0, 0, 0, 0, 14, 51
"c:\Users\Marlowe\Desktop\ProjectBible\external-repos\bible-commentary\articles\note\_posts\2020-01-04-Christmas-Viktorina.md", "Markdown", 34, 0, 0, 0, 0, 0, 0, 0, 0, 0, 0, 0, 0, 0, 0, 0, 0, 0, 0, 0, 0, 0, 0, 0, 0, 0, 0, 0, 0, 0, 0, 0, 0, 0, 0, 0, 0, 0, 0, 24, 58
"c:\Users\Marlowe\Desktop\ProjectBible\external-repos\bible-commentary\articles\note\_posts\2020-01-05-Dengi-Koren-Zla-no-v-Radost.md", "Markdown", 29, 0, 0, 0, 0, 0, 0, 0, 0, 0, 0, 0, 0, 0, 0, 0, 0, 0, 0, 0, 0, 0, 0, 0, 0, 0, 0, 0, 0, 0, 0, 0, 0, 0, 0, 0, 0, 0, 0, 18, 47
"c:\Users\Marlowe\Desktop\ProjectBible\external-repos\bible-commentary\articles\note\_posts\2020-01-06-Kreshenie-i-Pustoj-Stakan.md", "Markdown", 14, 0, 0, 0, 0, 0, 0, 0, 0, 0, 0, 0, 0, 0, 0, 0, 0, 0, 0, 0, 0, 0, 0, 0, 0, 0, 0, 0, 0, 0, 0, 0, 0, 0, 0, 0, 0, 0, 0, 10, 24
"c:\Users\Marlowe\Desktop\ProjectBible\external-repos\bible-commentary\articles\note\_posts\2020-01-07-Mir-Sozdan-Zrelym.md", "Markdown", 20, 0, 0, 0, 0, 0, 0, 0, 0, 0, 0, 0, 0, 0, 0, 0, 0, 0, 0, 0, 0, 0, 0, 0, 0, 0, 0, 0, 0, 0, 0, 0, 0, 0, 0, 0, 0, 0, 0, 14, 34
"c:\Users\Marlowe\Desktop\ProjectBible\external-repos\bible-commentary\articles\note\_posts\2021-01-01-Psalm-90.md", "Markdown", 185, 0, 0, 0, 0, 0, 0, 0, 0, 0, 0, 0, 0, 0, 0, 0, 0, 0, 0, 0, 0, 0, 0, 0, 0, 0, 0, 0, 0, 0, 0, 0, 0, 0, 0, 0, 0, 0, 0, 114, 299
"c:\Users\Marlowe\Desktop\ProjectBible\external-repos\bible-commentary\articles\note\_posts\2021-01-02-Ne-Sudite.md", "Markdown", 67, 0, 0, 0, 0, 0, 0, 0, 0, 0, 0, 0, 0, 0, 0, 0, 0, 0, 0, 0, 0, 0, 0, 0, 0, 0, 0, 0, 0, 0, 0, 0, 0, 0, 0, 0, 0, 0, 0, 37, 104
"c:\Users\Marlowe\Desktop\ProjectBible\external-repos\bible-commentary\articles\note\_posts\2021-01-03-Mozhet-Bog-Uderzhivat-Blagoslovenie.md", "Markdown", 23, 0, 0, 0, 0, 0, 0, 0, 0, 0, 0, 0, 0, 0, 0, 0, 0, 0, 0, 0, 0, 0, 0, 0, 0, 0, 0, 0, 0, 0, 0, 0, 0, 0, 0, 0, 0, 0, 0, 12, 35
"c:\Users\Marlowe\Desktop\ProjectBible\external-repos\bible-commentary\articles\note\_posts\2021-01-04-Noah-Flood.md", "Markdown", 34, 0, 0, 0, 0, 0, 0, 0, 0, 0, 0, 0, 0, 0, 0, 0, 0, 0, 0, 0, 0, 0, 0, 0, 0, 0, 0, 0, 0, 0, 0, 0, 0, 0, 0, 0, 0, 0, 0, 15, 49
"c:\Users\Marlowe\Desktop\ProjectBible\external-repos\bible-commentary\articles\note\_posts\2021-01-05-Deti-Angelochki.md", "Markdown", 19, 0, 0, 0, 0, 0, 0, 0, 0, 0, 0, 0, 0, 0, 0, 0, 0, 0, 0, 0, 0, 0, 0, 0, 0, 0, 0, 0, 0, 0, 0, 0, 0, 0, 0, 0, 0, 0, 0, 12, 31
"c:\Users\Marlowe\Desktop\ProjectBible\external-repos\bible-commentary\articles\note\_posts\2021-01-06-Proshenie.md", "Markdown", 41, 0, 0, 0, 0, 0, 0, 0, 0, 0, 0, 0, 0, 0, 0, 0, 0, 0, 0, 0, 0, 0, 0, 0, 0, 0, 0, 0, 0, 0, 0, 0, 0, 0, 0, 0, 0, 0, 0, 26, 67
"c:\Users\Marlowe\Desktop\ProjectBible\external-repos\bible-commentary\articles\note\_posts\2021-01-07-Krestnoe-Znamenie.md", "Markdown", 20, 0, 0, 0, 0, 0, 0, 0, 0, 0, 0, 0, 0, 0, 0, 0, 0, 0, 0, 0, 0, 0, 0, 0, 0, 0, 0, 0, 0, 0, 0, 0, 0, 0, 0, 0, 0, 0, 0, 10, 30
"c:\Users\Marlowe\Desktop\ProjectBible\external-repos\bible-commentary\articles\note\_posts\2021-01-08-John-3.md", "Markdown", 43, 0, 0, 0, 0, 0, 0, 0, 0, 0, 0, 0, 0, 0, 0, 0, 0, 0, 0, 0, 0, 0, 0, 0, 0, 0, 0, 0, 0, 0, 0, 0, 0, 0, 0, 0, 0, 0, 0, 17, 60
"c:\Users\Marlowe\Desktop\ProjectBible\external-repos\bible-commentary\articles\note\_posts\2021-01-09-Shutka-ot-Apostola-Pavla.md", "Markdown", 16, 0, 0, 0, 0, 0, 0, 0, 0, 0, 0, 0, 0, 0, 0, 0, 0, 0, 0, 0, 0, 0, 0, 0, 0, 0, 0, 0, 0, 0, 0, 0, 0, 0, 0, 0, 0, 0, 0, 9, 25
"c:\Users\Marlowe\Desktop\ProjectBible\external-repos\bible-commentary\articles\note\_posts\2021-01-10-Apostoly-Razrugalis.md", "Markdown", 14, 0, 0, 0, 0, 0, 0, 0, 0, 0, 0, 0, 0, 0, 0, 0, 0, 0, 0, 0, 0, 0, 0, 0, 0, 0, 0, 0, 0, 0, 0, 0, 0, 0, 0, 0, 0, 0, 0, 6, 20
"c:\Users\Marlowe\Desktop\ProjectBible\external-repos\bible-commentary\articles\note\_posts\2022-01-01-Gomoseksualizm.md", "Markdown", 13, 0, 0, 0, 0, 0, 0, 0, 0, 0, 0, 0, 0, 0, 0, 0, 0, 0, 0, 0, 0, 0, 0, 0, 0, 0, 0, 0, 0, 0, 0, 0, 0, 0, 0, 0, 0, 0, 0, 12, 25
"c:\Users\Marlowe\Desktop\ProjectBible\external-repos\bible-commentary\articles\note\_posts\2022-01-01-Problema-Zla.md", "Markdown", 13, 0, 0, 0, 0, 0, 0, 0, 0, 0, 0, 0, 0, 0, 0, 0, 0, 0, 0, 0, 0, 0, 0, 0, 0, 0, 0, 0, 0, 0, 0, 0, 0, 0, 0, 0, 0, 0, 0, 3, 16
"c:\Users\Marlowe\Desktop\ProjectBible\external-repos\bible-commentary\articles\note\_posts\2022-10-17-Eucharist.md", "Markdown", 55, 0, 0, 0, 0, 0, 0, 0, 0, 0, 0, 0, 0, 0, 0, 0, 0, 0, 0, 0, 0, 0, 0, 0, 0, 0, 0, 0, 0, 0, 0, 0, 0, 0, 0, 0, 0, 0, 0, 40, 95
"c:\Users\Marlowe\Desktop\ProjectBible\external-repos\bible-commentary\articles\note\index.md", "Markdown", 8, 0, 0, 0, 0, 0, 0, 0, 0, 0, 0, 0, 0, 0, 0, 0, 0, 0, 0, 0, 0, 0, 0, 0, 0, 0, 0, 0, 0, 0, 0, 0, 0, 0, 0, 0, 0, 0, 0, 2, 10
"c:\Users\Marlowe\Desktop\ProjectBible\external-repos\bible-commentary\articles\random-notes.md", "Markdown", 11, 0, 0, 0, 0, 0, 0, 0, 0, 0, 0, 0, 0, 0, 0, 0, 0, 0, 0, 0, 0, 0, 0, 0, 0, 0, 0, 0, 0, 0, 0, 0, 0, 0, 0, 0, 0, 0, 0, 14, 25
"c:\Users\Marlowe\Desktop\ProjectBible\external-repos\bible-commentary\assets\css\style.scss", "SCSS", 0, 0, 0, 0, 0, 0, 0, 0, 0, 0, 0, 0, 0, 0, 0, 0, 0, 0, 0, 0, 0, 0, 0, 0, 0, 0, 0, 0, 0, 0, 0, 0, 12, 0, 0, 0, 0, 0, 3, 5, 20
"c:\Users\Marlowe\Desktop\ProjectBible\external-repos\bible-commentary\bible-commentary\NT\1 Corinthians.md", "Markdown", 248, 0, 0, 0, 0, 0, 0, 0, 0, 0, 0, 0, 0, 0, 0, 0, 0, 0, 0, 0, 0, 0, 0, 0, 0, 0, 0, 0, 0, 0, 0, 0, 0, 0, 0, 0, 0, 0, 0, 125, 373
"c:\Users\Marlowe\Desktop\ProjectBible\external-repos\bible-commentary\bible-commentary\NT\1 John.md", "Markdown", 10, 0, 0, 0, 0, 0, 0, 0, 0, 0, 0, 0, 0, 0, 0, 0, 0, 0, 0, 0, 0, 0, 0, 0, 0, 0, 0, 0, 0, 0, 0, 0, 0, 0, 0, 0, 0, 0, 0, 5, 15
"c:\Users\Marlowe\Desktop\ProjectBible\external-repos\bible-commentary\bible-commentary\NT\1 Peter.md", "Markdown", 11, 0, 0, 0, 0, 0, 0, 0, 0, 0, 0, 0, 0, 0, 0, 0, 0, 0, 0, 0, 0, 0, 0, 0, 0, 0, 0, 0, 0, 0, 0, 0, 0, 0, 0, 0, 0, 0, 0, 7, 18
"c:\Users\Marlowe\Desktop\ProjectBible\external-repos\bible-commentary\bible-commentary\NT\1 Thessalonians.md", "Markdown", 6, 0, 0, 0, 0, 0, 0, 0, 0, 0, 0, 0, 0, 0, 0, 0, 0, 0, 0, 0, 0, 0, 0, 0, 0, 0, 0, 0, 0, 0, 0, 0, 0, 0, 0, 0, 0, 0, 0, 4, 10
"c:\Users\Marlowe\Desktop\ProjectBible\external-repos\bible-commentary\bible-commentary\NT\1 Timothy.md", "Markdown", 14, 0, 0, 0, 0, 0, 0, 0, 0, 0, 0, 0, 0, 0, 0, 0, 0, 0, 0, 0, 0, 0, 0, 0, 0, 0, 0, 0, 0, 0, 0, 0, 0, 0, 0, 0, 0, 0, 0, 7, 21
"c:\Users\Marlowe\Desktop\ProjectBible\external-repos\bible-commentary\bible-commentary\NT\2 Corinthians.md", "Markdown", 28, 0, 0, 0, 0, 0, 0, 0, 0, 0, 0, 0, 0, 0, 0, 0, 0, 0, 0, 0, 0, 0, 0, 0, 0, 0, 0, 0, 0, 0, 0, 0, 0, 0, 0, 0, 0, 0, 0, 13, 41
"c:\Users\Marlowe\Desktop\ProjectBible\external-repos\bible-commentary\bible-commentary\NT\2 John.md", "Markdown", 4, 0, 0, 0, 0, 0, 0, 0, 0, 0, 0, 0, 0, 0, 0, 0, 0, 0, 0, 0, 0, 0, 0, 0, 0, 0, 0, 0, 0, 0, 0, 0, 0, 0, 0, 0, 0, 0, 0, 4, 8
"c:\Users\Marlowe\Desktop\ProjectBible\external-repos\bible-commentary\bible-commentary\NT\2 Peter.md", "Markdown", 5, 0, 0, 0, 0, 0, 0, 0, 0, 0, 0, 0, 0, 0, 0, 0, 0, 0, 0, 0, 0, 0, 0, 0, 0, 0, 0, 0, 0, 0, 0, 0, 0, 0, 0, 0, 0, 0, 0, 4, 9
"c:\Users\Marlowe\Desktop\ProjectBible\external-repos\bible-commentary\bible-commentary\NT\2 Thessalonians.md", "Markdown", 5, 0, 0, 0, 0, 0, 0, 0, 0, 0, 0, 0, 0, 0, 0, 0, 0, 0, 0, 0, 0, 0, 0, 0, 0, 0, 0, 0, 0, 0, 0, 0, 0, 0, 0, 0, 0, 0, 0, 4, 9
"c:\Users\Marlowe\Desktop\ProjectBible\external-repos\bible-commentary\bible-commentary\NT\2 Timothy.md", "Markdown", 5, 0, 0, 0, 0, 0, 0, 0, 0, 0, 0, 0, 0, 0, 0, 0, 0, 0, 0, 0, 0, 0, 0, 0, 0, 0, 0, 0, 0, 0, 0, 0, 0, 0, 0, 0, 0, 0, 0, 4, 9
"c:\Users\Marlowe\Desktop\ProjectBible\external-repos\bible-commentary\bible-commentary\NT\3 John.md", "Markdown", 4, 0, 0, 0, 0, 0, 0, 0, 0, 0, 0, 0, 0, 0, 0, 0, 0, 0, 0, 0, 0, 0, 0, 0, 0, 0, 0, 0, 0, 0, 0, 0, 0, 0, 0, 0, 0, 0, 0, 4, 8
"c:\Users\Marlowe\Desktop\ProjectBible\external-repos\bible-commentary\bible-commentary\NT\Acts.md", "Markdown", 84, 0, 0, 0, 0, 0, 0, 0, 0, 0, 0, 0, 0, 0, 0, 0, 0, 0, 0, 0, 0, 0, 0, 0, 0, 0, 0, 0, 0, 0, 0, 0, 0, 0, 0, 0, 0, 0, 0, 57, 141
"c:\Users\Marlowe\Desktop\ProjectBible\external-repos\bible-commentary\bible-commentary\NT\Colossians.md", "Markdown", 6, 0, 0, 0, 0, 0, 0, 0, 0, 0, 0, 0, 0, 0, 0, 0, 0, 0, 0, 0, 0, 0, 0, 0, 0, 0, 0, 0, 0, 0, 0, 0, 0, 0, 0, 0, 0, 0, 0, 5, 11
"c:\Users\Marlowe\Desktop\ProjectBible\external-repos\bible-commentary\bible-commentary\NT\Ephesians.md", "Markdown", 46, 0, 0, 0, 0, 0, 0, 0, 0, 0, 0, 0, 0, 0, 0, 0, 0, 0, 0, 0, 0, 0, 0, 0, 0, 0, 0, 0, 0, 0, 0, 0, 0, 0, 0, 0, 0, 0, 0, 33, 79
"c:\Users\Marlowe\Desktop\ProjectBible\external-repos\bible-commentary\bible-commentary\NT\Galatians.md", "Markdown", 7, 0, 0, 0, 0, 0, 0, 0, 0, 0, 0, 0, 0, 0, 0, 0, 0, 0, 0, 0, 0, 0, 0, 0, 0, 0, 0, 0, 0, 0, 0, 0, 0, 0, 0, 0, 0, 0, 0, 6, 13
"c:\Users\Marlowe\Desktop\ProjectBible\external-repos\bible-commentary\bible-commentary\NT\Hebrews.md", "Markdown", 11, 0, 0, 0, 0, 0, 0, 0, 0, 0, 0, 0, 0, 0, 0, 0, 0, 0, 0, 0, 0, 0, 0, 0, 0, 0, 0, 0, 0, 0, 0, 0, 0, 0, 0, 0, 0, 0, 0, 5, 16
"c:\Users\Marlowe\Desktop\ProjectBible\external-repos\bible-commentary\bible-commentary\NT\James.md", "Markdown", 63, 0, 0, 0, 0, 0, 0, 0, 0, 0, 0, 0, 0, 0, 0, 0, 0, 0, 0, 0, 0, 0, 0, 0, 0, 0, 0, 0, 0, 0, 0, 0, 0, 0, 0, 0, 0, 0, 0, 35, 98
"c:\Users\Marlowe\Desktop\ProjectBible\external-repos\bible-commentary\bible-commentary\NT\John.md", "Markdown", 2852, 0, 0, 0, 0, 0, 0, 0, 0, 0, 0, 0, 0, 0, 0, 0, 0, 0, 0, 0, 0, 0, 0, 0, 0, 0, 0, 0, 0, 0, 0, 0, 0, 0, 0, 0, 0, 0, 0, 2107, 4959
"c:\Users\Marlowe\Desktop\ProjectBible\external-repos\bible-commentary\bible-commentary\NT\Jude.md", "Markdown", 4, 0, 0, 0, 0, 0, 0, 0, 0, 0, 0, 0, 0, 0, 0, 0, 0, 0, 0, 0, 0, 0, 0, 0, 0, 0, 0, 0, 0, 0, 0, 0, 0, 0, 0, 0, 0, 0, 0, 4, 8
"c:\Users\Marlowe\Desktop\ProjectBible\external-repos\bible-commentary\bible-commentary\NT\Luke.md", "Markdown", 139, 0, 0, 0, 0, 0, 0, 0, 0, 0, 0, 0, 0, 0, 0, 0, 0, 0, 0, 0, 0, 0, 0, 0, 0, 0, 0, 0, 0, 0, 0, 0, 0, 0, 0, 0, 0, 0, 0, 91, 230
"c:\Users\Marlowe\Desktop\ProjectBible\external-repos\bible-commentary\bible-commentary\NT\Mark.md", "Markdown", 57, 0, 0, 0, 0, 0, 0, 0, 0, 0, 0, 0, 0, 0, 0, 0, 0, 0, 0, 0, 0, 0, 0, 0, 0, 0, 0, 0, 0, 0, 0, 0, 0, 0, 0, 0, 0, 0, 0, 52, 109
"c:\Users\Marlowe\Desktop\ProjectBible\external-repos\bible-commentary\bible-commentary\NT\Matthew.md", "Markdown", 1677, 0, 0, 0, 0, 0, 0, 0, 0, 0, 0, 0, 0, 0, 0, 0, 0, 0, 0, 0, 0, 0, 0, 0, 0, 0, 0, 0, 0, 0, 0, 0, 0, 0, 0, 0, 0, 0, 0, 2276, 3953
"c:\Users\Marlowe\Desktop\ProjectBible\external-repos\bible-commentary\bible-commentary\NT\Philemon.md", "Markdown", 101, 0, 0, 0, 0, 0, 0, 0, 0, 0, 0, 0, 0, 0, 0, 0, 0, 0, 0, 0, 0, 0, 0, 0, 0, 0, 0, 0, 0, 0, 0, 0, 0, 0, 0, 0, 0, 0, 0, 194, 295
"c:\Users\Marlowe\Desktop\ProjectBible\external-repos\bible-commentary\bible-commentary\NT\Philippians.md", "Markdown", 27, 0, 0, 0, 0, 0, 0, 0, 0, 0, 0, 0, 0, 0, 0, 0, 0, 0, 0, 0, 0, 0, 0, 0, 0, 0, 0, 0, 0, 0, 0, 0, 0, 0, 0, 0, 0, 0, 0, 9, 36
"c:\Users\Marlowe\Desktop\ProjectBible\external-repos\bible-commentary\bible-commentary\NT\Revelation.md", "Markdown", 6, 0, 0, 0, 0, 0, 0, 0, 0, 0, 0, 0, 0, 0, 0, 0, 0, 0, 0, 0, 0, 0, 0, 0, 0, 0, 0, 0, 0, 0, 0, 0, 0, 0, 0, 0, 0, 0, 0, 5, 11
"c:\Users\Marlowe\Desktop\ProjectBible\external-repos\bible-commentary\bible-commentary\NT\Romans.md", "Markdown", 26, 0, 0, 0, 0, 0, 0, 0, 0, 0, 0, 0, 0, 0, 0, 0, 0, 0, 0, 0, 0, 0, 0, 0, 0, 0, 0, 0, 0, 0, 0, 0, 0, 0, 0, 0, 0, 0, 0, 20, 46
"c:\Users\Marlowe\Desktop\ProjectBible\external-repos\bible-commentary\bible-commentary\NT\Titus.md", "Markdown", 10, 0, 0, 0, 0, 0, 0, 0, 0, 0, 0, 0, 0, 0, 0, 0, 0, 0, 0, 0, 0, 0, 0, 0, 0, 0, 0, 0, 0, 0, 0, 0, 0, 0, 0, 0, 0, 0, 0, 9, 19
"c:\Users\Marlowe\Desktop\ProjectBible\external-repos\bible-commentary\bible-commentary\NT\img\Acts-map-Missionary.svg", "XML", 0, 0, 0, 0, 0, 0, 0, 0, 0, 0, 0, 0, 0, 0, 3692, 0, 0, 0, 0, 0, 0, 0, 0, 0, 0, 0, 0, 0, 0, 0, 0, 0, 0, 0, 0, 0, 0, 0, 0, 1, 3693
"c:\Users\Marlowe\Desktop\ProjectBible\external-repos\bible-commentary\bible-commentary\NT\img\map-Israel.svg", "XML", 0, 0, 0, 0, 0, 0, 0, 0, 0, 0, 0, 0, 0, 0, 2077, 0, 0, 0, 0, 0, 0, 0, 0, 0, 0, 0, 0, 0, 0, 0, 0, 0, 0, 0, 0, 0, 0, 0, 0, 1, 2078
"c:\Users\Marlowe\Desktop\ProjectBible\external-repos\bible-commentary\bible-commentary\NT\index.md", "Markdown", 11, 0, 0, 0, 0, 0, 0, 0, 0, 0, 0, 0, 0, 0, 0, 0, 0, 0, 0, 0, 0, 0, 0, 0, 0, 0, 0, 0, 0, 0, 0, 0, 0, 0, 0, 0, 0, 0, 0, 9, 20
"c:\Users\Marlowe\Desktop\ProjectBible\external-repos\bible-commentary\bible-commentary\OT\1 Chronicles.md", "Markdown", 4, 0, 0, 0, 0, 0, 0, 0, 0, 0, 0, 0, 0, 0, 0, 0, 0, 0, 0, 0, 0, 0, 0, 0, 0, 0, 0, 0, 0, 0, 0, 0, 0, 0, 0, 0, 0, 0, 0, 4, 8
"c:\Users\Marlowe\Desktop\ProjectBible\external-repos\bible-commentary\bible-commentary\OT\1 Kings.md", "Markdown", 4, 0, 0, 0, 0, 0, 0, 0, 0, 0, 0, 0, 0, 0, 0, 0, 0, 0, 0, 0, 0, 0, 0, 0, 0, 0, 0, 0, 0, 0, 0, 0, 0, 0, 0, 0, 0, 0, 0, 4, 8
"c:\Users\Marlowe\Desktop\ProjectBible\external-repos\bible-commentary\bible-commentary\OT\1 Samuel.md", "Markdown", 6, 0, 0, 0, 0, 0, 0, 0, 0, 0, 0, 0, 0, 0, 0, 0, 0, 0, 0, 0, 0, 0, 0, 0, 0, 0, 0, 0, 0, 0, 0, 0, 0, 0, 0, 0, 0, 0, 0, 5, 11
"c:\Users\Marlowe\Desktop\ProjectBible\external-repos\bible-commentary\bible-commentary\OT\2 Chronicles.md", "Markdown", 4, 0, 0, 0, 0, 0, 0, 0, 0, 0, 0, 0, 0, 0, 0, 0, 0, 0, 0, 0, 0, 0, 0, 0, 0, 0, 0, 0, 0, 0, 0, 0, 0, 0, 0, 0, 0, 0, 0, 4, 8
"c:\Users\Marlowe\Desktop\ProjectBible\external-repos\bible-commentary\bible-commentary\OT\2 Kings.md", "Markdown", 5, 0, 0, 0, 0, 0, 0, 0, 0, 0, 0, 0, 0, 0, 0, 0, 0, 0, 0, 0, 0, 0, 0, 0, 0, 0, 0, 0, 0, 0, 0, 0, 0, 0, 0, 0, 0, 0, 0, 4, 9
"c:\Users\Marlowe\Desktop\ProjectBible\external-repos\bible-commentary\bible-commentary\OT\2 Samuel.md", "Markdown", 5, 0, 0, 0, 0, 0, 0, 0, 0, 0, 0, 0, 0, 0, 0, 0, 0, 0, 0, 0, 0, 0, 0, 0, 0, 0, 0, 0, 0, 0, 0, 0, 0, 0, 0, 0, 0, 0, 0, 4, 9
"c:\Users\Marlowe\Desktop\ProjectBible\external-repos\bible-commentary\bible-commentary\OT\Daniel.md", "Markdown", 4, 0, 0, 0, 0, 0, 0, 0, 0, 0, 0, 0, 0, 0, 0, 0, 0, 0, 0, 0, 0, 0, 0, 0, 0, 0, 0, 0, 0, 0, 0, 0, 0, 0, 0, 0, 0, 0, 0, 4, 8
"c:\Users\Marlowe\Desktop\ProjectBible\external-repos\bible-commentary\bible-commentary\OT\Deuteronomy.md", "Markdown", 15, 0, 0, 0, 0, 0, 0, 0, 0, 0, 0, 0, 0, 0, 0, 0, 0, 0, 0, 0, 0, 0, 0, 0, 0, 0, 0, 0, 0, 0, 0, 0, 0, 0, 0, 0, 0, 0, 0, 7, 22
"c:\Users\Marlowe\Desktop\ProjectBible\external-repos\bible-commentary\bible-commentary\OT\Ecclesiastes.md", "Markdown", 4, 0, 0, 0, 0, 0, 0, 0, 0, 0, 0, 0, 0, 0, 0, 0, 0, 0, 0, 0, 0, 0, 0, 0, 0, 0, 0, 0, 0, 0, 0, 0, 0, 0, 0, 0, 0, 0, 0, 4, 8
"c:\Users\Marlowe\Desktop\ProjectBible\external-repos\bible-commentary\bible-commentary\OT\Esther.md", "Markdown", 4, 0, 0, 0, 0, 0, 0, 0, 0, 0, 0, 0, 0, 0, 0, 0, 0, 0, 0, 0, 0, 0, 0, 0, 0, 0, 0, 0, 0, 0, 0, 0, 0, 0, 0, 0, 0, 0, 0, 4, 8
"c:\Users\Marlowe\Desktop\ProjectBible\external-repos\bible-commentary\bible-commentary\OT\Exodus.md", "Markdown", 1751, 0, 0, 0, 0, 0, 0, 0, 0, 0, 0, 0, 0, 0, 0, 0, 0, 0, 0, 0, 0, 0, 0, 0, 0, 0, 0, 0, 0, 0, 0, 0, 0, 0, 0, 0, 0, 0, 1, 1402, 3154
"c:\Users\Marlowe\Desktop\ProjectBible\external-repos\bible-commentary\bible-commentary\OT\Ezekiel.md", "Markdown", 6, 0, 0, 0, 0, 0, 0, 0, 0, 0, 0, 0, 0, 0, 0, 0, 0, 0, 0, 0, 0, 0, 0, 0, 0, 0, 0, 0, 0, 0, 0, 0, 0, 0, 0, 0, 0, 0, 0, 4, 10
"c:\Users\Marlowe\Desktop\ProjectBible\external-repos\bible-commentary\bible-commentary\OT\Ezra.md", "Markdown", 10, 0, 0, 0, 0, 0, 0, 0, 0, 0, 0, 0, 0, 0, 0, 0, 0, 0, 0, 0, 0, 0, 0, 0, 0, 0, 0, 0, 0, 0, 0, 0, 0, 0, 0, 0, 0, 0, 0, 6, 16
"c:\Users\Marlowe\Desktop\ProjectBible\external-repos\bible-commentary\bible-commentary\OT\Genesis.md", "Markdown", 4646, 0, 0, 0, 0, 0, 0, 0, 0, 0, 0, 0, 0, 0, 0, 0, 0, 0, 0, 0, 0, 0, 0, 0, 0, 0, 0, 0, 0, 0, 0, 0, 0, 0, 0, 0, 0, 0, 1, 4435, 9082
"c:\Users\Marlowe\Desktop\ProjectBible\external-repos\bible-commentary\bible-commentary\OT\Isaiah.md", "Markdown", 11, 0, 0, 0, 0, 0, 0, 0, 0, 0, 0, 0, 0, 0, 0, 0, 0, 0, 0, 0, 0, 0, 0, 0, 0, 0, 0, 0, 0, 0, 0, 0, 0, 0, 0, 0, 0, 0, 0, 7, 18
"c:\Users\Marlowe\Desktop\ProjectBible\external-repos\bible-commentary\bible-commentary\OT\Jeremiah.md", "Markdown", 4, 0, 0, 0, 0, 0, 0, 0, 0, 0, 0, 0, 0, 0, 0, 0, 0, 0, 0, 0, 0, 0, 0, 0, 0, 0, 0, 0, 0, 0, 0, 0, 0, 0, 0, 0, 0, 0, 0, 4, 8
"c:\Users\Marlowe\Desktop\ProjectBible\external-repos\bible-commentary\bible-commentary\OT\Job.md", "Markdown", 5, 0, 0, 0, 0, 0, 0, 0, 0, 0, 0, 0, 0, 0, 0, 0, 0, 0, 0, 0, 0, 0, 0, 0, 0, 0, 0, 0, 0, 0, 0, 0, 0, 0, 0, 0, 0, 0, 0, 4, 9
"c:\Users\Marlowe\Desktop\ProjectBible\external-repos\bible-commentary\bible-commentary\OT\Joshua.md", "Markdown", 4, 0, 0, 0, 0, 0, 0, 0, 0, 0, 0, 0, 0, 0, 0, 0, 0, 0, 0, 0, 0, 0, 0, 0, 0, 0, 0, 0, 0, 0, 0, 0, 0, 0, 0, 0, 0, 0, 0, 4, 8
"c:\Users\Marlowe\Desktop\ProjectBible\external-repos\bible-commentary\bible-commentary\OT\Judges.md", "Markdown", 4, 0, 0, 0, 0, 0, 0, 0, 0, 0, 0, 0, 0, 0, 0, 0, 0, 0, 0, 0, 0, 0, 0, 0, 0, 0, 0, 0, 0, 0, 0, 0, 0, 0, 0, 0, 0, 0, 0, 4, 8
"c:\Users\Marlowe\Desktop\ProjectBible\external-repos\bible-commentary\bible-commentary\OT\Lamentations.md", "Markdown", 4, 0, 0, 0, 0, 0, 0, 0, 0, 0, 0, 0, 0, 0, 0, 0, 0, 0, 0, 0, 0, 0, 0, 0, 0, 0, 0, 0, 0, 0, 0, 0, 0, 0, 0, 0, 0, 0, 0, 4, 8
"c:\Users\Marlowe\Desktop\ProjectBible\external-repos\bible-commentary\bible-commentary\OT\Leviticus.md", "Markdown", 4, 0, 0, 0, 0, 0, 0, 0, 0, 0, 0, 0, 0, 0, 0, 0, 0, 0, 0, 0, 0, 0, 0, 0, 0, 0, 0, 0, 0, 0, 0, 0, 0, 0, 0, 0, 0, 0, 0, 4, 8
"c:\Users\Marlowe\Desktop\ProjectBible\external-repos\bible-commentary\bible-commentary\OT\Minor Prophets.md", "Markdown", 17, 0, 0, 0, 0, 0, 0, 0, 0, 0, 0, 0, 0, 0, 0, 0, 0, 0, 0, 0, 0, 0, 0, 0, 0, 0, 0, 0, 0, 0, 0, 0, 0, 0, 0, 0, 0, 0, 0, 245, 262
"c:\Users\Marlowe\Desktop\ProjectBible\external-repos\bible-commentary\bible-commentary\OT\Nehemiah.md", "Markdown", 5, 0, 0, 0, 0, 0, 0, 0, 0, 0, 0, 0, 0, 0, 0, 0, 0, 0, 0, 0, 0, 0, 0, 0, 0, 0, 0, 0, 0, 0, 0, 0, 0, 0, 0, 0, 0, 0, 0, 4, 9
"c:\Users\Marlowe\Desktop\ProjectBible\external-repos\bible-commentary\bible-commentary\OT\Numbers.md", "Markdown", 4, 0, 0, 0, 0, 0, 0, 0, 0, 0, 0, 0, 0, 0, 0, 0, 0, 0, 0, 0, 0, 0, 0, 0, 0, 0, 0, 0, 0, 0, 0, 0, 0, 0, 0, 0, 0, 0, 0, 4, 8
"c:\Users\Marlowe\Desktop\ProjectBible\external-repos\bible-commentary\bible-commentary\OT\Proverbs.md", "Markdown", 4, 0, 0, 0, 0, 0, 0, 0, 0, 0, 0, 0, 0, 0, 0, 0, 0, 0, 0, 0, 0, 0, 0, 0, 0, 0, 0, 0, 0, 0, 0, 0, 0, 0, 0, 0, 0, 0, 0, 4, 8
"c:\Users\Marlowe\Desktop\ProjectBible\external-repos\bible-commentary\bible-commentary\OT\Psalms.md", "Markdown", 38, 0, 0, 0, 0, 0, 0, 0, 0, 0, 0, 0, 0, 0, 0, 0, 0, 0, 0, 0, 0, 0, 0, 0, 0, 0, 0, 0, 0, 0, 0, 0, 0, 0, 0, 0, 0, 0, 0, 25, 63
"c:\Users\Marlowe\Desktop\ProjectBible\external-repos\bible-commentary\bible-commentary\OT\Ruth.md", "Markdown", 17, 0, 0, 0, 0, 0, 0, 0, 0, 0, 0, 0, 0, 0, 0, 0, 0, 0, 0, 0, 0, 0, 0, 0, 0, 0, 0, 0, 0, 0, 0, 0, 0, 0, 0, 0, 0, 0, 0, 16, 33
"c:\Users\Marlowe\Desktop\ProjectBible\external-repos\bible-commentary\bible-commentary\OT\Song of Songs.md", "Markdown", 4, 0, 0, 0, 0, 0, 0, 0, 0, 0, 0, 0, 0, 0, 0, 0, 0, 0, 0, 0, 0, 0, 0, 0, 0, 0, 0, 0, 0, 0, 0, 0, 0, 0, 0, 0, 0, 0, 0, 4, 8
"c:\Users\Marlowe\Desktop\ProjectBible\external-repos\bible-commentary\bible-commentary\OT\img\maps\Exodus-Exodus.svg", "XML", 0, 0, 0, 0, 0, 0, 0, 0, 0, 0, 0, 0, 0, 0, 2229, 0, 0, 0, 0, 0, 0, 0, 0, 0, 0, 0, 0, 0, 0, 0, 0, 0, 0, 0, 0, 0, 0, 0, 0, 1, 2230
"c:\Users\Marlowe\Desktop\ProjectBible\external-repos\bible-commentary\bible-commentary\OT\img\maps\Genesis-Abraham-hebrew.svg", "XML", 0, 0, 0, 0, 0, 0, 0, 0, 0, 0, 0, 0, 0, 0, 3153, 0, 0, 0, 0, 0, 0, 0, 0, 0, 0, 0, 0, 0, 0, 0, 0, 0, 0, 0, 0, 0, 0, 0, 0, 1, 3154
"c:\Users\Marlowe\Desktop\ProjectBible\external-repos\bible-commentary\bible-commentary\OT\img\maps\Genesis-Abraham-modern.svg", "XML", 0, 0, 0, 0, 0, 0, 0, 0, 0, 0, 0, 0, 0, 0, 3180, 0, 0, 0, 0, 0, 0, 0, 0, 0, 0, 0, 0, 0, 0, 0, 0, 0, 0, 0, 0, 0, 0, 0, 0, 1, 3181
"c:\Users\Marlowe\Desktop\ProjectBible\external-repos\bible-commentary\bible-commentary\OT\img\maps\Joshua-Conquest.svg", "XML", 0, 0, 0, 0, 0, 0, 0, 0, 0, 0, 0, 0, 0, 0, 2449, 0, 0, 0, 0, 0, 0, 0, 0, 0, 0, 0, 0, 0, 0, 0, 0, 0, 0, 0, 0, 0, 0, 0, 0, 1, 2450
"c:\Users\Marlowe\Desktop\ProjectBible\external-repos\bible-commentary\bible-commentary\OT\img\maps\Joshua-Tribes.svg", "XML", 0, 0, 0, 0, 0, 0, 0, 0, 0, 0, 0, 0, 0, 0, 3011, 0, 0, 0, 0, 0, 0, 0, 0, 0, 0, 0, 0, 0, 0, 0, 0, 0, 0, 0, 0, 0, 0, 0, 0, 1, 3012
"c:\Users\Marlowe\Desktop\ProjectBible\external-repos\bible-commentary\bible-commentary\OT\img\maps\Kings-David.svg", "XML", 0, 0, 0, 0, 0, 0, 0, 0, 0, 0, 0, 0, 0, 0, 2824, 0, 0, 0, 0, 0, 0, 0, 0, 0, 0, 0, 0, 0, 0, 0, 0, 0, 0, 0, 0, 0, 0, 0, 0, 1, 2825
"c:\Users\Marlowe\Desktop\ProjectBible\external-repos\bible-commentary\bible-commentary\OT\index.md", "Markdown", 1, 0, 0, 0, 0, 0, 0, 0, 0, 0, 0, 0, 0, 0, 0, 0, 0, 0, 0, 0, 0, 0, 0, 0, 0, 0, 0, 0, 0, 0, 0, 0, 0, 0, 0, 0, 0, 0, 0, 2, 3
"c:\Users\Marlowe\Desktop\ProjectBible\external-repos\bible-commentary\bible-commentary\TODO.md", "Markdown", 17, 0, 0, 0, 0, 0, 0, 0, 0, 0, 0, 0, 0, 0, 0, 0, 0, 0, 0, 0, 0, 0, 0, 0, 0, 0, 0, 0, 0, 0, 0, 0, 0, 0, 0, 0, 0, 0, 0, 23, 40
"c:\Users\Marlowe\Desktop\ProjectBible\external-repos\bible-commentary\bible-commentary\index.md", "Markdown", 66, 0, 0, 0, 0, 0, 0, 0, 0, 0, 0, 0, 0, 0, 0, 0, 0, 0, 0, 0, 0, 0, 0, 0, 0, 0, 0, 0, 0, 0, 0, 0, 0, 0, 0, 0, 0, 0, 0, 22, 88
"c:\Users\Marlowe\Desktop\ProjectBible\external-repos\bible-commentary\bible-study\OT\Exodus.md", "Markdown", 3893, 0, 0, 0, 0, 0, 0, 0, 0, 0, 0, 0, 0, 0, 0, 0, 0, 0, 0, 0, 0, 0, 0, 0, 0, 0, 0, 0, 0, 0, 0, 0, 0, 0, 0, 0, 0, 0, 1, 1794, 5688
"c:\Users\Marlowe\Desktop\ProjectBible\external-repos\bible-commentary\bible-study\OT\Genesis.md", "Markdown", 3546, 0, 0, 0, 0, 0, 0, 0, 0, 0, 0, 0, 0, 0, 0, 0, 0, 0, 0, 0, 0, 0, 0, 0, 0, 0, 0, 0, 0, 0, 0, 0, 0, 0, 0, 0, 0, 0, 1, 1572, 5119
"c:\Users\Marlowe\Desktop\ProjectBible\external-repos\bible-commentary\bible-study\index.md", "Markdown", 9, 0, 0, 0, 0, 0, 0, 0, 0, 0, 0, 0, 0, 0, 0, 0, 0, 0, 0, 0, 0, 0, 0, 0, 0, 0, 0, 0, 0, 0, 0, 0, 0, 0, 0, 0, 0, 0, 0, 3, 12
"c:\Users\Marlowe\Desktop\ProjectBible\external-repos\bible-commentary\index.md", "Markdown", 8, 0, 0, 0, 0, 0, 0, 0, 0, 0, 0, 0, 0, 0, 0, 0, 0, 0, 0, 0, 0, 0, 0, 0, 0, 0, 0, 0, 0, 0, 0, 0, 0, 0, 0, 0, 0, 0, 0, 4, 12
"c:\Users\Marlowe\Desktop\ProjectBible\external-repos\bible-commentary\newlines.py", "Python", 0, 0, 0, 0, 0, 0, 0, 22, 0, 0, 0, 0, 0, 0, 0, 0, 0, 0, 0, 0, 0, 0, 0, 0, 0, 0, 0, 0, 0, 0, 0, 0, 0, 0, 0, 0, 0, 0, 3, 15, 40
"c:\Users\Marlowe\Desktop\ProjectBible\external-repos\nota-expo\.expo-shared\assets.json", "JSON", 0, 0, 6, 0, 0, 0, 0, 0, 0, 0, 0, 0, 0, 0, 0, 0, 0, 0, 0, 0, 0, 0, 0, 0, 0, 0, 0, 0, 0, 0, 0, 0, 0, 0, 0, 0, 0, 0, 0, 1, 7
"c:\Users\Marlowe\Desktop\ProjectBible\external-repos\nota-expo\.idea\codeStyles\Project.xml", "XML", 0, 0, 0, 0, 0, 0, 0, 0, 0, 0, 0, 0, 0, 0, 61, 0, 0, 0, 0, 0, 0, 0, 0, 0, 0, 0, 0, 0, 0, 0, 0, 0, 0, 0, 0, 0, 0, 0, 0, 0, 61
"c:\Users\Marlowe\Desktop\ProjectBible\external-repos\nota-expo\.idea\codeStyles\codeStyleConfig.xml", "XML", 0, 0, 0, 0, 0, 0, 0, 0, 0, 0, 0, 0, 0, 0, 5, 0, 0, 0, 0, 0, 0, 0, 0, 0, 0, 0, 0, 0, 0, 0, 0, 0, 0, 0, 0, 0, 0, 0, 0, 0, 5
"c:\Users\Marlowe\Desktop\ProjectBible\external-repos\nota-expo\.idea\encodings.xml", "XML", 0, 0, 0, 0, 0, 0, 0, 0, 0, 0, 0, 0, 0, 0, 4, 0, 0, 0, 0, 0, 0, 0, 0, 0, 0, 0, 0, 0, 0, 0, 0, 0, 0, 0, 0, 0, 0, 0, 0, 0, 4
"c:\Users\Marlowe\Desktop\ProjectBible\external-repos\nota-expo\.idea\modules.xml", "XML", 0, 0, 0, 0, 0, 0, 0, 0, 0, 0, 0, 0, 0, 0, 8, 0, 0, 0, 0, 0, 0, 0, 0, 0, 0, 0, 0, 0, 0, 0, 0, 0, 0, 0, 0, 0, 0, 0, 0, 0, 8
"c:\Users\Marlowe\Desktop\ProjectBible\external-repos\nota-expo\.idea\nota-expo.iml", "XML", 0, 0, 0, 0, 0, 0, 0, 0, 0, 0, 0, 0, 0, 0, 12, 0, 0, 0, 0, 0, 0, 0, 0, 0, 0, 0, 0, 0, 0, 0, 0, 0, 0, 0, 0, 0, 0, 0, 0, 0, 12
"c:\Users\Marlowe\Desktop\ProjectBible\external-repos\nota-expo\.idea\prettier.xml", "XML", 0, 0, 0, 0, 0, 0, 0, 0, 0, 0, 0, 0, 0, 0, 7, 0, 0, 0, 0, 0, 0, 0, 0, 0, 0, 0, 0, 0, 0, 0, 0, 0, 0, 0, 0, 0, 0, 0, 0, 0, 7
"c:\Users\Marlowe\Desktop\ProjectBible\external-repos\nota-expo\.idea\vcs.xml", "XML", 0, 0, 0, 0, 0, 0, 0, 0, 0, 0, 0, 0, 0, 0, 6, 0, 0, 0, 0, 0, 0, 0, 0, 0, 0, 0, 0, 0, 0, 0, 0, 0, 0, 0, 0, 0, 0, 0, 0, 0, 6
"c:\Users\Marlowe\Desktop\ProjectBible\external-repos\nota-expo\App.tsx", "TypeScript JSX", 0, 0, 0, 0, 0, 0, 0, 0, 0, 0, 0, 0, 0, 0, 0, 38, 0, 0, 0, 0, 0, 0, 0, 0, 0, 0, 0, 0, 0, 0, 0, 0, 0, 0, 0, 0, 0, 0, 0, 4, 42
"c:\Users\Marlowe\Desktop\ProjectBible\external-repos\nota-expo\api\__generated__\apollo-graphql.tsx", "TypeScript JSX", 0, 0, 0, 0, 0, 0, 0, 0, 0, 0, 0, 0, 0, 0, 0, 928, 0, 0, 0, 0, 0, 0, 0, 0, 0, 0, 0, 0, 0, 0, 0, 0, 0, 0, 0, 0, 0, 0, 455, 171, 1554
"c:\Users\Marlowe\Desktop\ProjectBible\external-repos\nota-expo\api\__generated__\fragment-types.json", "JSON", 0, 0, 1, 0, 0, 0, 0, 0, 0, 0, 0, 0, 0, 0, 0, 0, 0, 0, 0, 0, 0, 0, 0, 0, 0, 0, 0, 0, 0, 0, 0, 0, 0, 0, 0, 0, 0, 0, 0, 0, 1
"c:\Users\Marlowe\Desktop\ProjectBible\external-repos\nota-expo\api\__generated__\possibleTypes.ts", "TypeScript", 0, 0, 0, 0, 0, 0, 15, 0, 0, 0, 0, 0, 0, 0, 0, 0, 0, 0, 0, 0, 0, 0, 0, 0, 0, 0, 0, 0, 0, 0, 0, 0, 0, 0, 0, 0, 0, 0, 0, 2, 17
"c:\Users\Marlowe\Desktop\ProjectBible\external-repos\nota-expo\api\apollo.ts", "TypeScript", 0, 0, 0, 0, 0, 0, 42, 0, 0, 0, 0, 0, 0, 0, 0, 0, 0, 0, 0, 0, 0, 0, 0, 0, 0, 0, 0, 0, 0, 0, 0, 0, 0, 0, 0, 0, 0, 0, 10, 8, 60
"c:\Users\Marlowe\Desktop\ProjectBible\external-repos\nota-expo\api\fetch-fragments.js", "JavaScript", 0, 0, 0, 0, 0, 0, 0, 0, 0, 0, 0, 0, 0, 41, 0, 0, 0, 0, 0, 0, 0, 0, 0, 0, 0, 0, 0, 0, 0, 0, 0, 0, 0, 0, 0, 0, 0, 0, 1, 5, 47
"c:\Users\Marlowe\Desktop\ProjectBible\external-repos\nota-expo\api\fragments\annotation.fragment.ts", "TypeScript", 0, 0, 0, 0, 0, 0, 17, 0, 0, 0, 0, 0, 0, 0, 0, 0, 0, 0, 0, 0, 0, 0, 0, 0, 0, 0, 0, 0, 0, 0, 0, 0, 0, 0, 0, 0, 0, 0, 0, 2, 19
"c:\Users\Marlowe\Desktop\ProjectBible\external-repos\nota-expo\api\fragments\me.fragment.ts", "TypeScript", 0, 0, 0, 0, 0, 0, 7, 0, 0, 0, 0, 0, 0, 0, 0, 0, 0, 0, 0, 0, 0, 0, 0, 0, 0, 0, 0, 0, 0, 0, 0, 0, 0, 0, 0, 0, 0, 0, 0, 2, 9
"c:\Users\Marlowe\Desktop\ProjectBible\external-repos\nota-expo\api\fragments\verse.fragment.ts", "TypeScript", 0, 0, 0, 0, 0, 0, 9, 0, 0, 0, 0, 0, 0, 0, 0, 0, 0, 0, 0, 0, 0, 0, 0, 0, 0, 0, 0, 0, 0, 0, 0, 0, 0, 0, 0, 0, 0, 0, 0, 2, 11
"c:\Users\Marlowe\Desktop\ProjectBible\external-repos\nota-expo\api\mutations\bookmarkVerse.mutation.ts", "TypeScript", 0, 0, 0, 0, 0, 0, 16, 0, 0, 0, 0, 0, 0, 0, 0, 0, 0, 0, 0, 0, 0, 0, 0, 0, 0, 0, 0, 0, 0, 0, 0, 0, 0, 0, 0, 0, 0, 0, 0, 2, 18
"c:\Users\Marlowe\Desktop\ProjectBible\external-repos\nota-expo\api\mutations\changeDisplayName.mutation.ts", "TypeScript", 0, 0, 0, 0, 0, 0, 13, 0, 0, 0, 0, 0, 0, 0, 0, 0, 0, 0, 0, 0, 0, 0, 0, 0, 0, 0, 0, 0, 0, 0, 0, 0, 0, 0, 0, 0, 0, 0, 0, 2, 15
"c:\Users\Marlowe\Desktop\ProjectBible\external-repos\nota-expo\api\mutations\changePassword.mutation.ts", "TypeScript", 0, 0, 0, 0, 0, 0, 12, 0, 0, 0, 0, 0, 0, 0, 0, 0, 0, 0, 0, 0, 0, 0, 0, 0, 0, 0, 0, 0, 0, 0, 0, 0, 0, 0, 0, 0, 0, 0, 0, 2, 14
"c:\Users\Marlowe\Desktop\ProjectBible\external-repos\nota-expo\api\mutations\createAccount.mutation.ts", "TypeScript", 0, 0, 0, 0, 0, 0, 15, 0, 0, 0, 0, 0, 0, 0, 0, 0, 0, 0, 0, 0, 0, 0, 0, 0, 0, 0, 0, 0, 0, 0, 0, 0, 0, 0, 0, 0, 0, 0, 0, 2, 17
"c:\Users\Marlowe\Desktop\ProjectBible\external-repos\nota-expo\api\mutations\favoriteAnnotation.mutation.ts", "TypeScript", 0, 0, 0, 0, 0, 0, 17, 0, 0, 0, 0, 0, 0, 0, 0, 0, 0, 0, 0, 0, 0, 0, 0, 0, 0, 0, 0, 0, 0, 0, 0, 0, 0, 0, 0, 0, 0, 0, 0, 2, 19
"c:\Users\Marlowe\Desktop\ProjectBible\external-repos\nota-expo\api\mutations\resetPassword.mutation.ts", "TypeScript", 0, 0, 0, 0, 0, 0, 14, 0, 0, 0, 0, 0, 0, 0, 0, 0, 0, 0, 0, 0, 0, 0, 0, 0, 0, 0, 0, 0, 0, 0, 0, 0, 0, 0, 0, 0, 0, 0, 0, 2, 16
"c:\Users\Marlowe\Desktop\ProjectBible\external-repos\nota-expo\api\mutations\saveAnnotation.mutation.ts", "TypeScript", 0, 0, 0, 0, 0, 0, 17, 0, 0, 0, 0, 0, 0, 0, 0, 0, 0, 0, 0, 0, 0, 0, 0, 0, 0, 0, 0, 0, 0, 0, 0, 0, 0, 0, 0, 0, 0, 0, 0, 2, 19
"c:\Users\Marlowe\Desktop\ProjectBible\external-repos\nota-expo\api\mutations\sendForgotPassword.mutation.ts", "TypeScript", 0, 0, 0, 0, 0, 0, 12, 0, 0, 0, 0, 0, 0, 0, 0, 0, 0, 0, 0, 0, 0, 0, 0, 0, 0, 0, 0, 0, 0, 0, 0, 0, 0, 0, 0, 0, 0, 0, 0, 2, 14
"c:\Users\Marlowe\Desktop\ProjectBible\external-repos\nota-expo\api\mutations\signInUser.mutation.ts", "TypeScript", 0, 0, 0, 0, 0, 0, 20, 0, 0, 0, 0, 0, 0, 0, 0, 0, 0, 0, 0, 0, 0, 0, 0, 0, 0, 0, 0, 0, 0, 0, 0, 0, 0, 0, 0, 0, 0, 0, 0, 2, 22
"c:\Users\Marlowe\Desktop\ProjectBible\external-repos\nota-expo\api\mutations\signOut.mutation.ts", "TypeScript", 0, 0, 0, 0, 0, 0, 12, 0, 0, 0, 0, 0, 0, 0, 0, 0, 0, 0, 0, 0, 0, 0, 0, 0, 0, 0, 0, 0, 0, 0, 0, 0, 0, 0, 0, 0, 0, 0, 0, 2, 14
"c:\Users\Marlowe\Desktop\ProjectBible\external-repos\nota-expo\api\mutations\unbookmarkVerse.mutation.ts", "TypeScript", 0, 0, 0, 0, 0, 0, 16, 0, 0, 0, 0, 0, 0, 0, 0, 0, 0, 0, 0, 0, 0, 0, 0, 0, 0, 0, 0, 0, 0, 0, 0, 0, 0, 0, 0, 0, 0, 0, 0, 2, 18
"c:\Users\Marlowe\Desktop\ProjectBible\external-repos\nota-expo\api\mutations\unfavoriteAnnotation.mutation.ts", "TypeScript", 0, 0, 0, 0, 0, 0, 17, 0, 0, 0, 0, 0, 0, 0, 0, 0, 0, 0, 0, 0, 0, 0, 0, 0, 0, 0, 0, 0, 0, 0, 0, 0, 0, 0, 0, 0, 0, 0, 0, 2, 19
"c:\Users\Marlowe\Desktop\ProjectBible\external-repos\nota-expo\api\queries\annotation.query.ts", "TypeScript", 0, 0, 0, 0, 0, 0, 10, 0, 0, 0, 0, 0, 0, 0, 0, 0, 0, 0, 0, 0, 0, 0, 0, 0, 0, 0, 0, 0, 0, 0, 0, 0, 0, 0, 0, 0, 0, 0, 0, 2, 12
"c:\Users\Marlowe\Desktop\ProjectBible\external-repos\nota-expo\api\queries\collectionAnnotations.query.ts", "TypeScript", 0, 0, 0, 0, 0, 0, 20, 0, 0, 0, 0, 0, 0, 0, 0, 0, 0, 0, 0, 0, 0, 0, 0, 0, 0, 0, 0, 0, 0, 0, 0, 0, 0, 0, 0, 0, 0, 0, 0, 2, 22
"c:\Users\Marlowe\Desktop\ProjectBible\external-repos\nota-expo\api\queries\favoriteAnnotations.query.ts", "TypeScript", 0, 0, 0, 0, 0, 0, 20, 0, 0, 0, 0, 0, 0, 0, 0, 0, 0, 0, 0, 0, 0, 0, 0, 0, 0, 0, 0, 0, 0, 0, 0, 0, 0, 0, 0, 0, 0, 0, 0, 2, 22
"c:\Users\Marlowe\Desktop\ProjectBible\external-repos\nota-expo\api\queries\getVerse.query.ts", "TypeScript", 0, 0, 0, 0, 0, 0, 10, 0, 0, 0, 0, 0, 0, 0, 0, 0, 0, 0, 0, 0, 0, 0, 0, 0, 0, 0, 0, 0, 0, 0, 0, 0, 0, 0, 0, 0, 0, 0, 0, 2, 12
"c:\Users\Marlowe\Desktop\ProjectBible\external-repos\nota-expo\api\queries\myCollectionAnnotations.query.ts", "TypeScript", 0, 0, 0, 0, 0, 0, 20, 0, 0, 0, 0, 0, 0, 0, 0, 0, 0, 0, 0, 0, 0, 0, 0, 0, 0, 0, 0, 0, 0, 0, 0, 0, 0, 0, 0, 0, 0, 0, 0, 2, 22
"c:\Users\Marlowe\Desktop\ProjectBible\external-repos\nota-expo\api\queries\userProfile.query.ts", "TypeScript", 0, 0, 0, 0, 0, 0, 10, 0, 0, 0, 0, 0, 0, 0, 0, 0, 0, 0, 0, 0, 0, 0, 0, 0, 0, 0, 0, 0, 0, 0, 0, 0, 0, 0, 0, 0, 0, 0, 0, 2, 12
"c:\Users\Marlowe\Desktop\ProjectBible\external-repos\nota-expo\api\queries\verseAnnotations.query.ts", "TypeScript", 0, 0, 0, 0, 0, 0, 20, 0, 0, 0, 0, 0, 0, 0, 0, 0, 0, 0, 0, 0, 0, 0, 0, 0, 0, 0, 0, 0, 0, 0, 0, 0, 0, 0, 0, 0, 0, 0, 0, 2, 22
"c:\Users\Marlowe\Desktop\ProjectBible\external-repos\nota-expo\api\queries\versesForChapter.query.ts", "TypeScript", 0, 0, 0, 0, 0, 0, 10, 0, 0, 0, 0, 0, 0, 0, 0, 0, 0, 0, 0, 0, 0, 0, 0, 0, 0, 0, 0, 0, 0, 0, 0, 0, 0, 0, 0, 0, 0, 0, 0, 2, 12
"c:\Users\Marlowe\Desktop\ProjectBible\external-repos\nota-expo\app.config.ts", "TypeScript", 0, 0, 0, 0, 0, 0, 8, 0, 0, 0, 0, 0, 0, 0, 0, 0, 0, 0, 0, 0, 0, 0, 0, 0, 0, 0, 0, 0, 0, 0, 0, 0, 0, 0, 0, 0, 0, 0, 0, 2, 10
"c:\Users\Marlowe\Desktop\ProjectBible\external-repos\nota-expo\app.json", "JSON", 0, 0, 34, 0, 0, 0, 0, 0, 0, 0, 0, 0, 0, 0, 0, 0, 0, 0, 0, 0, 0, 0, 0, 0, 0, 0, 0, 0, 0, 0, 0, 0, 0, 0, 0, 0, 0, 0, 0, 1, 35
"c:\Users\Marlowe\Desktop\ProjectBible\external-repos\nota-expo\assets\images\logo.svg", "XML", 0, 0, 0, 0, 0, 0, 0, 0, 0, 0, 0, 0, 0, 0, 7, 0, 0, 0, 0, 0, 0, 0, 0, 0, 0, 0, 0, 0, 0, 0, 0, 0, 0, 0, 0, 0, 0, 0, 0, 1, 8
"c:\Users\Marlowe\Desktop\ProjectBible\external-repos\nota-expo\babel.config.js", "JavaScript", 0, 0, 0, 0, 0, 0, 0, 0, 0, 0, 0, 0, 0, 7, 0, 0, 0, 0, 0, 0, 0, 0, 0, 0, 0, 0, 0, 0, 0, 0, 0, 0, 0, 0, 0, 0, 0, 0, 0, 1, 8
"c:\Users\Marlowe\Desktop\ProjectBible\external-repos\nota-expo\codegen.yml", "YAML", 0, 0, 0, 0, 20, 0, 0, 0, 0, 0, 0, 0, 0, 0, 0, 0, 0, 0, 0, 0, 0, 0, 0, 0, 0, 0, 0, 0, 0, 0, 0, 0, 0, 0, 0, 0, 0, 0, 3, 1, 24
"c:\Users\Marlowe\Desktop\ProjectBible\external-repos\nota-expo\components\AnnotateHeaderRight.tsx", "TypeScript JSX", 0, 0, 0, 0, 0, 0, 0, 0, 0, 0, 0, 0, 0, 0, 0, 60, 0, 0, 0, 0, 0, 0, 0, 0, 0, 0, 0, 0, 0, 0, 0, 0, 0, 0, 0, 0, 0, 0, 0, 12, 72
"c:\Users\Marlowe\Desktop\ProjectBible\external-repos\nota-expo\components\Button.tsx", "TypeScript JSX", 0, 0, 0, 0, 0, 0, 0, 0, 0, 0, 0, 0, 0, 0, 0, 68, 0, 0, 0, 0, 0, 0, 0, 0, 0, 0, 0, 0, 0, 0, 0, 0, 0, 0, 0, 0, 0, 0, 0, 7, 75
"c:\Users\Marlowe\Desktop\ProjectBible\external-repos\nota-expo\components\ChapterHeaderRight.tsx", "TypeScript JSX", 0, 0, 0, 0, 0, 0, 0, 0, 0, 0, 0, 0, 0, 0, 0, 30, 0, 0, 0, 0, 0, 0, 0, 0, 0, 0, 0, 0, 0, 0, 0, 0, 0, 0, 0, 0, 0, 0, 0, 5, 35
"c:\Users\Marlowe\Desktop\ProjectBible\external-repos\nota-expo\components\ChapterSelector.tsx", "TypeScript JSX", 0, 0, 0, 0, 0, 0, 0, 0, 0, 0, 0, 0, 0, 0, 0, 161, 0, 0, 0, 0, 0, 0, 0, 0, 0, 0, 0, 0, 0, 0, 0, 0, 0, 0, 0, 0, 0, 0, 0, 18, 179
"c:\Users\Marlowe\Desktop\ProjectBible\external-repos\nota-expo\components\ChapterVerse.tsx", "TypeScript JSX", 0, 0, 0, 0, 0, 0, 0, 0, 0, 0, 0, 0, 0, 0, 0, 86, 0, 0, 0, 0, 0, 0, 0, 0, 0, 0, 0, 0, 0, 0, 0, 0, 0, 0, 0, 0, 0, 0, 0, 8, 94
"c:\Users\Marlowe\Desktop\ProjectBible\external-repos\nota-expo\components\EditScreenInfo.tsx", "TypeScript JSX", 0, 0, 0, 0, 0, 0, 0, 0, 0, 0, 0, 0, 0, 0, 0, 57, 0, 0, 0, 0, 0, 0, 0, 0, 0, 0, 0, 0, 0, 0, 0, 0, 0, 0, 0, 0, 0, 0, 0, 8, 65
"c:\Users\Marlowe\Desktop\ProjectBible\external-repos\nota-expo\components\EmptyOrLoading.tsx", "TypeScript JSX", 0, 0, 0, 0, 0, 0, 0, 0, 0, 0, 0, 0, 0, 0, 0, 28, 0, 0, 0, 0, 0, 0, 0, 0, 0, 0, 0, 0, 0, 0, 0, 0, 0, 0, 0, 0, 0, 0, 0, 5, 33
"c:\Users\Marlowe\Desktop\ProjectBible\external-repos\nota-expo\components\ErrorMessage.tsx", "TypeScript JSX", 0, 0, 0, 0, 0, 0, 0, 0, 0, 0, 0, 0, 0, 0, 0, 12, 0, 0, 0, 0, 0, 0, 0, 0, 0, 0, 0, 0, 0, 0, 0, 0, 0, 0, 0, 0, 0, 0, 0, 3, 15
"c:\Users\Marlowe\Desktop\ProjectBible\external-repos\nota-expo\components\FeedPost.tsx", "TypeScript JSX", 0, 0, 0, 0, 0, 0, 0, 0, 0, 0, 0, 0, 0, 0, 0, 79, 0, 0, 0, 0, 0, 0, 0, 0, 0, 0, 0, 0, 0, 0, 0, 0, 0, 0, 0, 0, 0, 0, 0, 8, 87
"c:\Users\Marlowe\Desktop\ProjectBible\external-repos\nota-expo\components\FormGroup.tsx", "TypeScript JSX", 0, 0, 0, 0, 0, 0, 0, 0, 0, 0, 0, 0, 0, 0, 0, 28, 0, 0, 0, 0, 0, 0, 0, 0, 0, 0, 0, 0, 0, 0, 0, 0, 0, 0, 0, 0, 0, 0, 0, 4, 32
"c:\Users\Marlowe\Desktop\ProjectBible\external-repos\nota-expo\components\FormTextInput.tsx", "TypeScript JSX", 0, 0, 0, 0, 0, 0, 0, 0, 0, 0, 0, 0, 0, 0, 0, 41, 0, 0, 0, 0, 0, 0, 0, 0, 0, 0, 0, 0, 0, 0, 0, 0, 0, 0, 0, 0, 0, 0, 0, 4, 45
"c:\Users\Marlowe\Desktop\ProjectBible\external-repos\nota-expo\components\FullScreenLoading.tsx", "TypeScript JSX", 0, 0, 0, 0, 0, 0, 0, 0, 0, 0, 0, 0, 0, 0, 0, 25, 0, 0, 0, 0, 0, 0, 0, 0, 0, 0, 0, 0, 0, 0, 0, 0, 0, 0, 0, 0, 0, 0, 0, 4, 29
"c:\Users\Marlowe\Desktop\ProjectBible\external-repos\nota-expo\components\ListPost.tsx", "TypeScript JSX", 0, 0, 0, 0, 0, 0, 0, 0, 0, 0, 0, 0, 0, 0, 0, 23, 0, 0, 0, 0, 0, 0, 0, 0, 0, 0, 0, 0, 0, 0, 0, 0, 0, 0, 0, 0, 0, 0, 0, 4, 27
"c:\Users\Marlowe\Desktop\ProjectBible\external-repos\nota-expo\components\Logo.tsx", "TypeScript JSX", 0, 0, 0, 0, 0, 0, 0, 0, 0, 0, 0, 0, 0, 0, 0, 25, 0, 0, 0, 0, 0, 0, 0, 0, 0, 0, 0, 0, 0, 0, 0, 0, 0, 0, 0, 0, 0, 0, 0, 4, 29
"c:\Users\Marlowe\Desktop\ProjectBible\external-repos\nota-expo\components\Post.tsx", "TypeScript JSX", 0, 0, 0, 0, 0, 0, 0, 0, 0, 0, 0, 0, 0, 0, 0, 142, 0, 0, 0, 0, 0, 0, 0, 0, 0, 0, 0, 0, 0, 0, 0, 0, 0, 0, 0, 0, 0, 0, 4, 8, 154
"c:\Users\Marlowe\Desktop\ProjectBible\external-repos\nota-expo\components\ShowMoreFooter.tsx", "TypeScript JSX", 0, 0, 0, 0, 0, 0, 0, 0, 0, 0, 0, 0, 0, 0, 0, 13, 0, 0, 0, 0, 0, 0, 0, 0, 0, 0, 0, 0, 0, 0, 0, 0, 0, 0, 0, 0, 0, 0, 0, 3, 16
"c:\Users\Marlowe\Desktop\ProjectBible\external-repos\nota-expo\components\StyledText.tsx", "TypeScript JSX", 0, 0, 0, 0, 0, 0, 0, 0, 0, 0, 0, 0, 0, 0, 0, 4, 0, 0, 0, 0, 0, 0, 0, 0, 0, 0, 0, 0, 0, 0, 0, 0, 0, 0, 0, 0, 0, 0, 0, 2, 6
"c:\Users\Marlowe\Desktop\ProjectBible\external-repos\nota-expo\components\ToastMessage.tsx", "TypeScript JSX", 0, 0, 0, 0, 0, 0, 0, 0, 0, 0, 0, 0, 0, 0, 0, 53, 0, 0, 0, 0, 0, 0, 0, 0, 0, 0, 0, 0, 0, 0, 0, 0, 0, 0, 0, 0, 0, 0, 0, 5, 58
"c:\Users\Marlowe\Desktop\ProjectBible\external-repos\nota-expo\components\VerseBookmarkButton.tsx", "TypeScript JSX", 0, 0, 0, 0, 0, 0, 0, 0, 0, 0, 0, 0, 0, 0, 0, 98, 0, 0, 0, 0, 0, 0, 0, 0, 0, 0, 0, 0, 0, 0, 0, 0, 0, 0, 0, 0, 0, 0, 0, 18, 116
"c:\Users\Marlowe\Desktop\ProjectBible\external-repos\nota-expo\components\VerseLoader.tsx", "TypeScript JSX", 0, 0, 0, 0, 0, 0, 0, 0, 0, 0, 0, 0, 0, 0, 0, 23, 0, 0, 0, 0, 0, 0, 0, 0, 0, 0, 0, 0, 0, 0, 0, 0, 0, 0, 0, 0, 0, 0, 0, 8, 31
"c:\Users\Marlowe\Desktop\ProjectBible\external-repos\nota-expo\components\__tests__\StyledText-test.js", "JavaScript", 0, 0, 0, 0, 0, 0, 0, 0, 0, 0, 0, 0, 0, 7, 0, 0, 0, 0, 0, 0, 0, 0, 0, 0, 0, 0, 0, 0, 0, 0, 0, 0, 0, 0, 0, 0, 0, 0, 0, 4, 11
"c:\Users\Marlowe\Desktop\ProjectBible\external-repos\nota-expo\constants\AsyncStorageKeys.ts", "TypeScript", 0, 0, 0, 0, 0, 0, 5, 0, 0, 0, 0, 0, 0, 0, 0, 0, 0, 0, 0, 0, 0, 0, 0, 0, 0, 0, 0, 0, 0, 0, 0, 0, 0, 0, 0, 0, 0, 0, 0, 1, 6
"c:\Users\Marlowe\Desktop\ProjectBible\external-repos\nota-expo\constants\Bible.ts", "TypeScript", 0, 0, 0, 0, 0, 0, 19, 0, 0, 0, 0, 0, 0, 0, 0, 0, 0, 0, 0, 0, 0, 0, 0, 0, 0, 0, 0, 0, 0, 0, 0, 0, 0, 0, 0, 0, 0, 0, 0, 8, 27
"c:\Users\Marlowe\Desktop\ProjectBible\external-repos\nota-expo\constants\BookDetails.ts", "TypeScript", 0, 0, 0, 0, 0, 0, 341, 0, 0, 0, 0, 0, 0, 0, 0, 0, 0, 0, 0, 0, 0, 0, 0, 0, 0, 0, 0, 0, 0, 0, 0, 0, 0, 0, 0, 0, 0, 0, 0, 3, 344
"c:\Users\Marlowe\Desktop\ProjectBible\external-repos\nota-expo\constants\Colors.ts", "TypeScript", 0, 0, 0, 0, 0, 0, 21, 0, 0, 0, 0, 0, 0, 0, 0, 0, 0, 0, 0, 0, 0, 0, 0, 0, 0, 0, 0, 0, 0, 0, 0, 0, 0, 0, 0, 0, 0, 0, 0, 2, 23
"c:\Users\Marlowe\Desktop\ProjectBible\external-repos\nota-expo\constants\Environment.ts", "TypeScript", 0, 0, 0, 0, 0, 0, 5, 0, 0, 0, 0, 0, 0, 0, 0, 0, 0, 0, 0, 0, 0, 0, 0, 0, 0, 0, 0, 0, 0, 0, 0, 0, 0, 0, 0, 0, 0, 0, 0, 3, 8
"c:\Users\Marlowe\Desktop\ProjectBible\external-repos\nota-expo\constants\ErrorMessages.ts", "TypeScript", 0, 0, 0, 0, 0, 0, 16, 0, 0, 0, 0, 0, 0, 0, 0, 0, 0, 0, 0, 0, 0, 0, 0, 0, 0, 0, 0, 0, 0, 0, 0, 0, 0, 0, 0, 0, 0, 0, 0, 1, 17
"c:\Users\Marlowe\Desktop\ProjectBible\external-repos\nota-expo\constants\Layout.ts", "TypeScript", 0, 0, 0, 0, 0, 0, 10, 0, 0, 0, 0, 0, 0, 0, 0, 0, 0, 0, 0, 0, 0, 0, 0, 0, 0, 0, 0, 0, 0, 0, 0, 0, 0, 0, 0, 0, 0, 0, 0, 3, 13
"c:\Users\Marlowe\Desktop\ProjectBible\external-repos\nota-expo\constants\PageSize.ts", "TypeScript", 0, 0, 0, 0, 0, 0, 3, 0, 0, 0, 0, 0, 0, 0, 0, 0, 0, 0, 0, 0, 0, 0, 0, 0, 0, 0, 0, 0, 0, 0, 0, 0, 0, 0, 0, 0, 0, 0, 0, 1, 4
"c:\Users\Marlowe\Desktop\ProjectBible\external-repos\nota-expo\constants\bible.json", "JSON", 0, 0, 188680, 0, 0, 0, 0, 0, 0, 0, 0, 0, 0, 0, 0, 0, 0, 0, 0, 0, 0, 0, 0, 0, 0, 0, 0, 0, 0, 0, 0, 0, 0, 0, 0, 0, 0, 0, 0, 0, 188680
"c:\Users\Marlowe\Desktop\ProjectBible\external-repos\nota-expo\constants\parsed-bible.json", "JSON", 0, 0, 226894, 0, 0, 0, 0, 0, 0, 0, 0, 0, 0, 0, 0, 0, 0, 0, 0, 0, 0, 0, 0, 0, 0, 0, 0, 0, 0, 0, 0, 0, 0, 0, 0, 0, 0, 0, 0, 0, 226894
"c:\Users\Marlowe\Desktop\ProjectBible\external-repos\nota-expo\constants\toastConfig.tsx", "TypeScript JSX", 0, 0, 0, 0, 0, 0, 0, 0, 0, 0, 0, 0, 0, 0, 0, 13, 0, 0, 0, 0, 0, 0, 0, 0, 0, 0, 0, 0, 0, 0, 0, 0, 0, 0, 0, 0, 0, 0, 0, 2, 15
"c:\Users\Marlowe\Desktop\ProjectBible\external-repos\nota-expo\hooks\useActionMenu.ts", "TypeScript", 0, 0, 0, 0, 0, 0, 34, 0, 0, 0, 0, 0, 0, 0, 0, 0, 0, 0, 0, 0, 0, 0, 0, 0, 0, 0, 0, 0, 0, 0, 0, 0, 0, 0, 0, 0, 0, 0, 0, 9, 43
"c:\Users\Marlowe\Desktop\ProjectBible\external-repos\nota-expo\hooks\useAnnotationFavoriteToggle.ts", "TypeScript", 0, 0, 0, 0, 0, 0, 91, 0, 0, 0, 0, 0, 0, 0, 0, 0, 0, 0, 0, 0, 0, 0, 0, 0, 0, 0, 0, 0, 0, 0, 0, 0, 0, 0, 0, 0, 0, 0, 0, 15, 106
"c:\Users\Marlowe\Desktop\ProjectBible\external-repos\nota-expo\hooks\useCachedResources.ts", "TypeScript", 0, 0, 0, 0, 0, 0, 25, 0, 0, 0, 0, 0, 0, 0, 0, 0, 0, 0, 0, 0, 0, 0, 0, 0, 0, 0, 0, 0, 0, 0, 0, 0, 0, 0, 0, 0, 0, 0, 3, 6, 34
"c:\Users\Marlowe\Desktop\ProjectBible\external-repos\nota-expo\hooks\useColorScheme.ts", "TypeScript", 0, 0, 0, 0, 0, 0, 4, 0, 0, 0, 0, 0, 0, 0, 0, 0, 0, 0, 0, 0, 0, 0, 0, 0, 0, 0, 0, 0, 0, 0, 0, 0, 0, 0, 0, 0, 0, 0, 3, 2, 9
"c:\Users\Marlowe\Desktop\ProjectBible\external-repos\nota-expo\hooks\usePassage.ts", "TypeScript", 0, 0, 0, 0, 0, 0, 41, 0, 0, 0, 0, 0, 0, 0, 0, 0, 0, 0, 0, 0, 0, 0, 0, 0, 0, 0, 0, 0, 0, 0, 0, 0, 0, 0, 0, 0, 0, 0, 0, 9, 50
"c:\Users\Marlowe\Desktop\ProjectBible\external-repos\nota-expo\metro.config.js", "JavaScript", 0, 0, 0, 0, 0, 0, 0, 0, 0, 0, 0, 0, 0, 6, 0, 0, 0, 0, 0, 0, 0, 0, 0, 0, 0, 0, 0, 0, 0, 0, 0, 0, 0, 0, 0, 0, 0, 0, 0, 4, 10
"c:\Users\Marlowe\Desktop\ProjectBible\external-repos\nota-expo\navigation\AuthStack.tsx", "TypeScript JSX", 0, 0, 0, 0, 0, 0, 0, 0, 0, 0, 0, 0, 0, 0, 0, 21, 0, 0, 0, 0, 0, 0, 0, 0, 0, 0, 0, 0, 0, 0, 0, 0, 0, 0, 0, 0, 0, 0, 0, 5, 26
"c:\Users\Marlowe\Desktop\ProjectBible\external-repos\nota-expo\navigation\ChapterStack.tsx", "TypeScript JSX", 0, 0, 0, 0, 0, 0, 0, 0, 0, 0, 0, 0, 0, 0, 0, 38, 0, 0, 0, 0, 0, 0, 0, 0, 0, 0, 0, 0, 0, 0, 0, 0, 0, 0, 0, 0, 0, 0, 0, 5, 43
"c:\Users\Marlowe\Desktop\ProjectBible\external-repos\nota-expo\navigation\CollectionOrLoginStack.tsx", "TypeScript JSX", 0, 0, 0, 0, 0, 0, 0, 0, 0, 0, 0, 0, 0, 0, 0, 9, 0, 0, 0, 0, 0, 0, 0, 0, 0, 0, 0, 0, 0, 0, 0, 0, 0, 0, 0, 0, 0, 0, 0, 4, 13
"c:\Users\Marlowe\Desktop\ProjectBible\external-repos\nota-expo\navigation\CollectionStack.tsx", "TypeScript JSX", 0, 0, 0, 0, 0, 0, 0, 0, 0, 0, 0, 0, 0, 0, 0, 28, 0, 0, 0, 0, 0, 0, 0, 0, 0, 0, 0, 0, 0, 0, 0, 0, 0, 0, 0, 0, 0, 0, 0, 5, 33
"c:\Users\Marlowe\Desktop\ProjectBible\external-repos\nota-expo\navigation\HomeStack.tsx", "TypeScript JSX", 0, 0, 0, 0, 0, 0, 0, 0, 0, 0, 0, 0, 0, 0, 0, 34, 0, 0, 0, 0, 0, 0, 0, 0, 0, 0, 0, 0, 0, 0, 0, 0, 0, 0, 0, 0, 0, 0, 0, 4, 38
"c:\Users\Marlowe\Desktop\ProjectBible\external-repos\nota-expo\navigation\LinkingConfiguration.ts", "TypeScript", 0, 0, 0, 0, 0, 0, 27, 0, 0, 0, 0, 0, 0, 0, 0, 0, 0, 0, 0, 0, 0, 0, 0, 0, 0, 0, 0, 0, 0, 0, 0, 0, 0, 0, 0, 0, 0, 0, 5, 5, 37
"c:\Users\Marlowe\Desktop\ProjectBible\external-repos\nota-expo\navigation\LoginStack.tsx", "TypeScript JSX", 0, 0, 0, 0, 0, 0, 0, 0, 0, 0, 0, 0, 0, 0, 0, 25, 0, 0, 0, 0, 0, 0, 0, 0, 0, 0, 0, 0, 0, 0, 0, 0, 0, 0, 0, 0, 0, 0, 0, 5, 30
"c:\Users\Marlowe\Desktop\ProjectBible\external-repos\nota-expo\navigation\MainTabsStack.tsx", "TypeScript JSX", 0, 0, 0, 0, 0, 0, 0, 0, 0, 0, 0, 0, 0, 0, 0, 48, 0, 0, 0, 0, 0, 0, 0, 0, 0, 0, 0, 0, 0, 0, 0, 0, 0, 0, 0, 0, 0, 0, 0, 5, 53
"c:\Users\Marlowe\Desktop\ProjectBible\external-repos\nota-expo\navigation\ReadStack.tsx", "TypeScript JSX", 0, 0, 0, 0, 0, 0, 0, 0, 0, 0, 0, 0, 0, 0, 0, 52, 0, 0, 0, 0, 0, 0, 0, 0, 0, 0, 0, 0, 0, 0, 0, 0, 0, 0, 0, 0, 0, 0, 0, 6, 58
"c:\Users\Marlowe\Desktop\ProjectBible\external-repos\nota-expo\navigation\RootStack.tsx", "TypeScript JSX", 0, 0, 0, 0, 0, 0, 0, 0, 0, 0, 0, 0, 0, 0, 0, 24, 0, 0, 0, 0, 0, 0, 0, 0, 0, 0, 0, 0, 0, 0, 0, 0, 0, 0, 0, 0, 0, 0, 0, 4, 28
"c:\Users\Marlowe\Desktop\ProjectBible\external-repos\nota-expo\package-lock.json", "JSON", 0, 0, 18490, 0, 0, 0, 0, 0, 0, 0, 0, 0, 0, 0, 0, 0, 0, 0, 0, 0, 0, 0, 0, 0, 0, 0, 0, 0, 0, 0, 0, 0, 0, 0, 0, 0, 0, 0, 0, 1, 18491
"c:\Users\Marlowe\Desktop\ProjectBible\external-repos\nota-expo\package.json", "JSON", 0, 0, 78, 0, 0, 0, 0, 0, 0, 0, 0, 0, 0, 0, 0, 0, 0, 0, 0, 0, 0, 0, 0, 0, 0, 0, 0, 0, 0, 0, 0, 0, 0, 0, 0, 0, 0, 0, 0, 1, 79
"c:\Users\Marlowe\Desktop\ProjectBible\external-repos\nota-expo\providers\AuthProvider.tsx", "TypeScript JSX", 0, 0, 0, 0, 0, 0, 0, 0, 0, 0, 0, 0, 0, 0, 0, 57, 0, 0, 0, 0, 0, 0, 0, 0, 0, 0, 0, 0, 0, 0, 0, 0, 0, 0, 0, 0, 0, 0, 0, 13, 70
"c:\Users\Marlowe\Desktop\ProjectBible\external-repos\nota-expo\providers\BookNavigationProvider.tsx", "TypeScript JSX", 0, 0, 0, 0, 0, 0, 0, 0, 0, 0, 0, 0, 0, 0, 0, 29, 0, 0, 0, 0, 0, 0, 0, 0, 0, 0, 0, 0, 0, 0, 0, 0, 0, 0, 0, 0, 0, 0, 0, 7, 36
"c:\Users\Marlowe\Desktop\ProjectBible\external-repos\nota-expo\screens\Annotate.tsx", "TypeScript JSX", 0, 0, 0, 0, 0, 0, 0, 0, 0, 0, 0, 0, 0, 0, 0, 53, 0, 0, 0, 0, 0, 0, 0, 0, 0, 0, 0, 0, 0, 0, 0, 0, 0, 0, 0, 0, 0, 0, 0, 11, 64
"c:\Users\Marlowe\Desktop\ProjectBible\external-repos\nota-expo\screens\Chapter.tsx", "TypeScript JSX", 0, 0, 0, 0, 0, 0, 0, 0, 0, 0, 0, 0, 0, 0, 0, 44, 0, 0, 0, 0, 0, 0, 0, 0, 0, 0, 0, 0, 0, 0, 0, 0, 0, 0, 0, 0, 0, 0, 0, 9, 53
"c:\Users\Marlowe\Desktop\ProjectBible\external-repos\nota-expo\screens\Feed.tsx", "TypeScript JSX", 0, 0, 0, 0, 0, 0, 0, 0, 0, 0, 0, 0, 0, 0, 0, 62, 0, 0, 0, 0, 0, 0, 0, 0, 0, 0, 0, 0, 0, 0, 0, 0, 0, 0, 0, 0, 0, 0, 0, 4, 66
"c:\Users\Marlowe\Desktop\ProjectBible\external-repos\nota-expo\screens\Login.tsx", "TypeScript JSX", 0, 0, 0, 0, 0, 0, 0, 0, 0, 0, 0, 0, 0, 0, 0, 152, 0, 0, 0, 0, 0, 0, 0, 0, 0, 0, 0, 0, 0, 0, 0, 0, 0, 0, 0, 0, 0, 0, 0, 14, 166
"c:\Users\Marlowe\Desktop\ProjectBible\external-repos\nota-expo\screens\MyCollection.tsx", "TypeScript JSX", 0, 0, 0, 0, 0, 0, 0, 0, 0, 0, 0, 0, 0, 0, 0, 56, 0, 0, 0, 0, 0, 0, 0, 0, 0, 0, 0, 0, 0, 0, 0, 0, 0, 0, 0, 0, 0, 0, 0, 6, 62
"c:\Users\Marlowe\Desktop\ProjectBible\external-repos\nota-expo\screens\SignUp.tsx", "TypeScript JSX", 0, 0, 0, 0, 0, 0, 0, 0, 0, 0, 0, 0, 0, 0, 0, 206, 0, 0, 0, 0, 0, 0, 0, 0, 0, 0, 0, 0, 0, 0, 0, 0, 0, 0, 0, 0, 0, 0, 0, 22, 228
"c:\Users\Marlowe\Desktop\ProjectBible\external-repos\nota-expo\screens\Verse.tsx", "TypeScript JSX", 0, 0, 0, 0, 0, 0, 0, 0, 0, 0, 0, 0, 0, 0, 0, 96, 0, 0, 0, 0, 0, 0, 0, 0, 0, 0, 0, 0, 0, 0, 0, 0, 0, 0, 0, 0, 0, 0, 0, 11, 107
"c:\Users\Marlowe\Desktop\ProjectBible\external-repos\nota-expo\tools\collapseDuplicates.ts", "TypeScript", 0, 0, 0, 0, 0, 0, 29, 0, 0, 0, 0, 0, 0, 0, 0, 0, 0, 0, 0, 0, 0, 0, 0, 0, 0, 0, 0, 0, 0, 0, 0, 0, 0, 0, 0, 0, 0, 0, 4, 6, 39
"c:\Users\Marlowe\Desktop\ProjectBible\external-repos\nota-expo\tools\pasedBible.js", "JavaScript", 0, 0, 0, 0, 0, 0, 0, 0, 0, 0, 0, 0, 0, 120, 0, 0, 0, 0, 0, 0, 0, 0, 0, 0, 0, 0, 0, 0, 0, 0, 0, 0, 0, 0, 0, 0, 0, 0, 2, 44, 166
"c:\Users\Marlowe\Desktop\ProjectBible\external-repos\nota-expo\tsconfig.json", "JSON with Comments", 0, 6, 0, 0, 0, 0, 0, 0, 0, 0, 0, 0, 0, 0, 0, 0, 0, 0, 0, 0, 0, 0, 0, 0, 0, 0, 0, 0, 0, 0, 0, 0, 0, 0, 0, 0, 0, 0, 0, 1, 7
"c:\Users\Marlowe\Desktop\ProjectBible\external-repos\nota-expo\utils\asInt.ts", "TypeScript", 0, 0, 0, 0, 0, 0, 7, 0, 0, 0, 0, 0, 0, 0, 0, 0, 0, 0, 0, 0, 0, 0, 0, 0, 0, 0, 0, 0, 0, 0, 0, 0, 0, 0, 0, 0, 0, 0, 0, 1, 8
"c:\Users\Marlowe\Desktop\ProjectBible\external-repos\nota-expo\utils\attempt.ts", "TypeScript", 0, 0, 0, 0, 0, 0, 12, 0, 0, 0, 0, 0, 0, 0, 0, 0, 0, 0, 0, 0, 0, 0, 0, 0, 0, 0, 0, 0, 0, 0, 0, 0, 0, 0, 0, 0, 0, 0, 0, 2, 14
"c:\Users\Marlowe\Desktop\ProjectBible\external-repos\nota-expo\utils\auth\clearLocalStorageAuth.ts", "TypeScript", 0, 0, 0, 0, 0, 0, 9, 0, 0, 0, 0, 0, 0, 0, 0, 0, 0, 0, 0, 0, 0, 0, 0, 0, 0, 0, 0, 0, 0, 0, 0, 0, 0, 0, 0, 0, 0, 0, 0, 2, 11
"c:\Users\Marlowe\Desktop\ProjectBible\external-repos\nota-expo\utils\auth\getAccessToken.ts", "TypeScript", 0, 0, 0, 0, 0, 0, 5, 0, 0, 0, 0, 0, 0, 0, 0, 0, 0, 0, 0, 0, 0, 0, 0, 0, 0, 0, 0, 0, 0, 0, 0, 0, 0, 0, 0, 0, 0, 0, 0, 2, 7
"c:\Users\Marlowe\Desktop\ProjectBible\external-repos\nota-expo\utils\auth\getRefreshToken.ts", "TypeScript", 0, 0, 0, 0, 0, 0, 5, 0, 0, 0, 0, 0, 0, 0, 0, 0, 0, 0, 0, 0, 0, 0, 0, 0, 0, 0, 0, 0, 0, 0, 0, 0, 0, 0, 0, 0, 0, 0, 0, 2, 7
"c:\Users\Marlowe\Desktop\ProjectBible\external-repos\nota-expo\utils\auth\getUserFromLocalStorage.ts", "TypeScript", 0, 0, 0, 0, 0, 0, 22, 0, 0, 0, 0, 0, 0, 0, 0, 0, 0, 0, 0, 0, 0, 0, 0, 0, 0, 0, 0, 0, 0, 0, 0, 0, 0, 0, 0, 0, 0, 0, 1, 5, 28
"c:\Users\Marlowe\Desktop\ProjectBible\external-repos\nota-expo\utils\auth\isAuthTokenValid.ts", "TypeScript", 0, 0, 0, 0, 0, 0, 7, 0, 0, 0, 0, 0, 0, 0, 0, 0, 0, 0, 0, 0, 0, 0, 0, 0, 0, 0, 0, 0, 0, 0, 0, 0, 0, 0, 0, 0, 0, 0, 0, 3, 10
"c:\Users\Marlowe\Desktop\ProjectBible\external-repos\nota-expo\utils\auth\requestNewAccessToken.ts", "TypeScript", 0, 0, 0, 0, 0, 0, 38, 0, 0, 0, 0, 0, 0, 0, 0, 0, 0, 0, 0, 0, 0, 0, 0, 0, 0, 0, 0, 0, 0, 0, 0, 0, 0, 0, 0, 0, 0, 0, 0, 7, 45
"c:\Users\Marlowe\Desktop\ProjectBible\external-repos\nota-expo\utils\auth\setLocalStorageAuth.ts", "TypeScript", 0, 0, 0, 0, 0, 0, 13, 0, 0, 0, 0, 0, 0, 0, 0, 0, 0, 0, 0, 0, 0, 0, 0, 0, 0, 0, 0, 0, 0, 0, 0, 0, 0, 0, 0, 0, 0, 0, 1, 2, 16
"c:\Users\Marlowe\Desktop\ProjectBible\external-repos\nota-expo\utils\auth\validateTokenDate.ts", "TypeScript", 0, 0, 0, 0, 0, 0, 9, 0, 0, 0, 0, 0, 0, 0, 0, 0, 0, 0, 0, 0, 0, 0, 0, 0, 0, 0, 0, 0, 0, 0, 0, 0, 0, 0, 0, 0, 0, 0, 0, 4, 13
"c:\Users\Marlowe\Desktop\ProjectBible\external-repos\nota-expo\utils\extractNodes.ts", "TypeScript", 0, 0, 0, 0, 0, 0, 10, 0, 0, 0, 0, 0, 0, 0, 0, 0, 0, 0, 0, 0, 0, 0, 0, 0, 0, 0, 0, 0, 0, 0, 0, 0, 0, 0, 0, 0, 0, 0, 0, 3, 13
"c:\Users\Marlowe\Desktop\ProjectBible\external-repos\nota-expo\utils\formatters\formatDate.ts", "TypeScript", 0, 0, 0, 0, 0, 0, 41, 0, 0, 0, 0, 0, 0, 0, 0, 0, 0, 0, 0, 0, 0, 0, 0, 0, 0, 0, 0, 0, 0, 0, 0, 0, 0, 0, 0, 0, 0, 0, 0, 11, 52
"c:\Users\Marlowe\Desktop\ProjectBible\external-repos\nota-expo\utils\formatters\formatFallback.ts", "TypeScript", 0, 0, 0, 0, 0, 0, 3, 0, 0, 0, 0, 0, 0, 0, 0, 0, 0, 0, 0, 0, 0, 0, 0, 0, 0, 0, 0, 0, 0, 0, 0, 0, 0, 0, 0, 0, 0, 0, 0, 1, 4
"c:\Users\Marlowe\Desktop\ProjectBible\external-repos\nota-expo\utils\formatters\formatTextAddress.ts", "TypeScript", 0, 0, 0, 0, 0, 0, 10, 0, 0, 0, 0, 0, 0, 0, 0, 0, 0, 0, 0, 0, 0, 0, 0, 0, 0, 0, 0, 0, 0, 0, 0, 0, 0, 0, 0, 0, 0, 0, 0, 4, 14
"c:\Users\Marlowe\Desktop\ProjectBible\external-repos\nota-expo\utils\formatters\formatUserName.ts", "TypeScript", 0, 0, 0, 0, 0, 0, 3, 0, 0, 0, 0, 0, 0, 0, 0, 0, 0, 0, 0, 0, 0, 0, 0, 0, 0, 0, 0, 0, 0, 0, 0, 0, 0, 0, 0, 0, 0, 0, 0, 1, 4
"c:\Users\Marlowe\Desktop\ProjectBible\external-repos\nota-expo\utils\normalizeErrors.ts", "TypeScript", 0, 0, 0, 0, 0, 0, 45, 0, 0, 0, 0, 0, 0, 0, 0, 0, 0, 0, 0, 0, 0, 0, 0, 0, 0, 0, 0, 0, 0, 0, 0, 0, 0, 0, 0, 0, 0, 0, 1, 11, 57
"c:\Users\Marlowe\Desktop\ProjectBible\external-repos\nota-expo\utils\objectHasProperties.ts", "TypeScript", 0, 0, 0, 0, 0, 0, 8, 0, 0, 0, 0, 0, 0, 0, 0, 0, 0, 0, 0, 0, 0, 0, 0, 0, 0, 0, 0, 0, 0, 0, 0, 0, 0, 0, 0, 0, 0, 0, 0, 2, 10
"c:\Users\Marlowe\Desktop\ProjectBible\external-repos\nota-expo\utils\verseIdToPassageInfo.ts", "TypeScript", 0, 0, 0, 0, 0, 0, 29, 0, 0, 0, 0, 0, 0, 0, 0, 0, 0, 0, 0, 0, 0, 0, 0, 0, 0, 0, 0, 0, 0, 0, 0, 0, 0, 0, 0, 0, 0, 0, 0, 9, 38
"c:\Users\Marlowe\Desktop\ProjectBible\external-repos\nota-expo\utils\verseToText.ts", "TypeScript", 0, 0, 0, 0, 0, 0, 16, 0, 0, 0, 0, 0, 0, 0, 0, 0, 0, 0, 0, 0, 0, 0, 0, 0, 0, 0, 0, 0, 0, 0, 0, 0, 0, 0, 0, 0, 0, 0, 0, 3, 19
"c:\Users\Marlowe\Desktop\ProjectBible\index.html", "HTML", 0, 0, 0, 0, 0, 198, 0, 0, 0, 0, 0, 0, 0, 0, 0, 0, 0, 0, 0, 0, 0, 0, 0, 0, 0, 0, 0, 0, 0, 0, 0, 0, 0, 0, 0, 0, 0, 0, 2, 27, 227
"c:\Users\Marlowe\Desktop\ProjectBible\install-polished.sh", "Shell Script", 0, 0, 0, 0, 0, 0, 0, 0, 0, 0, 0, 0, 0, 0, 0, 0, 0, 2, 0, 0, 0, 0, 0, 0, 0, 0, 0, 0, 0, 0, 0, 0, 0, 0, 0, 0, 0, 0, 2, 1, 5
"c:\Users\Marlowe\Desktop\ProjectBible\manage-packs.ps1", "PowerShell", 0, 0, 0, 0, 0, 0, 0, 0, 0, 102, 0, 0, 0, 0, 0, 0, 0, 0, 0, 0, 0, 0, 0, 0, 0, 0, 0, 0, 0, 0, 0, 0, 0, 0, 0, 0, 0, 0, 3, 21, 126
"c:\Users\Marlowe\Desktop\ProjectBible\package-lock.json", "JSON", 0, 0, 14276, 0, 0, 0, 0, 0, 0, 0, 0, 0, 0, 0, 0, 0, 0, 0, 0, 0, 0, 0, 0, 0, 0, 0, 0, 0, 0, 0, 0, 0, 0, 0, 0, 0, 0, 0, 0, 1, 14277
"c:\Users\Marlowe\Desktop\ProjectBible\package.json", "JSON", 0, 0, 67, 0, 0, 0, 0, 0, 0, 0, 0, 0, 0, 0, 0, 0, 0, 0, 0, 0, 0, 0, 0, 0, 0, 0, 0, 0, 0, 0, 0, 0, 0, 0, 0, 0, 0, 0, 0, 1, 68
"c:\Users\Marlowe\Desktop\ProjectBible\packages\core\package.json", "JSON", 0, 0, 23, 0, 0, 0, 0, 0, 0, 0, 0, 0, 0, 0, 0, 0, 0, 0, 0, 0, 0, 0, 0, 0, 0, 0, 0, 0, 0, 0, 0, 0, 0, 0, 0, 0, 0, 0, 0, 1, 24
"c:\Users\Marlowe\Desktop\ProjectBible\packages\core\src\BibleMetadata.ts", "TypeScript", 0, 0, 0, 0, 0, 0, 1323, 0, 0, 0, 0, 0, 0, 0, 0, 0, 0, 0, 0, 0, 0, 0, 0, 0, 0, 0, 0, 0, 0, 0, 0, 0, 0, 0, 0, 0, 0, 0, 2, 2, 1327
"c:\Users\Marlowe\Desktop\ProjectBible\packages\core\src\ReadingPlanEngine.ts", "TypeScript", 0, 0, 0, 0, 0, 0, 216, 0, 0, 0, 0, 0, 0, 0, 0, 0, 0, 0, 0, 0, 0, 0, 0, 0, 0, 0, 0, 0, 0, 0, 0, 0, 0, 0, 0, 0, 0, 0, 0, 42, 258
"c:\Users\Marlowe\Desktop\ProjectBible\packages\core\src\index.ts", "TypeScript", 0, 0, 0, 0, 0, 0, 37, 0, 0, 0, 0, 0, 0, 0, 0, 0, 0, 0, 0, 0, 0, 0, 0, 0, 0, 0, 0, 0, 0, 0, 0, 0, 0, 0, 0, 0, 0, 0, 2, 4, 43
"c:\Users\Marlowe\Desktop\ProjectBible\packages\core\src\interfaces.ts", "TypeScript", 0, 0, 0, 0, 0, 0, 326, 0, 0, 0, 0, 0, 0, 0, 0, 0, 0, 0, 0, 0, 0, 0, 0, 0, 0, 0, 0, 0, 0, 0, 0, 0, 0, 0, 0, 0, 0, 0, 76, 96, 498
"c:\Users\Marlowe\Desktop\ProjectBible\packages\core\src\reader.ts", "TypeScript", 0, 0, 0, 0, 0, 0, 560, 0, 0, 0, 0, 0, 0, 0, 0, 0, 0, 0, 0, 0, 0, 0, 0, 0, 0, 0, 0, 0, 0, 0, 0, 0, 0, 0, 0, 0, 0, 0, 5, 32, 597
"c:\Users\Marlowe\Desktop\ProjectBible\packages\core\src\reading-plan.ts", "TypeScript", 0, 0, 0, 0, 0, 0, 408, 0, 0, 0, 0, 0, 0, 0, 0, 0, 0, 0, 0, 0, 0, 0, 0, 0, 0, 0, 0, 0, 0, 0, 0, 0, 0, 0, 0, 0, 0, 0, 133, 109, 650
"c:\Users\Marlowe\Desktop\ProjectBible\packages\core\src\schemas\PackManifest.ts", "TypeScript", 0, 0, 0, 0, 0, 0, 146, 0, 0, 0, 0, 0, 0, 0, 0, 0, 0, 0, 0, 0, 0, 0, 0, 0, 0, 0, 0, 0, 0, 0, 0, 0, 0, 0, 0, 0, 0, 0, 48, 50, 244
"c:\Users\Marlowe\Desktop\ProjectBible\packages\core\src\search\englishLexicalPackLoader.ts", "TypeScript", 0, 0, 0, 0, 0, 0, 251, 0, 0, 0, 0, 0, 0, 0, 0, 0, 0, 0, 0, 0, 0, 0, 0, 0, 0, 0, 0, 0, 0, 0, 0, 0, 0, 0, 0, 0, 0, 0, 39, 46, 336
"c:\Users\Marlowe\Desktop\ProjectBible\packages\core\src\search\englishLexicalService.ts", "TypeScript", 0, 0, 0, 0, 0, 0, 233, 0, 0, 0, 0, 0, 0, 0, 0, 0, 0, 0, 0, 0, 0, 0, 0, 0, 0, 0, 0, 0, 0, 0, 0, 0, 0, 0, 0, 0, 0, 0, 58, 63, 354
"c:\Users\Marlowe\Desktop\ProjectBible\packages\core\src\search\searchConfig.ts", "TypeScript", 0, 0, 0, 0, 0, 0, 216, 0, 0, 0, 0, 0, 0, 0, 0, 0, 0, 0, 0, 0, 0, 0, 0, 0, 0, 0, 0, 0, 0, 0, 0, 0, 0, 0, 0, 0, 0, 0, 71, 58, 345
"c:\Users\Marlowe\Desktop\ProjectBible\packages\core\src\search\searchPresets.ts", "TypeScript", 0, 0, 0, 0, 0, 0, 156, 0, 0, 0, 0, 0, 0, 0, 0, 0, 0, 0, 0, 0, 0, 0, 0, 0, 0, 0, 0, 0, 0, 0, 0, 0, 0, 0, 0, 0, 0, 0, 0, 3, 159
"c:\Users\Marlowe\Desktop\ProjectBible\packages\core\src\search\sql.d.ts", "TypeScript", 0, 0, 0, 0, 0, 0, 19, 0, 0, 0, 0, 0, 0, 0, 0, 0, 0, 0, 0, 0, 0, 0, 0, 0, 0, 0, 0, 0, 0, 0, 0, 0, 0, 0, 0, 0, 0, 0, 0, 5, 24
"c:\Users\Marlowe\Desktop\ProjectBible\packages\core\src\services\PackLoader.ts", "TypeScript", 0, 0, 0, 0, 0, 0, 281, 0, 0, 0, 0, 0, 0, 0, 0, 0, 0, 0, 0, 0, 0, 0, 0, 0, 0, 0, 0, 0, 0, 0, 0, 0, 0, 0, 0, 0, 0, 0, 70, 87, 438
"c:\Users\Marlowe\Desktop\ProjectBible\packages\core\src\services\SQLiteWorker.ts", "TypeScript", 0, 0, 0, 0, 0, 0, 179, 0, 0, 0, 0, 0, 0, 0, 0, 0, 0, 0, 0, 0, 0, 0, 0, 0, 0, 0, 0, 0, 0, 0, 0, 0, 0, 0, 0, 0, 0, 0, 33, 40, 252
"c:\Users\Marlowe\Desktop\ProjectBible\packages\core\src\services\SQLiteWorkerPool.ts", "TypeScript", 0, 0, 0, 0, 0, 0, 85, 0, 0, 0, 0, 0, 0, 0, 0, 0, 0, 0, 0, 0, 0, 0, 0, 0, 0, 0, 0, 0, 0, 0, 0, 0, 0, 0, 0, 0, 0, 0, 41, 24, 150
"c:\Users\Marlowe\Desktop\ProjectBible\packages\core\test\reading-plan.test.ts", "TypeScript", 0, 0, 0, 0, 0, 0, 83, 0, 0, 0, 0, 0, 0, 0, 0, 0, 0, 0, 0, 0, 0, 0, 0, 0, 0, 0, 0, 0, 0, 0, 0, 0, 0, 0, 0, 0, 0, 0, 12, 16, 111
"c:\Users\Marlowe\Desktop\ProjectBible\packages\core\tsconfig.json", "JSON with Comments", 0, 10, 0, 0, 0, 0, 0, 0, 0, 0, 0, 0, 0, 0, 0, 0, 0, 0, 0, 0, 0, 0, 0, 0, 0, 0, 0, 0, 0, 0, 0, 0, 0, 0, 0, 0, 0, 0, 0, 1, 11
"c:\Users\Marlowe\Desktop\ProjectBible\packages\packtools\README.md", "Markdown", 80, 0, 0, 0, 0, 0, 0, 0, 0, 0, 0, 0, 0, 0, 0, 0, 0, 0, 0, 0, 0, 0, 0, 0, 0, 0, 0, 0, 0, 0, 0, 0, 0, 0, 0, 0, 0, 0, 0, 39, 119
"c:\Users\Marlowe\Desktop\ProjectBible\packages\packtools\package.json", "JSON", 0, 0, 25, 0, 0, 0, 0, 0, 0, 0, 0, 0, 0, 0, 0, 0, 0, 0, 0, 0, 0, 0, 0, 0, 0, 0, 0, 0, 0, 0, 0, 0, 0, 0, 0, 0, 0, 0, 0, 1, 26
"c:\Users\Marlowe\Desktop\ProjectBible\packages\packtools\src\cli.ts", "TypeScript", 0, 0, 0, 0, 0, 0, 21, 0, 0, 0, 0, 0, 0, 0, 0, 0, 0, 0, 0, 0, 0, 0, 0, 0, 0, 0, 0, 0, 0, 0, 0, 0, 0, 0, 0, 0, 0, 0, 0, 7, 28
"c:\Users\Marlowe\Desktop\ProjectBible\packages\packtools\src\commands\build.ts", "TypeScript", 0, 0, 0, 0, 0, 0, 99, 0, 0, 0, 0, 0, 0, 0, 0, 0, 0, 0, 0, 0, 0, 0, 0, 0, 0, 0, 0, 0, 0, 0, 0, 0, 0, 0, 0, 0, 0, 0, 10, 23, 132
"c:\Users\Marlowe\Desktop\ProjectBible\packages\packtools\src\commands\validate.ts", "TypeScript", 0, 0, 0, 0, 0, 0, 29, 0, 0, 0, 0, 0, 0, 0, 0, 0, 0, 0, 0, 0, 0, 0, 0, 0, 0, 0, 0, 0, 0, 0, 0, 0, 0, 0, 0, 0, 0, 0, 3, 9, 41
"c:\Users\Marlowe\Desktop\ProjectBible\packages\packtools\src\parsers\osis-bible-parser.mjs", "JavaScript", 0, 0, 0, 0, 0, 0, 0, 0, 0, 0, 0, 0, 0, 313, 0, 0, 0, 0, 0, 0, 0, 0, 0, 0, 0, 0, 0, 0, 0, 0, 0, 0, 0, 0, 0, 0, 0, 0, 57, 46, 416
"c:\Users\Marlowe\Desktop\ProjectBible\packages\packtools\src\parsers\osis-crossref-parser.mjs", "JavaScript", 0, 0, 0, 0, 0, 0, 0, 0, 0, 0, 0, 0, 0, 154, 0, 0, 0, 0, 0, 0, 0, 0, 0, 0, 0, 0, 0, 0, 0, 0, 0, 0, 0, 0, 0, 0, 0, 0, 32, 21, 207
"c:\Users\Marlowe\Desktop\ProjectBible\packages\packtools\src\parsers\usfm-parser.mjs", "JavaScript", 0, 0, 0, 0, 0, 0, 0, 0, 0, 0, 0, 0, 0, 207, 0, 0, 0, 0, 0, 0, 0, 0, 0, 0, 0, 0, 0, 0, 0, 0, 0, 0, 0, 0, 0, 0, 0, 0, 39, 36, 282
"c:\Users\Marlowe\Desktop\ProjectBible\packages\packtools\src\types.ts", "TypeScript", 0, 0, 0, 0, 0, 0, 18, 0, 0, 0, 0, 0, 0, 0, 0, 0, 0, 0, 0, 0, 0, 0, 0, 0, 0, 0, 0, 0, 0, 0, 0, 0, 0, 0, 0, 0, 0, 0, 0, 2, 20
"c:\Users\Marlowe\Desktop\ProjectBible\packages\packtools\tsconfig.json", "JSON with Comments", 0, 11, 0, 0, 0, 0, 0, 0, 0, 0, 0, 0, 0, 0, 0, 0, 0, 0, 0, 0, 0, 0, 0, 0, 0, 0, 0, 0, 0, 0, 0, 0, 0, 0, 0, 0, 0, 0, 0, 1, 12
"c:\Users\Marlowe\Desktop\ProjectBible\packs\README.md", "Markdown", 158, 0, 0, 0, 0, 0, 0, 0, 0, 0, 0, 0, 0, 0, 0, 0, 0, 0, 0, 0, 0, 0, 0, 0, 0, 0, 0, 0, 0, 0, 0, 0, 0, 0, 0, 0, 0, 0, 0, 49, 207
"c:\Users\Marlowe\Desktop\ProjectBible\packs\bsb-audio\manifest.json", "JSON", 0, 0, 13, 0, 0, 0, 0, 0, 0, 0, 0, 0, 0, 0, 0, 0, 0, 0, 0, 0, 0, 0, 0, 0, 0, 0, 0, 0, 0, 0, 0, 0, 0, 0, 0, 0, 0, 0, 0, 0, 13
"c:\Users\Marlowe\Desktop\ProjectBible\packs\chronological-v1.json", "JSON", 0, 0, 342415, 0, 0, 0, 0, 0, 0, 0, 0, 0, 0, 0, 0, 0, 0, 0, 0, 0, 0, 0, 0, 0, 0, 0, 0, 0, 0, 0, 0, 0, 0, 0, 0, 0, 0, 0, 0, 0, 342415
"c:\Users\Marlowe\Desktop\ProjectBible\packs\consolidated\manifest.json", "JSON", 0, 0, 157, 0, 0, 0, 0, 0, 0, 0, 0, 0, 0, 0, 0, 0, 0, 0, 0, 0, 0, 0, 0, 0, 0, 0, 0, 0, 0, 0, 0, 0, 0, 0, 0, 0, 0, 0, 0, 0, 157
"c:\Users\Marlowe\Desktop\ProjectBible\packs\polished\README.md", "Markdown", 14, 0, 0, 0, 0, 0, 0, 0, 0, 0, 0, 0, 0, 0, 0, 0, 0, 0, 0, 0, 0, 0, 0, 0, 0, 0, 0, 0, 0, 0, 0, 0, 0, 0, 0, 0, 0, 0, 0, 8, 22
"c:\Users\Marlowe\Desktop\ProjectBible\packs\workbench\README.md", "Markdown", 8, 0, 0, 0, 0, 0, 0, 0, 0, 0, 0, 0, 0, 0, 0, 0, 0, 0, 0, 0, 0, 0, 0, 0, 0, 0, 0, 0, 0, 0, 0, 0, 0, 0, 0, 0, 0, 0, 0, 6, 14
"c:\Users\Marlowe\Desktop\ProjectBible\packs\workbench\commentary-coverage.json", "JSON", 0, 0, 90, 0, 0, 0, 0, 0, 0, 0, 0, 0, 0, 0, 0, 0, 0, 0, 0, 0, 0, 0, 0, 0, 0, 0, 0, 0, 0, 0, 0, 0, 0, 0, 0, 0, 0, 0, 0, 0, 90
"c:\Users\Marlowe\Desktop\ProjectBible\packs\workbench\commentary-report.md", "Markdown", 77, 0, 0, 0, 0, 0, 0, 0, 0, 0, 0, 0, 0, 0, 0, 0, 0, 0, 0, 0, 0, 0, 0, 0, 0, 0, 0, 0, 0, 0, 0, 0, 0, 0, 0, 0, 0, 0, 0, 14, 91
"c:\Users\Marlowe\Desktop\ProjectBible\scripts\add-reverse-interlinear.mjs", "JavaScript", 0, 0, 0, 0, 0, 0, 0, 0, 0, 0, 0, 0, 0, 135, 0, 0, 0, 0, 0, 0, 0, 0, 0, 0, 0, 0, 0, 0, 0, 0, 0, 0, 0, 0, 0, 0, 0, 0, 22, 32, 189
"c:\Users\Marlowe\Desktop\ProjectBible\scripts\add-strongs-glosses.mjs", "JavaScript", 0, 0, 0, 0, 0, 0, 0, 0, 0, 0, 0, 0, 0, 179, 0, 0, 0, 0, 0, 0, 0, 0, 0, 0, 0, 0, 0, 0, 0, 0, 0, 0, 0, 0, 0, 0, 0, 0, 25, 49, 253
"c:\Users\Marlowe\Desktop\ProjectBible\scripts\build-all-packs.mjs", "JavaScript", 0, 0, 0, 0, 0, 0, 0, 0, 0, 0, 0, 0, 0, 40, 0, 0, 0, 0, 0, 0, 0, 0, 0, 0, 0, 0, 0, 0, 0, 0, 0, 0, 0, 0, 0, 0, 0, 0, 7, 8, 55
"c:\Users\Marlowe\Desktop\ProjectBible\scripts\build-ancient-languages-pack.mjs", "JavaScript", 0, 0, 0, 0, 0, 0, 0, 0, 0, 0, 0, 0, 0, 192, 0, 0, 0, 0, 0, 0, 0, 0, 0, 0, 0, 0, 0, 0, 0, 0, 0, 0, 0, 0, 0, 0, 0, 0, 13, 41, 246
"c:\Users\Marlowe\Desktop\ProjectBible\scripts\build-ancient-packs.mjs", "JavaScript", 0, 0, 0, 0, 0, 0, 0, 0, 0, 0, 0, 0, 0, 101, 0, 0, 0, 0, 0, 0, 0, 0, 0, 0, 0, 0, 0, 0, 0, 0, 0, 0, 0, 0, 0, 0, 0, 0, 10, 23, 134
"c:\Users\Marlowe\Desktop\ProjectBible\scripts\build-audio-packs.mjs", "JavaScript", 0, 0, 0, 0, 0, 0, 0, 0, 0, 0, 0, 0, 0, 143, 0, 0, 0, 0, 0, 0, 0, 0, 0, 0, 0, 0, 0, 0, 0, 0, 0, 0, 0, 0, 0, 0, 0, 0, 20, 30, 193
"c:\Users\Marlowe\Desktop\ProjectBible\scripts\build-bootstrap-pack.mjs", "JavaScript", 0, 0, 0, 0, 0, 0, 0, 0, 0, 0, 0, 0, 0, 367, 0, 0, 0, 0, 0, 0, 0, 0, 0, 0, 0, 0, 0, 0, 0, 0, 0, 0, 0, 0, 0, 0, 0, 0, 34, 34, 435
"c:\Users\Marlowe\Desktop\ProjectBible\scripts\build-bsb-audio-pack.mjs", "JavaScript", 0, 0, 0, 0, 0, 0, 0, 0, 0, 0, 0, 0, 0, 240, 0, 0, 0, 0, 0, 0, 0, 0, 0, 0, 0, 0, 0, 0, 0, 0, 0, 0, 0, 0, 0, 0, 0, 0, 31, 43, 314
"c:\Users\Marlowe\Desktop\ProjectBible\scripts\build-bsb-pack.mjs", "JavaScript", 0, 0, 0, 0, 0, 0, 0, 0, 0, 0, 0, 0, 0, 345, 0, 0, 0, 0, 0, 0, 0, 0, 0, 0, 0, 0, 0, 0, 0, 0, 0, 0, 0, 0, 0, 0, 0, 0, 66, 56, 467
"c:\Users\Marlowe\Desktop\ProjectBible\scripts\build-chronological-pack.mjs", "JavaScript", 0, 0, 0, 0, 0, 0, 0, 0, 0, 0, 0, 0, 0, 553, 0, 0, 0, 0, 0, 0, 0, 0, 0, 0, 0, 0, 0, 0, 0, 0, 0, 0, 0, 0, 0, 0, 0, 0, 55, 92, 700
"c:\Users\Marlowe\Desktop\ProjectBible\scripts\build-commentary-pack.mjs", "JavaScript", 0, 0, 0, 0, 0, 0, 0, 0, 0, 0, 0, 0, 0, 228, 0, 0, 0, 0, 0, 0, 0, 0, 0, 0, 0, 0, 0, 0, 0, 0, 0, 0, 0, 0, 0, 0, 0, 0, 39, 45, 312
"c:\Users\Marlowe\Desktop\ProjectBible\scripts\build-consolidated-packs.mjs", "JavaScript", 0, 0, 0, 0, 0, 0, 0, 0, 0, 0, 0, 0, 0, 371, 0, 0, 0, 0, 0, 0, 0, 0, 0, 0, 0, 0, 0, 0, 0, 0, 0, 0, 0, 0, 0, 0, 0, 0, 43, 32, 446
"c:\Users\Marlowe\Desktop\ProjectBible\scripts\build-cross-references.mjs", "JavaScript", 0, 0, 0, 0, 0, 0, 0, 0, 0, 0, 0, 0, 0, 154, 0, 0, 0, 0, 0, 0, 0, 0, 0, 0, 0, 0, 0, 0, 0, 0, 0, 0, 0, 0, 0, 0, 0, 0, 29, 36, 219
"c:\Users\Marlowe\Desktop\ProjectBible\scripts\build-dictionary-pack.mjs", "JavaScript", 0, 0, 0, 0, 0, 0, 0, 0, 0, 0, 0, 0, 0, 115, 0, 0, 0, 0, 0, 0, 0, 0, 0, 0, 0, 0, 0, 0, 0, 0, 0, 0, 0, 0, 0, 0, 0, 0, 20, 21, 156
"c:\Users\Marlowe\Desktop\ProjectBible\scripts\build-english-grammar-pack.mjs", "JavaScript", 0, 0, 0, 0, 0, 0, 0, 0, 0, 0, 0, 0, 0, 287, 0, 0, 0, 0, 0, 0, 0, 0, 0, 0, 0, 0, 0, 0, 0, 0, 0, 0, 0, 0, 0, 0, 0, 0, 39, 39, 365
"c:\Users\Marlowe\Desktop\ProjectBible\scripts\build-english-thesaurus-pack.mjs", "JavaScript", 0, 0, 0, 0, 0, 0, 0, 0, 0, 0, 0, 0, 0, 198, 0, 0, 0, 0, 0, 0, 0, 0, 0, 0, 0, 0, 0, 0, 0, 0, 0, 0, 0, 0, 0, 0, 0, 0, 42, 42, 282
"c:\Users\Marlowe\Desktop\ProjectBible\scripts\build-english-wordlist-pack.mjs", "JavaScript", 0, 0, 0, 0, 0, 0, 0, 0, 0, 0, 0, 0, 0, 192, 0, 0, 0, 0, 0, 0, 0, 0, 0, 0, 0, 0, 0, 0, 0, 0, 0, 0, 0, 0, 0, 0, 0, 0, 40, 41, 273
"c:\Users\Marlowe\Desktop\ProjectBible\scripts\build-enhanced-map-pack.mjs", "JavaScript", 0, 0, 0, 0, 0, 0, 0, 0, 0, 0, 0, 0, 0, 323, 0, 0, 0, 0, 0, 0, 0, 0, 0, 0, 0, 0, 0, 0, 0, 0, 0, 0, 0, 0, 0, 0, 0, 0, 27, 50, 400
"c:\Users\Marlowe\Desktop\ProjectBible\scripts\build-full-packs.mjs", "JavaScript", 0, 0, 0, 0, 0, 0, 0, 0, 0, 0, 0, 0, 0, 115, 0, 0, 0, 0, 0, 0, 0, 0, 0, 0, 0, 0, 0, 0, 0, 0, 0, 0, 0, 0, 0, 0, 0, 0, 15, 30, 160
"c:\Users\Marlowe\Desktop\ProjectBible\scripts\build-greek-nt-packs.mjs", "JavaScript", 0, 0, 0, 0, 0, 0, 0, 0, 0, 0, 0, 0, 0, 116, 0, 0, 0, 0, 0, 0, 0, 0, 0, 0, 0, 0, 0, 0, 0, 0, 0, 0, 0, 0, 0, 0, 0, 0, 11, 25, 152
"c:\Users\Marlowe\Desktop\ProjectBible\scripts\build-greek-pack.mjs", "JavaScript", 0, 0, 0, 0, 0, 0, 0, 0, 0, 0, 0, 0, 0, 245, 0, 0, 0, 0, 0, 0, 0, 0, 0, 0, 0, 0, 0, 0, 0, 0, 0, 0, 0, 0, 0, 0, 0, 0, 18, 48, 311
"c:\Users\Marlowe\Desktop\ProjectBible\scripts\build-headings-pack.mjs", "JavaScript", 0, 0, 0, 0, 0, 0, 0, 0, 0, 0, 0, 0, 0, 177, 0, 0, 0, 0, 0, 0, 0, 0, 0, 0, 0, 0, 0, 0, 0, 0, 0, 0, 0, 0, 0, 0, 0, 0, 20, 25, 222
"c:\Users\Marlowe\Desktop\ProjectBible\scripts\build-hebrew-morphology.mjs", "JavaScript", 0, 0, 0, 0, 0, 0, 0, 0, 0, 0, 0, 0, 0, 185, 0, 0, 0, 0, 0, 0, 0, 0, 0, 0, 0, 0, 0, 0, 0, 0, 0, 0, 0, 0, 0, 0, 0, 0, 29, 48, 262
"c:\Users\Marlowe\Desktop\ProjectBible\scripts\build-hebrew-pack.mjs", "JavaScript", 0, 0, 0, 0, 0, 0, 0, 0, 0, 0, 0, 0, 0, 255, 0, 0, 0, 0, 0, 0, 0, 0, 0, 0, 0, 0, 0, 0, 0, 0, 0, 0, 0, 0, 0, 0, 0, 0, 17, 50, 322
"c:\Users\Marlowe\Desktop\ProjectBible\scripts\build-journey-routes.mjs", "JavaScript", 0, 0, 0, 0, 0, 0, 0, 0, 0, 0, 0, 0, 0, 486, 0, 0, 0, 0, 0, 0, 0, 0, 0, 0, 0, 0, 0, 0, 0, 0, 0, 0, 0, 0, 0, 0, 0, 0, 19, 17, 522
"c:\Users\Marlowe\Desktop\ProjectBible\scripts\build-kjv-pack.mjs", "JavaScript", 0, 0, 0, 0, 0, 0, 0, 0, 0, 0, 0, 0, 0, 46, 0, 0, 0, 0, 0, 0, 0, 0, 0, 0, 0, 0, 0, 0, 0, 0, 0, 0, 0, 0, 0, 0, 0, 0, 12, 18, 76
"c:\Users\Marlowe\Desktop\ProjectBible\scripts\build-lexical-pack-v2.mjs", "JavaScript", 0, 0, 0, 0, 0, 0, 0, 0, 0, 0, 0, 0, 0, 93, 0, 0, 0, 0, 0, 0, 0, 0, 0, 0, 0, 0, 0, 0, 0, 0, 0, 0, 0, 0, 0, 0, 0, 0, 20, 28, 141
"c:\Users\Marlowe\Desktop\ProjectBible\scripts\build-lexical-pack.mjs", "JavaScript", 0, 0, 0, 0, 0, 0, 0, 0, 0, 0, 0, 0, 0, 246, 0, 0, 0, 0, 0, 0, 0, 0, 0, 0, 0, 0, 0, 0, 0, 0, 0, 0, 0, 0, 0, 0, 0, 0, 13, 45, 304
"c:\Users\Marlowe\Desktop\ProjectBible\scripts\build-lxx-morphology.mjs", "JavaScript", 0, 0, 0, 0, 0, 0, 0, 0, 0, 0, 0, 0, 0, 161, 0, 0, 0, 0, 0, 0, 0, 0, 0, 0, 0, 0, 0, 0, 0, 0, 0, 0, 0, 0, 0, 0, 0, 0, 26, 35, 222
"c:\Users\Marlowe\Desktop\ProjectBible\scripts\build-lxx-pack.mjs", "JavaScript", 0, 0, 0, 0, 0, 0, 0, 0, 0, 0, 0, 0, 0, 90, 0, 0, 0, 0, 0, 0, 0, 0, 0, 0, 0, 0, 0, 0, 0, 0, 0, 0, 0, 0, 0, 0, 0, 0, 21, 23, 134
"c:\Users\Marlowe\Desktop\ProjectBible\scripts\build-lxx2012-pack.mjs", "JavaScript", 0, 0, 0, 0, 0, 0, 0, 0, 0, 0, 0, 0, 0, 54, 0, 0, 0, 0, 0, 0, 0, 0, 0, 0, 0, 0, 0, 0, 0, 0, 0, 0, 0, 0, 0, 0, 0, 0, 12, 13, 79
"c:\Users\Marlowe\Desktop\ProjectBible\scripts\build-map-pack.mjs", "JavaScript", 0, 0, 0, 0, 0, 0, 0, 0, 0, 0, 0, 0, 0, 264, 0, 0, 0, 0, 0, 0, 0, 0, 0, 0, 0, 0, 0, 0, 0, 0, 0, 0, 0, 0, 0, 0, 0, 0, 23, 25, 312
"c:\Users\Marlowe\Desktop\ProjectBible\scripts\build-morphology-packs.mjs", "JavaScript", 0, 0, 0, 0, 0, 0, 0, 0, 0, 0, 0, 0, 0, 226, 0, 0, 0, 0, 0, 0, 0, 0, 0, 0, 0, 0, 0, 0, 0, 0, 0, 0, 0, 0, 0, 0, 0, 0, 30, 51, 307
"c:\Users\Marlowe\Desktop\ProjectBible\scripts\build-net-pack.mjs", "JavaScript", 0, 0, 0, 0, 0, 0, 0, 0, 0, 0, 0, 0, 0, 220, 0, 0, 0, 0, 0, 0, 0, 0, 0, 0, 0, 0, 0, 0, 0, 0, 0, 0, 0, 0, 0, 0, 0, 0, 40, 48, 308
"c:\Users\Marlowe\Desktop\ProjectBible\scripts\build-openbible-pack.mjs", "JavaScript", 0, 0, 0, 0, 0, 0, 0, 0, 0, 0, 0, 0, 0, 420, 0, 0, 0, 0, 0, 0, 0, 0, 0, 0, 0, 0, 0, 0, 0, 0, 0, 0, 0, 0, 0, 0, 0, 0, 20, 51, 491
"c:\Users\Marlowe\Desktop\ProjectBible\scripts\build-places-pack.mjs", "JavaScript", 0, 0, 0, 0, 0, 0, 0, 0, 0, 0, 0, 0, 0, 270, 0, 0, 0, 0, 0, 0, 0, 0, 0, 0, 0, 0, 0, 0, 0, 0, 0, 0, 0, 0, 0, 0, 0, 0, 29, 23, 322
"c:\Users\Marlowe\Desktop\ProjectBible\scripts\build-pleiades-pack.mjs", "JavaScript", 0, 0, 0, 0, 0, 0, 0, 0, 0, 0, 0, 0, 0, 230, 0, 0, 0, 0, 0, 0, 0, 0, 0, 0, 0, 0, 0, 0, 0, 0, 0, 0, 0, 0, 0, 0, 0, 0, 21, 38, 289
"c:\Users\Marlowe\Desktop\ProjectBible\scripts\build-poi-database.mjs", "JavaScript", 0, 0, 0, 0, 0, 0, 0, 0, 0, 0, 0, 0, 0, 366, 0, 0, 0, 0, 0, 0, 0, 0, 0, 0, 0, 0, 0, 0, 0, 0, 0, 0, 0, 0, 0, 0, 0, 0, 24, 27, 417
"c:\Users\Marlowe\Desktop\ProjectBible\scripts\build-sample-packs.ps1", "PowerShell", 0, 0, 0, 0, 0, 0, 0, 0, 0, 17, 0, 0, 0, 0, 0, 0, 0, 0, 0, 0, 0, 0, 0, 0, 0, 0, 0, 0, 0, 0, 0, 0, 0, 0, 0, 0, 0, 0, 5, 6, 28
"c:\Users\Marlowe\Desktop\ProjectBible\scripts\build-sample-packs.sh", "Shell Script", 0, 0, 0, 0, 0, 0, 0, 0, 0, 0, 0, 0, 0, 0, 0, 0, 0, 12, 0, 0, 0, 0, 0, 0, 0, 0, 0, 0, 0, 0, 0, 0, 0, 0, 0, 0, 0, 0, 5, 7, 24
"c:\Users\Marlowe\Desktop\ProjectBible\scripts\build-strongs-from-stepbible.mjs", "JavaScript", 0, 0, 0, 0, 0, 0, 0, 0, 0, 0, 0, 0, 0, 135, 0, 0, 0, 0, 0, 0, 0, 0, 0, 0, 0, 0, 0, 0, 0, 0, 0, 0, 0, 0, 0, 0, 0, 0, 22, 33, 190
"c:\Users\Marlowe\Desktop\ProjectBible\scripts\build-strongs-hebrew-pack.mjs", "JavaScript", 0, 0, 0, 0, 0, 0, 0, 0, 0, 0, 0, 0, 0, 148, 0, 0, 0, 0, 0, 0, 0, 0, 0, 0, 0, 0, 0, 0, 0, 0, 0, 0, 0, 0, 0, 0, 0, 0, 24, 35, 207
"c:\Users\Marlowe\Desktop\ProjectBible\scripts\build-strongs-pack.mjs", "JavaScript", 0, 0, 0, 0, 0, 0, 0, 0, 0, 0, 0, 0, 0, 148, 0, 0, 0, 0, 0, 0, 0, 0, 0, 0, 0, 0, 0, 0, 0, 0, 0, 0, 0, 0, 0, 0, 0, 0, 25, 35, 208
"c:\Users\Marlowe\Desktop\ProjectBible\scripts\build-study-tools-pack.mjs", "JavaScript", 0, 0, 0, 0, 0, 0, 0, 0, 0, 0, 0, 0, 0, 274, 0, 0, 0, 0, 0, 0, 0, 0, 0, 0, 0, 0, 0, 0, 0, 0, 0, 0, 0, 0, 0, 0, 0, 0, 19, 45, 338
"c:\Users\Marlowe\Desktop\ProjectBible\scripts\build-translations-pack.mjs", "JavaScript", 0, 0, 0, 0, 0, 0, 0, 0, 0, 0, 0, 0, 0, 107, 0, 0, 0, 0, 0, 0, 0, 0, 0, 0, 0, 0, 0, 0, 0, 0, 0, 0, 0, 0, 0, 0, 0, 0, 16, 26, 149
"c:\Users\Marlowe\Desktop\ProjectBible\scripts\build-tsk-cross-references-pack.mjs", "JavaScript", 0, 0, 0, 0, 0, 0, 0, 0, 0, 0, 0, 0, 0, 234, 0, 0, 0, 0, 0, 0, 0, 0, 0, 0, 0, 0, 0, 0, 0, 0, 0, 0, 0, 0, 0, 0, 0, 0, 56, 55, 345
"c:\Users\Marlowe\Desktop\ProjectBible\scripts\build-tsk-references-pack.mjs", "JavaScript", 0, 0, 0, 0, 0, 0, 0, 0, 0, 0, 0, 0, 0, 82, 0, 0, 0, 0, 0, 0, 0, 0, 0, 0, 0, 0, 0, 0, 0, 0, 0, 0, 0, 0, 0, 0, 0, 0, 18, 20, 120
"c:\Users\Marlowe\Desktop\ProjectBible\scripts\build-web-pack.mjs", "JavaScript", 0, 0, 0, 0, 0, 0, 0, 0, 0, 0, 0, 0, 0, 46, 0, 0, 0, 0, 0, 0, 0, 0, 0, 0, 0, 0, 0, 0, 0, 0, 0, 0, 0, 0, 0, 0, 0, 0, 12, 18, 76
"c:\Users\Marlowe\Desktop\ProjectBible\scripts\check-audio.mjs", "JavaScript", 0, 0, 0, 0, 0, 0, 0, 0, 0, 0, 0, 0, 0, 11, 0, 0, 0, 0, 0, 0, 0, 0, 0, 0, 0, 0, 0, 0, 0, 0, 0, 0, 0, 0, 0, 0, 0, 0, 0, 7, 18
"c:\Users\Marlowe\Desktop\ProjectBible\scripts\check-json-placetypes.py", "Python", 0, 0, 0, 0, 0, 0, 0, 22, 0, 0, 0, 0, 0, 0, 0, 0, 0, 0, 0, 0, 0, 0, 0, 0, 0, 0, 0, 0, 0, 0, 0, 0, 0, 0, 0, 0, 0, 0, 3, 8, 33
"c:\Users\Marlowe\Desktop\ProjectBible\scripts\check-lxx-symbols.py", "Python", 0, 0, 0, 0, 0, 0, 0, 12, 0, 0, 0, 0, 0, 0, 0, 0, 0, 0, 0, 0, 0, 0, 0, 0, 0, 0, 0, 0, 0, 0, 0, 0, 0, 0, 0, 0, 0, 0, 1, 5, 18
"c:\Users\Marlowe\Desktop\ProjectBible\scripts\check-missing-verses.mjs", "JavaScript", 0, 0, 0, 0, 0, 0, 0, 0, 0, 0, 0, 0, 0, 46, 0, 0, 0, 0, 0, 0, 0, 0, 0, 0, 0, 0, 0, 0, 0, 0, 0, 0, 0, 0, 0, 0, 0, 0, 4, 13, 63
"c:\Users\Marlowe\Desktop\ProjectBible\scripts\check-pack-data.js", "JavaScript", 0, 0, 0, 0, 0, 0, 0, 0, 0, 0, 0, 0, 0, 12, 0, 0, 0, 0, 0, 0, 0, 0, 0, 0, 0, 0, 0, 0, 0, 0, 0, 0, 0, 0, 0, 0, 0, 0, 3, 6, 21
"c:\Users\Marlowe\Desktop\ProjectBible\scripts\check-pleiades-schema.py", "Python", 0, 0, 0, 0, 0, 0, 0, 17, 0, 0, 0, 0, 0, 0, 0, 0, 0, 0, 0, 0, 0, 0, 0, 0, 0, 0, 0, 0, 0, 0, 0, 0, 0, 0, 0, 0, 0, 0, 2, 6, 25
"c:\Users\Marlowe\Desktop\ProjectBible\scripts\check-pleiades-types-fixed.py", "Python", 0, 0, 0, 0, 0, 0, 0, 31, 0, 0, 0, 0, 0, 0, 0, 0, 0, 0, 0, 0, 0, 0, 0, 0, 0, 0, 0, 0, 0, 0, 0, 0, 0, 0, 0, 0, 0, 0, 12, 8, 51
"c:\Users\Marlowe\Desktop\ProjectBible\scripts\check-pleiades-types.py", "Python", 0, 0, 0, 0, 0, 0, 0, 45, 0, 0, 0, 0, 0, 0, 0, 0, 0, 0, 0, 0, 0, 0, 0, 0, 0, 0, 0, 0, 0, 0, 0, 0, 0, 0, 0, 0, 0, 0, 20, 7, 72
"c:\Users\Marlowe\Desktop\ProjectBible\scripts\check-schema.mjs", "JavaScript", 0, 0, 0, 0, 0, 0, 0, 0, 0, 0, 0, 0, 0, 15, 0, 0, 0, 0, 0, 0, 0, 0, 0, 0, 0, 0, 0, 0, 0, 0, 0, 0, 0, 0, 0, 0, 0, 0, 0, 5, 20
"c:\Users\Marlowe\Desktop\ProjectBible\scripts\clean-osis-files.ps1", "PowerShell", 0, 0, 0, 0, 0, 0, 0, 0, 0, 14, 0, 0, 0, 0, 0, 0, 0, 0, 0, 0, 0, 0, 0, 0, 0, 0, 0, 0, 0, 0, 0, 0, 0, 0, 0, 0, 0, 0, 5, 10, 29
"c:\Users\Marlowe\Desktop\ProjectBible\scripts\convert-16-modules.mjs", "JavaScript", 0, 0, 0, 0, 0, 0, 0, 0, 0, 0, 0, 0, 0, 79, 0, 0, 0, 0, 0, 0, 0, 0, 0, 0, 0, 0, 0, 0, 0, 0, 0, 0, 0, 0, 0, 0, 0, 0, 8, 15, 102
"c:\Users\Marlowe\Desktop\ProjectBible\scripts\convert-failed-modules.sh", "Shell Script", 0, 0, 0, 0, 0, 0, 0, 0, 0, 0, 0, 0, 0, 0, 0, 0, 0, 33, 0, 0, 0, 0, 0, 0, 0, 0, 0, 0, 0, 0, 0, 0, 0, 0, 0, 0, 0, 0, 5, 13, 51
"c:\Users\Marlowe\Desktop\ProjectBible\scripts\convert-modules.sh", "Shell Script", 0, 0, 0, 0, 0, 0, 0, 0, 0, 0, 0, 0, 0, 0, 0, 0, 0, 47, 0, 0, 0, 0, 0, 0, 0, 0, 0, 0, 0, 0, 0, 0, 0, 0, 0, 0, 0, 0, 6, 11, 64
"c:\Users\Marlowe\Desktop\ProjectBible\scripts\convert-sword-modules.mjs", "JavaScript", 0, 0, 0, 0, 0, 0, 0, 0, 0, 0, 0, 0, 0, 136, 0, 0, 0, 0, 0, 0, 0, 0, 0, 0, 0, 0, 0, 0, 0, 0, 0, 0, 0, 0, 0, 0, 0, 0, 19, 27, 182
"c:\Users\Marlowe\Desktop\ProjectBible\scripts\convert-sword-to-osis.mjs", "JavaScript", 0, 0, 0, 0, 0, 0, 0, 0, 0, 0, 0, 0, 0, 182, 0, 0, 0, 0, 0, 0, 0, 0, 0, 0, 0, 0, 0, 0, 0, 0, 0, 0, 0, 0, 0, 0, 0, 0, 18, 26, 226
"c:\Users\Marlowe\Desktop\ProjectBible\scripts\convert-sword-to-osis.py", "Python", 0, 0, 0, 0, 0, 0, 0, 130, 0, 0, 0, 0, 0, 0, 0, 0, 0, 0, 0, 0, 0, 0, 0, 0, 0, 0, 0, 0, 0, 0, 0, 0, 0, 0, 0, 0, 0, 0, 25, 43, 198
"c:\Users\Marlowe\Desktop\ProjectBible\scripts\convert-to-imp.sh", "Shell Script", 0, 0, 0, 0, 0, 0, 0, 0, 0, 0, 0, 0, 0, 0, 0, 0, 0, 35, 0, 0, 0, 0, 0, 0, 0, 0, 0, 0, 0, 0, 0, 0, 0, 0, 0, 0, 0, 0, 4, 13, 52
"c:\Users\Marlowe\Desktop\ProjectBible\scripts\convert-with-diatheke.sh", "Shell Script", 0, 0, 0, 0, 0, 0, 0, 0, 0, 0, 0, 0, 0, 0, 0, 0, 0, 58, 0, 0, 0, 0, 0, 0, 0, 0, 0, 0, 0, 0, 0, 0, 0, 0, 0, 0, 0, 0, 7, 18, 83
"c:\Users\Marlowe\Desktop\ProjectBible\scripts\create-release-and-upload.ps1", "PowerShell", 0, 0, 0, 0, 0, 0, 0, 0, 0, 97, 0, 0, 0, 0, 0, 0, 0, 0, 0, 0, 0, 0, 0, 0, 0, 0, 0, 0, 0, 0, 0, 0, 0, 0, 0, 0, 0, 0, 5, 23, 125
"c:\Users\Marlowe\Desktop\ProjectBible\scripts\debug-mhc-block.py", "Python", 0, 0, 0, 0, 0, 0, 0, 19, 0, 0, 0, 0, 0, 0, 0, 0, 0, 0, 0, 0, 0, 0, 0, 0, 0, 0, 0, 0, 0, 0, 0, 0, 0, 0, 0, 0, 0, 0, 5, 6, 30
"c:\Users\Marlowe\Desktop\ProjectBible\scripts\debug-mhc-block2.py", "Python", 0, 0, 0, 0, 0, 0, 0, 26, 0, 0, 0, 0, 0, 0, 0, 0, 0, 0, 0, 0, 0, 0, 0, 0, 0, 0, 0, 0, 0, 0, 0, 0, 0, 0, 0, 0, 0, 0, 5, 7, 38
"c:\Users\Marlowe\Desktop\ProjectBible\scripts\debug-mhc-bzv.py", "Python", 0, 0, 0, 0, 0, 0, 0, 44, 0, 0, 0, 0, 0, 0, 0, 0, 0, 0, 0, 0, 0, 0, 0, 0, 0, 0, 0, 0, 0, 0, 0, 0, 0, 0, 0, 0, 0, 0, 11, 11, 66
"c:\Users\Marlowe\Desktop\ProjectBible\scripts\debug-pack.mjs", "JavaScript", 0, 0, 0, 0, 0, 0, 0, 0, 0, 0, 0, 0, 0, 14, 0, 0, 0, 0, 0, 0, 0, 0, 0, 0, 0, 0, 0, 0, 0, 0, 0, 0, 0, 0, 0, 0, 0, 0, 0, 5, 19
"c:\Users\Marlowe\Desktop\ProjectBible\scripts\dictionary-parsers\README.md", "Markdown", 116, 0, 0, 0, 0, 0, 0, 0, 0, 0, 0, 0, 0, 0, 0, 0, 0, 0, 0, 0, 0, 0, 0, 0, 0, 0, 0, 0, 0, 0, 0, 0, 0, 0, 0, 0, 0, 0, 0, 51, 167
"c:\Users\Marlowe\Desktop\ProjectBible\scripts\dictionary-parsers\STATUS.md", "Markdown", 97, 0, 0, 0, 0, 0, 0, 0, 0, 0, 0, 0, 0, 0, 0, 0, 0, 0, 0, 0, 0, 0, 0, 0, 0, 0, 0, 0, 0, 0, 0, 0, 0, 0, 0, 0, 0, 0, 0, 41, 138
"c:\Users\Marlowe\Desktop\ProjectBible\scripts\dictionary-parsers\all-wiktionary-tags.json", "JSON", 0, 0, 99054, 0, 0, 0, 0, 0, 0, 0, 0, 0, 0, 0, 0, 0, 0, 0, 0, 0, 0, 0, 0, 0, 0, 0, 0, 0, 0, 0, 0, 0, 0, 0, 0, 0, 0, 0, 0, 0, 99054
"c:\Users\Marlowe\Desktop\ProjectBible\scripts\dictionary-parsers\analyze-wiktionary-slice.mjs", "JavaScript", 0, 0, 0, 0, 0, 0, 0, 0, 0, 0, 0, 0, 0, 187, 0, 0, 0, 0, 0, 0, 0, 0, 0, 0, 0, 0, 0, 0, 0, 0, 0, 0, 0, 0, 0, 0, 0, 0, 2, 39, 228
"c:\Users\Marlowe\Desktop\ProjectBible\scripts\dictionary-parsers\blocked-tags.json", "JSON", 0, 0, 120, 0, 0, 0, 0, 0, 0, 0, 0, 0, 0, 0, 0, 0, 0, 0, 0, 0, 0, 0, 0, 0, 0, 0, 0, 0, 0, 0, 0, 0, 0, 0, 0, 0, 0, 0, 0, 1, 121
"c:\Users\Marlowe\Desktop\ProjectBible\scripts\dictionary-parsers\build-pack.mjs", "JavaScript", 0, 0, 0, 0, 0, 0, 0, 0, 0, 0, 0, 0, 0, 355, 0, 0, 0, 0, 0, 0, 0, 0, 0, 0, 0, 0, 0, 0, 0, 0, 0, 0, 0, 0, 0, 0, 0, 0, 33, 70, 458
"c:\Users\Marlowe\Desktop\ProjectBible\scripts\dictionary-parsers\clean-wiktionary.mjs", "JavaScript", 0, 0, 0, 0, 0, 0, 0, 0, 0, 0, 0, 0, 0, 58, 0, 0, 0, 0, 0, 0, 0, 0, 0, 0, 0, 0, 0, 0, 0, 0, 0, 0, 0, 0, 0, 0, 0, 0, 12, 20, 90
"c:\Users\Marlowe\Desktop\ProjectBible\scripts\dictionary-parsers\debug-wiktionary.mjs", "JavaScript", 0, 0, 0, 0, 0, 0, 0, 0, 0, 0, 0, 0, 0, 63, 0, 0, 0, 0, 0, 0, 0, 0, 0, 0, 0, 0, 0, 0, 0, 0, 0, 0, 0, 0, 0, 0, 0, 0, 1, 13, 77
"c:\Users\Marlowe\Desktop\ProjectBible\scripts\dictionary-parsers\decompress-wiktionary.mjs", "JavaScript", 0, 0, 0, 0, 0, 0, 0, 0, 0, 0, 0, 0, 0, 50, 0, 0, 0, 0, 0, 0, 0, 0, 0, 0, 0, 0, 0, 0, 0, 0, 0, 0, 0, 0, 0, 0, 0, 0, 6, 17, 73
"c:\Users\Marlowe\Desktop\ProjectBible\scripts\dictionary-parsers\download-sources.mjs", "JavaScript", 0, 0, 0, 0, 0, 0, 0, 0, 0, 0, 0, 0, 0, 166, 0, 0, 0, 0, 0, 0, 0, 0, 0, 0, 0, 0, 0, 0, 0, 0, 0, 0, 0, 0, 0, 0, 0, 0, 30, 39, 235
"c:\Users\Marlowe\Desktop\ProjectBible\scripts\dictionary-parsers\extract-gcide.mjs", "JavaScript", 0, 0, 0, 0, 0, 0, 0, 0, 0, 0, 0, 0, 0, 49, 0, 0, 0, 0, 0, 0, 0, 0, 0, 0, 0, 0, 0, 0, 0, 0, 0, 0, 0, 0, 0, 0, 0, 0, 8, 18, 75
"c:\Users\Marlowe\Desktop\ProjectBible\scripts\dictionary-parsers\extract-wiktionary-slice.mjs", "JavaScript", 0, 0, 0, 0, 0, 0, 0, 0, 0, 0, 0, 0, 0, 85, 0, 0, 0, 0, 0, 0, 0, 0, 0, 0, 0, 0, 0, 0, 0, 0, 0, 0, 0, 0, 0, 0, 0, 0, 2, 17, 104
"c:\Users\Marlowe\Desktop\ProjectBible\scripts\dictionary-parsers\extract-wiktionary-tags.mjs", "JavaScript", 0, 0, 0, 0, 0, 0, 0, 0, 0, 0, 0, 0, 0, 138, 0, 0, 0, 0, 0, 0, 0, 0, 0, 0, 0, 0, 0, 0, 0, 0, 0, 0, 0, 0, 0, 0, 0, 0, 35, 34, 207
"c:\Users\Marlowe\Desktop\ProjectBible\scripts\dictionary-parsers\filter-questionable-tags.mjs", "JavaScript", 0, 0, 0, 0, 0, 0, 0, 0, 0, 0, 0, 0, 0, 197, 0, 0, 0, 0, 0, 0, 0, 0, 0, 0, 0, 0, 0, 0, 0, 0, 0, 0, 0, 0, 0, 0, 0, 0, 27, 33, 257
"c:\Users\Marlowe\Desktop\ProjectBible\scripts\dictionary-parsers\git-commit.sh", "Shell Script", 0, 0, 0, 0, 0, 0, 0, 0, 0, 0, 0, 0, 0, 0, 0, 0, 0, 23, 0, 0, 0, 0, 0, 0, 0, 0, 0, 0, 0, 0, 0, 0, 0, 0, 0, 0, 0, 0, 2, 8, 33
"c:\Users\Marlowe\Desktop\ProjectBible\scripts\dictionary-parsers\harvest-all.sh", "Shell Script", 0, 0, 0, 0, 0, 0, 0, 0, 0, 0, 0, 0, 0, 0, 0, 0, 0, 61, 0, 0, 0, 0, 0, 0, 0, 0, 0, 0, 0, 0, 0, 0, 0, 0, 0, 0, 0, 0, 10, 12, 83
"c:\Users\Marlowe\Desktop\ProjectBible\scripts\dictionary-parsers\helpers\normalize.js", "JavaScript", 0, 0, 0, 0, 0, 0, 0, 0, 0, 0, 0, 0, 0, 36, 0, 0, 0, 0, 0, 0, 0, 0, 0, 0, 0, 0, 0, 0, 0, 0, 0, 0, 0, 0, 0, 0, 0, 0, 3, 7, 46
"c:\Users\Marlowe\Desktop\ProjectBible\scripts\dictionary-parsers\helpers\output.js", "JavaScript", 0, 0, 0, 0, 0, 0, 0, 0, 0, 0, 0, 0, 0, 29, 0, 0, 0, 0, 0, 0, 0, 0, 0, 0, 0, 0, 0, 0, 0, 0, 0, 0, 0, 0, 0, 0, 0, 0, 1, 8, 38
"c:\Users\Marlowe\Desktop\ProjectBible\scripts\dictionary-parsers\parse-gcide-simple.mjs", "JavaScript", 0, 0, 0, 0, 0, 0, 0, 0, 0, 0, 0, 0, 0, 73, 0, 0, 0, 0, 0, 0, 0, 0, 0, 0, 0, 0, 0, 0, 0, 0, 0, 0, 0, 0, 0, 0, 0, 0, 11, 21, 105
"c:\Users\Marlowe\Desktop\ProjectBible\scripts\dictionary-parsers\parse-gcide.mjs", "JavaScript", 0, 0, 0, 0, 0, 0, 0, 0, 0, 0, 0, 0, 0, 124, 0, 0, 0, 0, 0, 0, 0, 0, 0, 0, 0, 0, 0, 0, 0, 0, 0, 0, 0, 0, 0, 0, 0, 0, 9, 24, 157
"c:\Users\Marlowe\Desktop\ProjectBible\scripts\dictionary-parsers\parse-wiktionary.mjs", "JavaScript", 0, 0, 0, 0, 0, 0, 0, 0, 0, 0, 0, 0, 0, 219, 0, 0, 0, 0, 0, 0, 0, 0, 0, 0, 0, 0, 0, 0, 0, 0, 0, 0, 0, 0, 0, 0, 0, 0, 24, 52, 295
"c:\Users\Marlowe\Desktop\ProjectBible\scripts\dictionary-parsers\questionable-tags.json", "JSON", 0, 0, 49615, 0, 0, 0, 0, 0, 0, 0, 0, 0, 0, 0, 0, 0, 0, 0, 0, 0, 0, 0, 0, 0, 0, 0, 0, 0, 0, 0, 0, 0, 0, 0, 0, 0, 0, 0, 0, 0, 49615
"c:\Users\Marlowe\Desktop\ProjectBible\scripts\dictionary-parsers\seed-english-words.mjs", "JavaScript", 0, 0, 0, 0, 0, 0, 0, 0, 0, 0, 0, 0, 0, 112, 0, 0, 0, 0, 0, 0, 0, 0, 0, 0, 0, 0, 0, 0, 0, 0, 0, 0, 0, 0, 0, 0, 0, 0, 23, 37, 172
"c:\Users\Marlowe\Desktop\ProjectBible\scripts\dictionary-parsers\temp-test\sample-gcide.xml", "XML", 0, 0, 0, 0, 0, 0, 0, 0, 0, 0, 0, 0, 0, 0, 9, 0, 0, 0, 0, 0, 0, 0, 0, 0, 0, 0, 0, 0, 0, 0, 0, 0, 0, 0, 0, 0, 0, 0, 0, 0, 9
"c:\Users\Marlowe\Desktop\ProjectBible\scripts\dictionary-parsers\temp-test\sample-wiktionary.xml", "XML", 0, 0, 0, 0, 0, 0, 0, 0, 0, 0, 0, 0, 0, 0, 17, 0, 0, 0, 0, 0, 0, 0, 0, 0, 0, 0, 0, 0, 0, 0, 0, 0, 0, 0, 0, 0, 0, 0, 0, 3, 20
"c:\Users\Marlowe\Desktop\ProjectBible\scripts\dictionary-parsers\validate.mjs", "JavaScript", 0, 0, 0, 0, 0, 0, 0, 0, 0, 0, 0, 0, 0, 135, 0, 0, 0, 0, 0, 0, 0, 0, 0, 0, 0, 0, 0, 0, 0, 0, 0, 0, 0, 0, 0, 0, 0, 0, 11, 30, 176
"c:\Users\Marlowe\Desktop\ProjectBible\scripts\download-commentaries-ftp.py", "Python", 0, 0, 0, 0, 0, 0, 0, 69, 0, 0, 0, 0, 0, 0, 0, 0, 0, 0, 0, 0, 0, 0, 0, 0, 0, 0, 0, 0, 0, 0, 0, 0, 0, 0, 0, 0, 0, 0, 17, 23, 109
"c:\Users\Marlowe\Desktop\ProjectBible\scripts\download-commentaries.py", "Python", 0, 0, 0, 0, 0, 0, 0, 68, 0, 0, 0, 0, 0, 0, 0, 0, 0, 0, 0, 0, 0, 0, 0, 0, 0, 0, 0, 0, 0, 0, 0, 0, 0, 0, 0, 0, 0, 0, 15, 20, 103
"c:\Users\Marlowe\Desktop\ProjectBible\scripts\download-crosswire-commentaries.ps1", "PowerShell", 0, 0, 0, 0, 0, 0, 0, 0, 0, 114, 0, 0, 0, 0, 0, 0, 0, 0, 0, 0, 0, 0, 0, 0, 0, 0, 0, 0, 0, 0, 0, 0, 0, 0, 0, 0, 0, 0, 11, 25, 150
"c:\Users\Marlowe\Desktop\ProjectBible\scripts\download-failed-commentaries.ps1", "PowerShell", 0, 0, 0, 0, 0, 0, 0, 0, 0, 24, 0, 0, 0, 0, 0, 0, 0, 0, 0, 0, 0, 0, 0, 0, 0, 0, 0, 0, 0, 0, 0, 0, 0, 0, 0, 0, 0, 0, 2, 8, 34
"c:\Users\Marlowe\Desktop\ProjectBible\scripts\download-lxx.mjs", "JavaScript", 0, 0, 0, 0, 0, 0, 0, 0, 0, 0, 0, 0, 0, 241, 0, 0, 0, 0, 0, 0, 0, 0, 0, 0, 0, 0, 0, 0, 0, 0, 0, 0, 0, 0, 0, 0, 0, 0, 42, 47, 330
"c:\Users\Marlowe\Desktop\ProjectBible\scripts\download-lxx2012.mjs", "JavaScript", 0, 0, 0, 0, 0, 0, 0, 0, 0, 0, 0, 0, 0, 81, 0, 0, 0, 0, 0, 0, 0, 0, 0, 0, 0, 0, 0, 0, 0, 0, 0, 0, 0, 0, 0, 0, 0, 0, 20, 21, 122
"c:\Users\Marlowe\Desktop\ProjectBible\scripts\download-osis-commentaries.py", "Python", 0, 0, 0, 0, 0, 0, 0, 54, 0, 0, 0, 0, 0, 0, 0, 0, 0, 0, 0, 0, 0, 0, 0, 0, 0, 0, 0, 0, 0, 0, 0, 0, 0, 0, 0, 0, 0, 0, 11, 17, 82
"c:\Users\Marlowe\Desktop\ProjectBible\scripts\download-pleiades.ps1", "PowerShell", 0, 0, 0, 0, 0, 0, 0, 0, 0, 39, 0, 0, 0, 0, 0, 0, 0, 0, 0, 0, 0, 0, 0, 0, 0, 0, 0, 0, 0, 0, 0, 0, 0, 0, 0, 0, 0, 0, 4, 10, 53
"c:\Users\Marlowe\Desktop\ProjectBible\scripts\download-public-domain-commentaries.py", "Python", 0, 0, 0, 0, 0, 0, 0, 94, 0, 0, 0, 0, 0, 0, 0, 0, 0, 0, 0, 0, 0, 0, 0, 0, 0, 0, 0, 0, 0, 0, 0, 0, 0, 0, 0, 0, 0, 0, 14, 30, 138
"c:\Users\Marlowe\Desktop\ProjectBible\scripts\download-sword-commentaries.ps1", "PowerShell", 0, 0, 0, 0, 0, 0, 0, 0, 0, 70, 0, 0, 0, 0, 0, 0, 0, 0, 0, 0, 0, 0, 0, 0, 0, 0, 0, 0, 0, 0, 0, 0, 0, 0, 0, 0, 0, 0, 6, 19, 95
"c:\Users\Marlowe\Desktop\ProjectBible\scripts\ensure-bundled-packs.mjs", "JavaScript", 0, 0, 0, 0, 0, 0, 0, 0, 0, 0, 0, 0, 0, 131, 0, 0, 0, 0, 0, 0, 0, 0, 0, 0, 0, 0, 0, 0, 0, 0, 0, 0, 0, 0, 0, 0, 0, 0, 1, 31, 163
"c:\Users\Marlowe\Desktop\ProjectBible\scripts\examine-pleiades-structure.py", "Python", 0, 0, 0, 0, 0, 0, 0, 40, 0, 0, 0, 0, 0, 0, 0, 0, 0, 0, 0, 0, 0, 0, 0, 0, 0, 0, 0, 0, 0, 0, 0, 0, 0, 0, 0, 0, 0, 0, 3, 13, 56
"c:\Users\Marlowe\Desktop\ProjectBible\scripts\extract-osis-refs.mjs", "JavaScript", 0, 0, 0, 0, 0, 0, 0, 0, 0, 0, 0, 0, 0, 87, 0, 0, 0, 0, 0, 0, 0, 0, 0, 0, 0, 0, 0, 0, 0, 0, 0, 0, 0, 0, 0, 0, 0, 0, 13, 21, 121
"c:\Users\Marlowe\Desktop\ProjectBible\scripts\extract-sword-commentary.py", "Python", 0, 0, 0, 0, 0, 0, 0, 332, 0, 0, 0, 0, 0, 0, 0, 0, 0, 0, 0, 0, 0, 0, 0, 0, 0, 0, 0, 0, 0, 0, 0, 0, 0, 0, 0, 0, 0, 0, 59, 56, 447
"c:\Users\Marlowe\Desktop\ProjectBible\scripts\filter-commentary-authors.mjs", "JavaScript", 0, 0, 0, 0, 0, 0, 0, 0, 0, 0, 0, 0, 0, 42, 0, 0, 0, 0, 0, 0, 0, 0, 0, 0, 0, 0, 0, 0, 0, 0, 0, 0, 0, 0, 0, 0, 0, 0, 2, 8, 52
"c:\Users\Marlowe\Desktop\ProjectBible\scripts\fix-blank-verses.mjs", "JavaScript", 0, 0, 0, 0, 0, 0, 0, 0, 0, 0, 0, 0, 0, 44, 0, 0, 0, 0, 0, 0, 0, 0, 0, 0, 0, 0, 0, 0, 0, 0, 0, 0, 0, 0, 0, 0, 0, 0, 7, 11, 62
"c:\Users\Marlowe\Desktop\ProjectBible\scripts\fix-maps-enhanced-metadata.mjs", "JavaScript", 0, 0, 0, 0, 0, 0, 0, 0, 0, 0, 0, 0, 0, 31, 0, 0, 0, 0, 0, 0, 0, 0, 0, 0, 0, 0, 0, 0, 0, 0, 0, 0, 0, 0, 0, 0, 0, 0, 5, 14, 50
"c:\Users\Marlowe\Desktop\ProjectBible\scripts\fix-osis-xml-errors.ps1", "PowerShell", 0, 0, 0, 0, 0, 0, 0, 0, 0, 28, 0, 0, 0, 0, 0, 0, 0, 0, 0, 0, 0, 0, 0, 0, 0, 0, 0, 0, 0, 0, 0, 0, 0, 0, 0, 0, 0, 0, 9, 15, 52
"c:\Users\Marlowe\Desktop\ProjectBible\scripts\fix-pack-metadata.mjs", "JavaScript", 0, 0, 0, 0, 0, 0, 0, 0, 0, 0, 0, 0, 0, 74, 0, 0, 0, 0, 0, 0, 0, 0, 0, 0, 0, 0, 0, 0, 0, 0, 0, 0, 0, 0, 0, 0, 0, 0, 5, 14, 93
"c:\Users\Marlowe\Desktop\ProjectBible\scripts\generate-harmony-json.mjs", "JavaScript", 0, 0, 0, 0, 0, 0, 0, 0, 0, 0, 0, 0, 0, 737, 0, 0, 0, 0, 0, 0, 0, 0, 0, 0, 0, 0, 0, 0, 0, 0, 0, 0, 0, 0, 0, 0, 0, 0, 65, 51, 853
"c:\Users\Marlowe\Desktop\ProjectBible\scripts\generate-manifest.mjs", "JavaScript", 0, 0, 0, 0, 0, 0, 0, 0, 0, 0, 0, 0, 0, 152, 0, 0, 0, 0, 0, 0, 0, 0, 0, 0, 0, 0, 0, 0, 0, 0, 0, 0, 0, 0, 0, 0, 0, 0, 26, 33, 211
"c:\Users\Marlowe\Desktop\ProjectBible\scripts\generate-verse-counts.mjs", "JavaScript", 0, 0, 0, 0, 0, 0, 0, 0, 0, 0, 0, 0, 0, 41, 0, 0, 0, 0, 0, 0, 0, 0, 0, 0, 0, 0, 0, 0, 0, 0, 0, 0, 0, 0, 0, 0, 0, 0, 0, 10, 51
"c:\Users\Marlowe\Desktop\ProjectBible\scripts\link-places-to-verses.mjs", "JavaScript", 0, 0, 0, 0, 0, 0, 0, 0, 0, 0, 0, 0, 0, 237, 0, 0, 0, 0, 0, 0, 0, 0, 0, 0, 0, 0, 0, 0, 0, 0, 0, 0, 0, 0, 0, 0, 0, 0, 65, 61, 363
"c:\Users\Marlowe\Desktop\ProjectBible\scripts\map-lxx-strongs.mjs", "JavaScript", 0, 0, 0, 0, 0, 0, 0, 0, 0, 0, 0, 0, 0, 139, 0, 0, 0, 0, 0, 0, 0, 0, 0, 0, 0, 0, 0, 0, 0, 0, 0, 0, 0, 0, 0, 0, 0, 0, 27, 41, 207
"c:\Users\Marlowe\Desktop\ProjectBible\scripts\merge-commentary.mjs", "JavaScript", 0, 0, 0, 0, 0, 0, 0, 0, 0, 0, 0, 0, 0, 26, 0, 0, 0, 0, 0, 0, 0, 0, 0, 0, 0, 0, 0, 0, 0, 0, 0, 0, 0, 0, 0, 0, 0, 0, 2, 7, 35
"c:\Users\Marlowe\Desktop\ProjectBible\scripts\packtools.ps1", "PowerShell", 0, 0, 0, 0, 0, 0, 0, 0, 0, 9, 0, 0, 0, 0, 0, 0, 0, 0, 0, 0, 0, 0, 0, 0, 0, 0, 0, 0, 0, 0, 0, 0, 0, 0, 0, 0, 0, 0, 2, 3, 14
"c:\Users\Marlowe\Desktop\ProjectBible\scripts\parse-commentary-sources.mjs", "JavaScript", 0, 0, 0, 0, 0, 0, 0, 0, 0, 0, 0, 0, 0, 406, 0, 0, 0, 0, 0, 0, 0, 0, 0, 0, 0, 0, 0, 0, 0, 0, 0, 0, 0, 0, 0, 0, 0, 0, 96, 59, 561
"c:\Users\Marlowe\Desktop\ProjectBible\scripts\parse-imp-commentaries.mjs", "JavaScript", 0, 0, 0, 0, 0, 0, 0, 0, 0, 0, 0, 0, 0, 149, 0, 0, 0, 0, 0, 0, 0, 0, 0, 0, 0, 0, 0, 0, 0, 0, 0, 0, 0, 0, 0, 0, 0, 0, 24, 29, 202
"c:\Users\Marlowe\Desktop\ProjectBible\scripts\parse-tsk-osis.mjs", "JavaScript", 0, 0, 0, 0, 0, 0, 0, 0, 0, 0, 0, 0, 0, 336, 0, 0, 0, 0, 0, 0, 0, 0, 0, 0, 0, 0, 0, 0, 0, 0, 0, 0, 0, 0, 0, 0, 0, 0, 70, 41, 447
"c:\Users\Marlowe\Desktop\ProjectBible\scripts\parsers\parse-gcide.mjs", "JavaScript", 0, 0, 0, 0, 0, 0, 0, 0, 0, 0, 0, 0, 0, 44, 0, 0, 0, 0, 0, 0, 0, 0, 0, 0, 0, 0, 0, 0, 0, 0, 0, 0, 0, 0, 0, 0, 0, 0, 22, 13, 79
"c:\Users\Marlowe\Desktop\ProjectBible\scripts\parsers\parse-wiktionary.mjs", "JavaScript", 0, 0, 0, 0, 0, 0, 0, 0, 0, 0, 0, 0, 0, 44, 0, 0, 0, 0, 0, 0, 0, 0, 0, 0, 0, 0, 0, 0, 0, 0, 0, 0, 0, 0, 0, 0, 0, 0, 24, 13, 81
"c:\Users\Marlowe\Desktop\ProjectBible\scripts\preview-verse-links.mjs", "JavaScript", 0, 0, 0, 0, 0, 0, 0, 0, 0, 0, 0, 0, 0, 18, 0, 0, 0, 0, 0, 0, 0, 0, 0, 0, 0, 0, 0, 0, 0, 0, 0, 0, 0, 0, 0, 0, 0, 0, 0, 8, 26
"c:\Users\Marlowe\Desktop\ProjectBible\scripts\process-awmc-geodata.mjs", "JavaScript", 0, 0, 0, 0, 0, 0, 0, 0, 0, 0, 0, 0, 0, 123, 0, 0, 0, 0, 0, 0, 0, 0, 0, 0, 0, 0, 0, 0, 0, 0, 0, 0, 0, 0, 0, 0, 0, 0, 29, 28, 180
"c:\Users\Marlowe\Desktop\ProjectBible\scripts\process-pleiades-data.mjs", "JavaScript", 0, 0, 0, 0, 0, 0, 0, 0, 0, 0, 0, 0, 0, 249, 0, 0, 0, 0, 0, 0, 0, 0, 0, 0, 0, 0, 0, 0, 0, 0, 0, 0, 0, 0, 0, 0, 0, 0, 60, 48, 357
"c:\Users\Marlowe\Desktop\ProjectBible\scripts\publish-packs-release.mjs", "JavaScript", 0, 0, 0, 0, 0, 0, 0, 0, 0, 0, 0, 0, 0, 214, 0, 0, 0, 0, 0, 0, 0, 0, 0, 0, 0, 0, 0, 0, 0, 0, 0, 0, 0, 0, 0, 0, 0, 0, 37, 35, 286
"c:\Users\Marlowe\Desktop\ProjectBible\scripts\quick-verify.mjs", "JavaScript", 0, 0, 0, 0, 0, 0, 0, 0, 0, 0, 0, 0, 0, 24, 0, 0, 0, 0, 0, 0, 0, 0, 0, 0, 0, 0, 0, 0, 0, 0, 0, 0, 0, 0, 0, 0, 0, 0, 0, 6, 30
"c:\Users\Marlowe\Desktop\ProjectBible\scripts\search-hermon.py", "Python", 0, 0, 0, 0, 0, 0, 0, 36, 0, 0, 0, 0, 0, 0, 0, 0, 0, 0, 0, 0, 0, 0, 0, 0, 0, 0, 0, 0, 0, 0, 0, 0, 0, 0, 0, 0, 0, 0, 3, 6, 45
"c:\Users\Marlowe\Desktop\ProjectBible\scripts\search-sinai-details.py", "Python", 0, 0, 0, 0, 0, 0, 0, 50, 0, 0, 0, 0, 0, 0, 0, 0, 0, 0, 0, 0, 0, 0, 0, 0, 0, 0, 0, 0, 0, 0, 0, 0, 0, 0, 0, 0, 0, 0, 3, 6, 59
"c:\Users\Marlowe\Desktop\ProjectBible\scripts\seed-english-words.mjs", "JavaScript", 0, 0, 0, 0, 0, 0, 0, 0, 0, 0, 0, 0, 0, 42, 0, 0, 0, 0, 0, 0, 0, 0, 0, 0, 0, 0, 0, 0, 0, 0, 0, 0, 0, 0, 0, 0, 0, 0, 21, 19, 82
"c:\Users\Marlowe\Desktop\ProjectBible\scripts\test-cross-references.mjs", "JavaScript", 0, 0, 0, 0, 0, 0, 0, 0, 0, 0, 0, 0, 0, 48, 0, 0, 0, 0, 0, 0, 0, 0, 0, 0, 0, 0, 0, 0, 0, 0, 0, 0, 0, 0, 0, 0, 0, 0, 9, 16, 73
"c:\Users\Marlowe\Desktop\ProjectBible\scripts\test-english-packs.mjs", "JavaScript", 0, 0, 0, 0, 0, 0, 0, 0, 0, 0, 0, 0, 0, 121, 0, 0, 0, 0, 0, 0, 0, 0, 0, 0, 0, 0, 0, 0, 0, 0, 0, 0, 0, 0, 0, 0, 0, 0, 23, 33, 177
"c:\Users\Marlowe\Desktop\ProjectBible\scripts\test-pack-read.mjs", "JavaScript", 0, 0, 0, 0, 0, 0, 0, 0, 0, 0, 0, 0, 0, 85, 0, 0, 0, 0, 0, 0, 0, 0, 0, 0, 0, 0, 0, 0, 0, 0, 0, 0, 0, 0, 0, 0, 0, 0, 10, 25, 120
"c:\Users\Marlowe\Desktop\ProjectBible\scripts\update-kjv-blanks.mjs", "JavaScript", 0, 0, 0, 0, 0, 0, 0, 0, 0, 0, 0, 0, 0, 26, 0, 0, 0, 0, 0, 0, 0, 0, 0, 0, 0, 0, 0, 0, 0, 0, 0, 0, 0, 0, 0, 0, 0, 0, 2, 11, 39
"c:\Users\Marlowe\Desktop\ProjectBible\scripts\update-manifest.ps1", "PowerShell", 0, 0, 0, 0, 0, 0, 0, 0, 0, 37, 0, 0, 0, 0, 0, 0, 0, 0, 0, 0, 0, 0, 0, 0, 0, 0, 0, 0, 0, 0, 0, 0, 0, 0, 0, 0, 0, 0, 5, 11, 53
"c:\Users\Marlowe\Desktop\ProjectBible\scripts\upload-manifest.ps1", "PowerShell", 0, 0, 0, 0, 0, 0, 0, 0, 0, 61, 0, 0, 0, 0, 0, 0, 0, 0, 0, 0, 0, 0, 0, 0, 0, 0, 0, 0, 0, 0, 0, 0, 0, 0, 0, 0, 0, 0, 7, 19, 87
"c:\Users\Marlowe\Desktop\ProjectBible\scripts\upload-packs-to-release.ps1", "PowerShell", 0, 0, 0, 0, 0, 0, 0, 0, 0, 29, 0, 0, 0, 0, 0, 0, 0, 0, 0, 0, 0, 0, 0, 0, 0, 0, 0, 0, 0, 0, 0, 0, 0, 0, 0, 0, 0, 0, 4, 9, 42
"c:\Users\Marlowe\Desktop\ProjectBible\scripts\validate-verse-counts.ps1", "PowerShell", 0, 0, 0, 0, 0, 0, 0, 0, 0, 73, 0, 0, 0, 0, 0, 0, 0, 0, 0, 0, 0, 0, 0, 0, 0, 0, 0, 0, 0, 0, 0, 0, 0, 0, 0, 0, 0, 0, 6, 14, 93
"c:\Users\Marlowe\Desktop\ProjectBible\scripts\verify-chronological-order.mjs", "JavaScript", 0, 0, 0, 0, 0, 0, 0, 0, 0, 0, 0, 0, 0, 35, 0, 0, 0, 0, 0, 0, 0, 0, 0, 0, 0, 0, 0, 0, 0, 0, 0, 0, 0, 0, 0, 0, 0, 0, 0, 8, 43
"c:\Users\Marlowe\Desktop\ProjectBible\scripts\verify-pack-integrity.mjs", "JavaScript", 0, 0, 0, 0, 0, 0, 0, 0, 0, 0, 0, 0, 0, 70, 0, 0, 0, 0, 0, 0, 0, 0, 0, 0, 0, 0, 0, 0, 0, 0, 0, 0, 0, 0, 0, 0, 0, 0, 12, 26, 108
"c:\Users\Marlowe\Desktop\ProjectBible\scripts\verify-pack-schemas.mjs", "JavaScript", 0, 0, 0, 0, 0, 0, 0, 0, 0, 0, 0, 0, 0, 177, 0, 0, 0, 0, 0, 0, 0, 0, 0, 0, 0, 0, 0, 0, 0, 0, 0, 0, 0, 0, 0, 0, 0, 0, 17, 20, 214
"c:\Users\Marlowe\Desktop\ProjectBible\scripts\verify-pack.mjs", "JavaScript", 0, 0, 0, 0, 0, 0, 0, 0, 0, 0, 0, 0, 0, 33, 0, 0, 0, 0, 0, 0, 0, 0, 0, 0, 0, 0, 0, 0, 0, 0, 0, 0, 0, 0, 0, 0, 0, 0, 5, 10, 48
"c:\Users\Marlowe\Desktop\ProjectBible\supabase\migrations\001_user_data_tables.sql", "MS SQL", 0, 0, 0, 164, 0, 0, 0, 0, 0, 0, 0, 0, 0, 0, 0, 0, 0, 0, 0, 0, 0, 0, 0, 0, 0, 0, 0, 0, 0, 0, 0, 0, 0, 0, 0, 0, 0, 0, 23, 32, 219
"c:\Users\Marlowe\Desktop\ProjectBible\supabase\migrations\002_highlight_style.sql", "MS SQL", 0, 0, 0, 28, 0, 0, 0, 0, 0, 0, 0, 0, 0, 0, 0, 0, 0, 0, 0, 0, 0, 0, 0, 0, 0, 0, 0, 0, 0, 0, 0, 0, 0, 0, 0, 0, 0, 0, 13, 8, 49
"c:\Users\Marlowe\Desktop\ProjectBible\supabase\migrations\002_powersync_publication.sql", "MS SQL", 0, 0, 0, 9, 0, 0, 0, 0, 0, 0, 0, 0, 0, 0, 0, 0, 0, 0, 0, 0, 0, 0, 0, 0, 0, 0, 0, 0, 0, 0, 0, 0, 0, 0, 0, 0, 0, 0, 12, 5, 26
"c:\Users\Marlowe\Desktop\ProjectBible\supabase\migrations\003_fix_id_column_types.sql", "MS SQL", 0, 0, 0, 12, 0, 0, 0, 0, 0, 0, 0, 0, 0, 0, 0, 0, 0, 0, 0, 0, 0, 0, 0, 0, 0, 0, 0, 0, 0, 0, 0, 0, 0, 0, 0, 0, 0, 0, 11, 9, 32
"c:\Users\Marlowe\Desktop\ProjectBible\temp-fix-packs.sql", "MS SQL", 0, 0, 0, 9, 0, 0, 0, 0, 0, 0, 0, 0, 0, 0, 0, 0, 0, 0, 0, 0, 0, 0, 0, 0, 0, 0, 0, 0, 0, 0, 0, 0, 0, 0, 0, 0, 0, 0, 3, 3, 15
"c:\Users\Marlowe\Desktop\ProjectBible\temp-lxx2012-info.html", "HTML", 0, 0, 0, 0, 0, 23, 0, 0, 0, 0, 0, 0, 0, 0, 0, 0, 0, 0, 0, 0, 0, 0, 0, 0, 0, 0, 0, 0, 0, 0, 0, 0, 0, 0, 0, 0, 0, 0, 0, 1, 24
"c:\Users\Marlowe\Desktop\ProjectBible\tsconfig.base.json", "JSON", 0, 0, 13, 0, 0, 0, 0, 0, 0, 0, 0, 0, 0, 0, 0, 0, 0, 0, 0, 0, 0, 0, 0, 0, 0, 0, 0, 0, 0, 0, 0, 0, 0, 0, 0, 0, 0, 0, 0, 1, 14
"c:\Users\Marlowe\Desktop\ProjectBible\vercel.json", "JSON", 0, 0, 38, 0, 0, 0, 0, 0, 0, 0, 0, 0, 0, 0, 0, 0, 0, 0, 0, 0, 0, 0, 0, 0, 0, 0, 0, 0, 0, 0, 0, 0, 0, 0, 0, 0, 0, 0, 0, 1, 39
"Total", "-", 38784, 176, 1595237, 898, 7981, 23471, 28560, 236119, 132, 950, 8092, 3205, 160, 38064, 228266, 3824, 858, 526, 141, 12076, 638, 2, 19336, 20, 197742, 29352, 2798, 16, 366, 2261, 258, 2, 454, 66, 371806, 43, 1348, 223, 124341, 89399, 3067991